URL,H1,H1 Description,Meta Title,Meta Description
https://himalayavillas.com/2-day-murree-itinerary,2-Day Murree Itinerary — The Perfect Short Trip from Islamabad,"2 day murree trip, murree 2 day itinerary, murree weekend itinerary, 2 days in murree, murree short trip plan, bhurban 2 day plan",2-Day Murree Itinerary - Book Your Bhurban Villa Stay,Planning a 2-day Murree trip? Book a private luxury villa in Bhurban with a ready itinerary covering top sights and activities. Reserve your stay today.
https://himalayavillas.com/3-day-murree-itinerary-bhurban,3-Day Murree Itinerary — Complete Plan Based from Bhurban,"murree itinerary 3 days, 3 day trip murree, murree trip plan, murree 3 day plan, things to do murree 3 days, bhurban itinerary",3-Day Murree Itinerary: Book Your Bhurban Villa Stay Today,"Book a 3-day Murree trip based in Bhurban—private luxury villa stay, curated sightseeing plan, and activities. Reserve your dates at Himalaya Villas today."
https://himalayavillas.com/48-hour-mountain-rule-bhurban,The 48-Hour Rule — What Two Days at a Mountain Estate Actually Does to You,"The research on nature exposure and human psychology has reached a specific threshold of confidence: it is no longer a hypothesis that time in natural environments benefits human wellbeing, it is a documented, replicated, mechanism-understood fact. The questions that remain interesting are about dose, duration, and the specific conditions that maximise the effect. Forty-eight hours in a sub-alpine cedar forest at 6,800 feet, away from screens, traffic, and professional obligation — this is the dose that the Bhurban private estate weekend provides.",The 48-Hour Rule — What Two Days at a Mountain Estate Actually Does to You,"48 hour mountain rule, bhurban wellbeing science, mountain retreat benefits, stress reduction mountain, bhurban 48 hour reset"
https://himalayavillas.com/5-star-hotels-in-murree,5 Star Hotels in Murree,Ultimate Luxury Hotel in Murree Pakistan,Himalaya Premium Villas | Private Luxury Estate Bhurban,"Himalaya Premium Villas is not a hotel. It is a private luxury estate in Bhurban crafted for those who demand exclusivity, privacy, and elevated experiences in the Himalayan foothills. Ultra-private villas, limited bookings, destination weddings, corporate retreats, and curated stays."
https://himalayavillas.com/5-star-hotels-murree-pakistan,5 Star Hotels in Murree Pakistan — What the Market Actually Has in 2026,One internationally recognised 5-star hotel: PC Hotel Bhurban (Marriott). Above the hotel tier: Himalaya Villas private estate.,5 Star Hotels in Murree Pakistan — What the Market Actually Has,"5 star hotels in murree pakistan, 5 star hotel in murree pakistan, 5 star hotel murree, 5 star hotels murree 2026"
https://himalayavillas.com/Why-Villas-are-the-ultimate-luxury-stays-in-Bhurban,Why Villas Are the Ultimate Luxury Stay in Bhurban & Murree,"Discover why private villas in Bhurban Murree deliver unmatched privacy, space, and exclusivity compared to hotels.",Why Villas Are the Ultimate Luxury Stay in Bhurban & Murree | Himalaya Villas & Resorts,"Discover why private villas in Bhurban Murree deliver unmatched privacy, space, and exclusivity compared to hotels."
https://himalayavillas.com/about-himalaya-villas-bhurban,About Himalaya Villas & Resorts Bhurban — The Cedar Estate,"12 exclusive-use deodar cedar villas at 6,800 feet. PKR 39,000–70,000/night. 47km from Islamabad. The only private cedar estate within 1 hour of Islamabad.",About Himalaya Villas & Resorts Bhurban — The Cedar Estate,"himalaya villas bhurban, himalaya villas resorts bhurban, himalaya villas bhurban murree, about himalaya villas"
https://himalayavillas.com/adventure-games,Thrilling Mountain Adventures,"Experience the ultimate outdoor adventures in the Himalayan foothills. From guided treks to bonfire nights, create unforgettable memories in nature's playground.",Adventure Games Murree | Mountain Activities | Himalaya Villas Bhurban,"Adventure games and mountain activities in Murree at Himalaya Villas Bhurban. Enjoy thrilling outdoor adventures, guided hikes, zip-lining, rock climbing, and nature experiences for all ages. Book your adventure today!"
https://himalayavillas.com/adventure-travel-near-islamabad-bhurban,Adventure Travel Near Islamabad — The Accessible Version,"Adventure travel conversations about Pakistan almost always gravitate to the extreme north: K2 base camp, the Karakoram, Deosai Plains, the Wakhan Corridor. These destinations are extraordinary and deserve the attention they receive. They are also not accessible to the average Islamabad resident with a free weekend and no expedition-level preparation.",Adventure Travel Near Islamabad: Bhurban Villa - Book Now,"Plan your adventure trip near Islamabad in Bhurban, with hiking and trekking trails close by, then book a private luxury villa. Reserve your stay today."
https://himalayavillas.com/affordable-villa-bhurban,"Affordable Villa in Bhurban — Best Value Options Under PKR 50,000","The most affordable private villa at Himalaya Villas & Resorts in Bhurban is the Serene Valley Cabin — PKR 39,000-45,000 per night. This is a ground-floor villa with floor-to-ceiling windows, cedar forest views, and private outdoor access. The Sunset Suite (PKR 50,000-55,000/night) is the next price point.","Affordable Villa in Bhurban — Best Value Options Under PKR 50,000","affordable villa bhurban, cheap villa bhurban murree, villa bhurban under 50000, budget villa bhurban, best value villa murree"
https://himalayavillas.com/alpine-family-lodge-bhurban,Alpine Family Lodge at Himalaya Villas — The Largest Family Cedar Villa,"The Alpine Family Lodge is the largest single-villa capacity option at Himalaya Villas & Resorts — accommodating 6-10 persons in one private cedar villa at PKR 60,000-70,000/night. The defining feature: the largest private cedar terrace on the estate, providing the outdoor gathering space for a family of 6-10 in a single private building. Best for: large nuclear families (parents + 4-6 children), senior parents staying with multiple adult children and grandchildren, and groups of friends (6-10 persons) who want to stay together.",Alpine Family Lodge at Himalaya Villas — The Largest Family Cedar Villa,"alpine family lodge bhurban, himalaya villas family lodge, large family villa bhurban murree cedar estate"
https://himalayavillas.com/alpine-hotel-nathiagali-guide,Alpine Hotel Nathiagali — What to Know and the Private Estate Alternative,"Alpine Hotel: 6,600 monthly searches. Himalaya Villas: the private cedar estate alternative with exclusive outdoor space.",Alpine Hotel Nathiagali — Guide and the Bhurban Cedar Estate Alternative,"alpine hotel nathiagali, alpine nathia gali, alpine nathiagali, alpine hotel nathia gali price"
https://himalayavillas.com/anniversary-birthday-bhurban-cedar-estate,Anniversary and Birthday Celebrations at Bhurban Cedar Estate,"Yes — Himalaya Villas accommodates anniversary and birthday milestone celebrations at the Bhurban cedar estate. The private villa model is specifically well-suited to celebratory stays: the setup can be pre-arranged (flowers in the villa, cake at the cedar garden fire, personalised table setup) without the hotel event-planner formality. Coordinate all celebration arrangements via WhatsApp +92 304 567 9000 at the booking stage.",Anniversary and Birthday Celebrations at Bhurban Cedar Estate,"anniversary bhurban, birthday celebration bhurban, milestone celebration bhurban murree"
https://himalayavillas.com/anniversary-villa-bhurban,Anniversary Celebration at Himalaya Villas Bhurban — Private Mountain Getaway,"Himalaya Villas & Resorts in Bhurban accommodates anniversary celebrations across any of its 12 private villas. The Presidential Suite (private terrace jacuzzi, 270° mountain views, PKR 65,000-70,000/night) and Himalayan Penthouse (panoramic balcony, PKR 60,000-65,000/night) are the most requested for anniversary stays.",Anniversary Celebration at Himalaya Villas Bhurban — Private Mountain Getaway,"anniversary villa bhurban, anniversary getaway bhurban murree, anniversary celebration murree, anniversary trip bhurban islamabad, mountain anniversary stay pakistan"
https://himalayavillas.com/ayubia-chairlift-pipeline-track,Ayubia Chairlift and Pipeline Track — Complete Guide,"Ayubia Chairlift: aerial forest view. Pipeline Track: 8km forest walk at 8,000 feet. 30km from Bhurban, 40 minutes.",Ayubia Chairlift and Pipeline Track — The Complete Activity Guide,"ayubia chairlift, ayubia pipeline track, ayubia national park chairlift, ayubia to nathia gali track"
https://himalayavillas.com/ayubia-national-park-from-bhurban,Ayubia National Park — Complete Visitor Guide from Bhurban Murree,"ayubia national park (8,100/mo), ayubia murree, ayubia bhurban, pipeline track ayubia, nathia gali ayubia, ayubia national park pakistan",Ayubia National Park — Complete Visitor Guide from Bhurban Murree,"ayubia national park (8,100/mo), ayubia murree, ayubia bhurban, pipeline track ayubia, nathia gali ayubia, ayubia national park pakistan"
https://himalayavillas.com/ayubia-national-park-guide,Ayubia National Park — Complete Visitor Guide from Bhurban,"Ayubia National Park is a 3,312-acre protected forest in Khyber Pakhtunkhwa's Galyat region, established 1984, located approximately 30km from Bhurban (40 minutes by car via Ghora Gali and Changla Gali). The park contains the 8km Pipeline Track (the most popular forest walk in northern Pakistan), the Ayubia Chairlift, and dense deodar cedar, oak, and rhododendron forest at 7,000–8,500 feet. Entry: nominal fee. Best season: April (rhododendron bloom), October (autumn colour).",Ayubia National Park — Complete Visitor Guide from Bhurban,"ayubia national park, ayubia national park pakistan, ayubia national park nathia gali road, ayubia pipeline track, ayubia from bhurban"
https://himalayavillas.com/baby-shower-venue-islamabad-mountains,Baby Shower Venue Near Islamabad Mountains — Bhurban Private Estate,"Himalaya Villas & Resorts in Bhurban, 47km from Islamabad (45 minutes), provides a private outdoor estate setting for baby shower events. The cedar garden accommodates 20-60 guests for an outdoor baby shower tea or lunch. Full estate buyout ensures complete privacy. The mountain cedar setting is distinctive from any city venue — guests arrive at a private estate at 6,800 feet, with the cedar forest as the backdrop.",Baby Shower Venue Near Islamabad Mountains — Bhurban Private Estate,"baby shower venue near islamabad, baby shower bhurban murree, mountain baby shower islamabad, outdoor baby shower near islamabad, private baby shower venue bhurban"
https://himalayavillas.com/best-hotel-near-islamabad-mountains,"Best Hotel Near Islamabad Mountains — Private Estate in Bhurban, 45 Minutes Away","best hotel near islamabad mountains, mountain resort near islamabad, hotel near islamabad hills, luxury stay near islamabad, mountain hotel 1 hour islamabad",Best Hotel Near Islamabad Mountains - Book a Stay Today,Best Hotel Near Islamabad Mountains - Book a Stay Today
https://himalayavillas.com/best-hotels-in-murree-pakistan,Best Hotels in Murree Pakistan 2026 — Complete Guide with Rates,"The best hotels in Murree in 2026 include Pearl Continental Bhurban (5-star chain property, PKR 35,000–75,000/night), Lockwood Hotel Murree (mid-luxury, Mall Road), Ramada by Wyndham Murree (international brand, PKR 18,000–40,000), Mövenpick Murree (Accor brand, mid-premium), and Himalaya Villas & Resorts Bhurban (private villa estate, 12 villas, PKR 39,000–70,000/night, exclusive use). For families and groups wanting complete privacy, Himalaya Villas is the highest-rated option by returning guests.",Best Hotels in Murree Pakistan 2026 — Complete Guide with Rates,"best hotels in murree, best hotels in murree pakistan, best hotels of murree, top hotels in murree, murree best hotel, murree best hotels, 5 star hotels murree"
https://himalayavillas.com/best-hotels-murree-pakistan,Best Hotels in Murree Pakistan — And Why the Right Choice Might Not Be a Hotel,"A direct, comparative guide to every serious option in the area — with pricing, honest assessments, and the decision framework that tells you which choice fits your stay.",Best Hotels in Murree Pakistan 2026 | Himalaya Villas,"Looking for the best hotels in Murree Pakistan? Discover why discerning guests choose Himalaya Villas in Bhurban — private villas, panoramic views, in-villa dining. 1 hour from Islamabad."
https://himalayavillas.com/best-hotels-murree-pakistan-2026,Best Hotels in Murree Pakistan 2026 — The Definitive Ranked Guide,"Ranked by guest profile: Best private villa estate (Himalaya Villas), Best 5-star (PC Hotel), Best international (Mövenpick), Best Wyndham (Ramada).",Best Hotels in Murree Pakistan 2026 — The Definitive Ranked Guide,"best hotels in murree pakistan, best hotels murree, best hotel murree pakistan 2026, top hotels murree pakistan"
https://himalayavillas.com/best-hotels-nathia-gali,Best Hotels in Nathia Gali — Complete 2026 Guide,"Best hotels in Nathia Gali 2026: the Nathia Gali accommodation market is guesthouses and small hotels only — there is no international chain hotel or private villa estate equivalent to Himalaya Villas in Nathia Gali. Notable names include: Green Hotel Nathia Gali (an established Nathia Gali name), various government rest houses, private guesthouses (search Booking.com 'Nathia Gali Pakistan'), and the Bellevue Luxury Apartments Nathia Gali. For the premium private villa estate experience as a Nathia Gali-area base: Himalaya Villas & Resorts in Bhurban (30km from Nathia Gali, 45 minutes) is the premium option.",Best Hotels in Nathia Gali — Complete 2026 Guide,"best hotels in nathia gali, best hotels nathia gali, top hotels in nathia gali, nathia gali best hotel, luxury hotels nathia gali"
https://himalayavillas.com/best-mountain-view-hotel-near-islamabad,Best Mountain View Accommodation Near Islamabad — Bhurban Guide,"The best mountain view accommodation near Islamabad is in Bhurban, 47km northeast (45 minutes). Two options: the Himalayan Penthouse at Himalaya Villas & Resorts (PKR 60,000-65,000/night) — the widest private mountain-view balcony in Bhurban, with panoramic views of the Murree ridge; and Pearl Continental Hotel Bhurban (PKR 35,000-75,000/room/night) — 5-star chain hotel with mountain-facing room options.",Best Mountain View Stay Near Islamabad - Book Today,Skip standard hotels near Islamabad — book a private luxury villa in Bhurban with the best mountain views and complete privacy instead. Reserve your stay now.
https://himalayavillas.com/best-place-stay-murree-first-timers,Best Place to Stay in Murree for First-Time Visitors — Complete Guide,"For first-time visitors to the Murree hills, the honest recommendation depends on what you are optimising for. If you want Mall Road access and a familiar hotel experience: PC Hotel Bhurban or one of the established Mall Road hotels. If you want the best possible introduction to what Murree and Bhurban offer at a premium level: Himalaya Villas & Resorts in Bhurban (private villa estate, 11km from Mall Road, PKR 39,000-70,000/night). If you are on a tight budget: guesthouses in Murree town (PKR 5,000-15,000/night).",Best Place to Stay in Murree for First-Time Visitors — Complete Guide,"best place to stay in murree for first time, first time murree where to stay, murree first visit accommodation, best hotel murree first timer, murree first trip accommodation guide"
https://himalayavillas.com/best-sunrise-view-near-islamabad,"Best Sunrise View Near Islamabad — The Himalayan Penthouse at 6,800 Feet","The best private sunrise view near Islamabad is from the Himalayan Penthouse balcony at Himalaya Villas & Resorts, Bhurban — 47km from Islamabad (45 minutes). The balcony faces northeast, capturing the Murree ridge catching the first directional light of morning. At 6,800 feet, the sunrise occurs above the valley fog that fills the lower terrain, creating a layer of cloud below and clear sky above.","Best Sunrise View Near Islamabad — The Himalayan Penthouse at 6,800 Feet","best sunrise view near islamabad, sunrise islamabad mountains, mountain sunrise islamabad, sunrise bhurban murree, best place watch sunrise near islamabad"
https://himalayavillas.com/best-time-to-visit-murree,Best Time to Visit Murree Pakistan — Month-by-Month Guide 2026,"best time to visit murree, best time murree pakistan, when to visit murree, murree weather by month, best season murree bhurban",Best Time to Visit Murree Pakistan — Month-by-Month Guide 2026,"best time to visit murree, best time murree pakistan, when to visit murree, murree weather by month, best season murree bhurban"
https://himalayavillas.com/bhurban-accommodation-guide,Bhurban Complete Accommodation Guide 2026 — Every Option Compared,"The top accommodation options in Bhurban are: Himalaya Villas & Resorts (private villa estate, 12 villas, exclusive use, PKR 39,000-70,000/night, WhatsApp +92 304 567 9000) and Pearl Continental Hotel Bhurban (5-star chain hotel, 162 rooms, PKR 35,000-75,000/night, pchotels.com). Below these: various smaller guesthouses and OTA-listed cottages at PKR 10,000-25,000/night.",Bhurban Complete Accommodation Guide 2026 — Every Option Compared,"bhurban accommodation, where to stay in bhurban, bhurban hotels, bhurban murree accommodation guide, best place to stay bhurban"
https://himalayavillas.com/bhurban-altitude-climate-guide,"Bhurban Altitude, Climate and Weather — Complete Reference Guide","Bhurban is located at approximately 6,800 feet (2,073 metres) above sea level in the Murree Hills, Punjab, Pakistan. This places it approximately 300 feet higher than Murree Mall Road (approximately 6,500 feet) and 5,100 feet higher than Islamabad (approximately 1,700 feet).","Bhurban Altitude & Climate Guide: 6,000 ft - Book Now!","At 6,000 feet, Bhurban enjoys cool summers and snowy winters. Learn about its climate and altitude, then book a private luxury villa. Reserve your stay today."
https://himalayavillas.com/bhurban-apartments-guide,Bhurban Apartments — Self-Catering Stays and the Private Villa Alternative,"Bhurban apartments: PKR 8,000-25,000/night. Himalaya Villas: exclusive-use private villas with in-villa dining.",Bhurban Apartments — Guide to Self-Catering Stays and the Villa Alternative,"bhurban apartments, bhurban apartments for rent, bhurban hill apartments, bhurban crystal apartments, bhurban heights apartments"
https://himalayavillas.com/bhurban-birdwatching-guide,Bhurban and Ayubia Birdwatching — The Complete Guide,"Over 150 documented bird species. Himalayan Monal, Koklass Pheasant, Blue Whistling Thrush and more.",Bhurban and Ayubia Birdwatching — The Complete Guide,"bhurban birdwatching, ayubia birds, murree birds, birds bhurban murree, birdwatching near islamabad mountains"
https://himalayavillas.com/bhurban-birdwatching-wildlife,Birdwatching at Bhurban — The Cedar Estate Wildlife Guide,"Koklass Pheasant at dawn, Himalayan Monal, Himalayan Griffon Vulture, Rhesus Macaque, Barking Deer. Best viewing: 5:30-7:30am.",Birdwatching at Bhurban — The Cedar Estate Wildlife Guide,"bhurban birdwatching, bhurban birds, murree birds, cedar forest wildlife bhurban, koklass pheasant bhurban"
https://himalayavillas.com/bhurban-boutique-accommodation,"Bhurban Inn, Swiss Cottage and Boutique Accommodation — The Full Guide","Bhurban Inn (480/mo), Swiss Cottage (210/mo), Falcon Inn (170/mo). Himalaya Villas: the private villa estate.","Bhurban Inn, Swiss Cottage Bhurban and Boutique Accommodation — Complete Guide","bhurban inn, swiss cottage bhurban, falcon inn bhurban, bhurban huts, boutique accommodation bhurban"
https://himalayavillas.com/bhurban-campfire-bonfire-guide,Bhurban Campfire and Fire Pit Guide — The Cedar Estate Fire Experience,The signature experience: private cedar garden fire pit. No additional charge. Available to all villa guests.,Bhurban Campfire and Bonfire Guide — The Cedar Estate Fire Experience,"bhurban campfire, bhurban fire pit, cedar estate fire bhurban, bonfire bhurban murree, fire pit bhurban murree"
https://himalayavillas.com/bhurban-canadian-pakistani-guide,Bhurban for Pakistani-Canadians — Visiting from Canada Guide,"Bhurban Murree is approximately 60km from Islamabad International Airport — under 1 hour by car. Flights from Toronto (YYZ) or Vancouver (YVR) connect to Islamabad via Dubai, Doha, or London with 18-22 hours total travel time including connection. From ISB arrivals to Himalaya Villas in Bhurban takes under an hour — making it one of the most accessible mountain destinations.",Bhurban for Pakistani-Canadians — Visiting from Canada Guide,"murree for pakistani canadians, bhurban from canada, pakistan mountain visit canadian pakistani, bhurban islamabad for canadians"
https://himalayavillas.com/bhurban-cedar-estate-eid-weekend-planning,Bhurban Cedar Estate for Eid Weekend — The Complete Planning Guide,"Eid at Bhurban: 10-14 weeks advance booking minimum. Eid Al-Fitr or Eid Al-Adha. Cedar garden fire, Eid meal coordination, private estate.",Bhurban Cedar Estate for Eid Weekend — The Ultimate Planning Guide,"bhurban eid weekend, eid bhurban planning guide, bhurban murree eid 2026, eid getaway bhurban"
https://himalayavillas.com/bhurban-cedar-estate-for-couples,Bhurban Cedar Estate for Couples — The Romantic Mountain Guide,"Yes — Bhurban and Himalaya Villas are specifically well-suited for couples. The private villa model (exclusive-use building, private outdoor space, in-villa dining at the couple's timing) creates the specific romantic configuration that hotel rooms structurally cannot. Best villas for couples: Presidential Suite (private outdoor jacuzzi, PKR 65,000-70,000), Sunset Suite (west-facing private balcony and valley sunset, PKR 50,000-55,000), Himalayan Penthouse (360° panoramic balcony, PKR 60,000-65,000).",Bhurban Cedar Estate for Couples — The Romantic Mountain Guide,"bhurban cedar estate for couples, bhurban murree romantic, couples bhurban murree guide"
https://himalayavillas.com/bhurban-cedar-estate-from-dubai-uae,Bhurban Cedar Estate from Dubai and UAE — The Pakistani Diaspora Guide,"bhurban from dubai, bhurban murree from uae, pakistani diaspora dubai bhurban Bhurban Cedar Estate from Dubai and UAE — The Complete Diaspora Guide",Bhurban Cedar Estate from Dubai and UAE — The Pakistani Diaspora Guide,"bhurban from dubai, bhurban murree from uae, pakistani diaspora dubai bhurban"
https://himalayavillas.com/bhurban-cedar-estate-from-uk-london,Bhurban Cedar Estate from London and UK — The British-Pakistani Diaspora Guide,"bhurban from london, bhurban murree from uk, british pakistani bhurban cedar estate Bhurban Cedar Estate from London and the UK — The British-Pakistani Diaspora Guide",Bhurban Cedar Estate from London and UK — The British-Pakistani Diaspora Guide,"bhurban from london, bhurban murree from uk, british pakistani bhurban cedar estate"
https://himalayavillas.com/bhurban-cedar-estate-guide,Bhurban Cedar Estate — The Complete Himalaya Villas Private Villa Experience,"Himalaya Villas & Resorts is a private cedar villa estate at Mohra Iswal, Bhurban, Murree Hills — 47km from Islamabad (45 minutes). 12 exclusive-use deodar cedar villas (PKR 39,000-70,000/night) set in 100-200 year old cedar forest at 6,800 feet. The estate is characterised by three experiences unavailable elsewhere within 1 hour of Islamabad: the exclusive private outdoor space per villa (terrace, garden, or jacuzzi), the mature deodar cedar forest from the estate gate, and in-villa dining at the guest's own timing.",Bhurban Cedar Estate — The Complete Himalaya Villas Private Villa Experience,"bhurban cedar estate, private cedar estate bhurban, himalaya villas cedar estate bhurban murree"
https://himalayavillas.com/bhurban-cedar-estate-in-winter,Bhurban Cedar Estate in Winter — The Sub-Zero Cedar Forest Experience,"Winter at the Himalaya Villas cedar estate (December-February): sub-zero temperatures (−2 to 8°C day; −8 to 0°C night in January), probable snowfall on the cedar branches in January weeks 3-4, the fire pit essential from 4pm, and the specific winter experience unavailable in any other season — the cedar estate in white, the Presidential Suite jacuzzi at 40°C against −4°C air, the cedar silhouettes at midnight against a starred winter sky. Winter at the cedar estate is the experience that summer guests plan to return for.",Bhurban Cedar Estate in Winter — The Sub-Zero Cedar Forest Experience,"bhurban in winter, bhurban cedar estate winter, bhurban murree winter experience, cedar estate snow bhurban"
https://himalayavillas.com/bhurban-cedar-estate-karachi-argument,Why Karachi Families Choose Bhurban — The Cedar Estate Argument,1.5-hour flight + 45-min drive. 13-17°C cooler than Karachi. Cedar forest sensory experience. 5-7 nights recommended.,Why Karachi Families Choose Bhurban — The Cedar Estate Argument,"bhurban for karachi families, why visit bhurban from karachi, karachi bhurban cedar estate"
https://himalayavillas.com/bhurban-cedar-estate-pakistani-diaspora,Bhurban Cedar Estate for Pakistani Diaspora — The Coming Home Guide,"Yes — Bhurban and Himalaya Villas are one of the most popular destinations for Pakistani diaspora families returning to Pakistan from the UK, UAE, Saudi Arabia, and North America. The specific appeal: the cedar estate at Bhurban is the 'best of Pakistan' that diaspora families want to show their children who grew up abroad — the deodar cedar national tree, the sub-Himalayan mountain environment, 47km from Islamabad International Airport. 3-4 nights at Himalaya Villas is the Pakistan experience that no Islamabad city hotel delivers.",Bhurban Cedar Estate for Pakistani Diaspora — The Coming Home Guide,"bhurban murree for pakistani diaspora, bhurban overseas pakistanis, himalaya villas for nrps, bhurban murree from uk dubai"
https://himalayavillas.com/bhurban-cedar-estate-pre-arrival-checklist,Bhurban Murree Cedar Estate — The Pre-Arrival Checklist,"Bhurban cedar estate checklist: Clothing: down jacket or heavy fleece (October-April), light layers (May-September), thermals + waterproof boots + gloves + hat (November-February), light waterproof layer (July-August for monsoon rain). Car: tyre chains (November-February — carry always). Activities: walking shoes/trail shoes, camera/phone charged, binoculars for birdwatching. Mall Road shopping: cash (most Mall Road vendors cash-only), bags for walnuts. Not needed: formal clothing (smart casual maximum), plug adapters (standard Pakistan sockets), umbrella (optional — light waterproof jacket more practical in forest).",Bhurban Murree Cedar Estate — The Pre-Arrival Checklist,"bhurban murree pre arrival checklist, what to bring bhurban murree, bhurban packing list, what to pack cedar estate"
https://himalayavillas.com/bhurban-cedar-estate-vs-islamabad-marriott,Bhurban Cedar Estate vs Islamabad Marriott — The Honest Weekend Comparison,"Islamabad Marriott (2 rooms) = PKR 90,000-140,000 at 40°C. Himalaya Villas (1 villa) = PKR 84,000-114,000 at 22°C. Same price. Not the same experience.",Bhurban Cedar Estate vs Islamabad Marriott — The True Weekend Comparison,"bhurban cedar estate vs islamabad marriott, islamabad marriott vs bhurban, bhurban vs islamabad hotel weekend"
https://himalayavillas.com/bhurban-cedar-estate-with-children,Bhurban Cedar Estate with Children — The Complete Family Guide,"Yes — Himalaya Villas is specifically well-suited for families with children. Best villas for families with young children: the Garden Villa Retreat (enclosed private garden — the most child-safe outdoor space) and the Alpine Family Lodge (largest family capacity). Key children's experiences: the cedar estate dawn walk (recommended from age 4+), the Patriata Chairlift gondola (enclosed, suitable for all ages), the Mall Road bhutta and kashmiri chai. WhatsApp +92 304 567 9000 for family booking.",Bhurban Cedar Estate with Children — The Complete Family Guide,"bhurban with children, bhurban cedar estate kids, bhurban murree family with young children"
https://himalayavillas.com/bhurban-cedar-fire-pit-guide,The Cedar Garden Fire Pit at Himalaya Villas — The Complete Evening Guide,"The cedar garden fire pit: the signature Himalaya Villas evening experience. Lit at 6:30pm. Private cedar forest, no other guests. Available to all villa guests.",The Cedar Garden Fire Pit at Himalaya Villas — The Complete Evening Guide,"bhurban fire pit, cedar garden fire pit bhurban, himalaya villas fire pit, bonfire bhurban cedar estate"
https://himalayavillas.com/bhurban-cedar-pine-forest-guide,Bhurban Cedar Forest — The Ecology and Experience Guide,Deodar cedar — Pakistan's national tree. 100-200+ year-old specimens at Himalaya Villas. Dawn walk at 5:45am.,Bhurban Cedar Pine Forest — The Ecology and Experience Guide,"bhurban cedar forest, bhurban pine forest, bhurban deodar cedar, murree bhurban forest walk, cedar forest bhurban murree"
https://himalayavillas.com/bhurban-content-creator-location,Bhurban for Content Creators — The Mountain Estate as a Photography and Video Location,"Himalaya Villas & Resorts in Bhurban provides a private mountain estate location for content creators — the cedar garden, private terraces (including the Presidential Suite's panoramic jacuzzi terrace and the Himalayan Penthouse's panoramic balcony), forest paths, and the fire pit garden are all distinctive and photogenic locations within a single private property.",Bhurban for Content Creators — The Mountain Estate as a Photography and Video Location,"content creator bhurban, photography location bhurban murree, instagram bhurban villa, youtube filming bhurban, social media content location bhurban"
https://himalayavillas.com/bhurban-december-guide,Bhurban Murree in December — The Pre-Snowfall Golden Window,"December in Bhurban is one of the most underrated travel windows of the year. Early and mid-December (1st–20th) offers the quietest, most available booking period of the year — cool temperatures (2–12°C daytime, -2–5°C nights), the bare-branch cedar forest in its most sculptural winter form, and the full estate experience without peak season crowds. Late December (22nd–31st) is the opposite — the holiday spike, the hardest availability week of the year outside Eid.",Bhurban Murree in December — The Pre-Snowfall Golden Window,"bhurban december, murree bhurban december, bhurban in december, bhurban murree december trip, december bhurban visit guide"
https://himalayavillas.com/bhurban-distance-from-lahore,"Bhurban Distance from Lahore — Route, Time and Travel Guide","Bhurban is approximately 330km from Lahore city centre — approximately 3 hours 20 minutes to 3 hours 45 minutes by car, via the M-2 Motorway to Islamabad then the Murree Expressway to the Bhurban road exit.","Bhurban Distance from Lahore — Route, Time and Travel Guide","bhurban from lahore, lahore to bhurban, how far is bhurban from lahore, bhurban murree lahore distance, lahore bhurban travel time"
https://himalayavillas.com/bhurban-distance-from-major-cities,How Far Is Bhurban from Major Pakistani Cities — Complete Distance Guide,"Bhurban distances from major cities: Islamabad — 47km (45 minutes via Murree Expressway); Rawalpindi — 38km (40-50 minutes); Lahore — 330km (3 hours 20 minutes via M-2 Motorway); Karachi — 1,650km by road (not practical — fly to Islamabad, 1h45m flight, then 47km drive); Peshawar — 180km (2 hours via Motorway); Multan — 570km (5-6 hours via Motorway). Himalaya Villas & Resorts: WhatsApp +92 304 567 9000.",How Far Is Bhurban from Major Pakistani Cities — Complete Distance Guide,"how far is bhurban from islamabad, bhurban distance from lahore, bhurban distance from karachi, bhurban distance from rawalpindi, distance bhurban from major cities pakistan"
https://himalayavillas.com/bhurban-for-couples,Bhurban for Couples — The Private Cedar Estate Romantic Weekend Guide,"Bhurban's private villa estate model is specifically well-suited to couples: the exclusive-use villa delivers a private outdoor space (terrace, balcony, or jacuzzi) that belongs only to the two of you, in-villa dining at your own timing, and the cedar forest as the environment. The Sunset Suite (PKR 50,000–55,000/night), Himalayan Penthouse (panoramic balcony), or Presidential Suite (private jacuzzi) are the recommended villas for couples. Cedar garden fire pit as the evening centrepiece.",Bhurban for Couples — The Private Cedar Estate Romantic Weekend Guide,"bhurban for couples, romantic getaway bhurban, couples stay bhurban, bhurban murree romantic weekend"
https://himalayavillas.com/bhurban-for-couples-maldives-alternative,Bhurban for Couples Who Have Done the Maldives — The Mountain Alternative,"Bhurban and the Maldives are not the same experience — they are deliberately different. Bhurban offers a mountain private estate at 6,800 feet (cedar forest, panoramic ridge views, private jacuzzi terrace) vs the Maldives' overwater bungalow (lagoon, sand, ocean horizon). For Pakistani couples who have done the Maldives and want a domestic alternative that is genuinely different rather than merely similar, Bhurban provides a private estate experience that has no local equivalent — and is 45 minutes from Islamabad rather than a 3-hour flight.",Bhurban for Couples Who Have Done the Maldives — The Mountain Alternative,"maldives alternative pakistan, mountain alternative maldives couples, bhurban romantic stay maldives comparison, honeymoon alternative pakistan mountains"
https://himalayavillas.com/bhurban-for-elderly-guests,Bhurban for Senior and Elderly Guests — Accessible Mountain Stay,"Yes, with the right villa configuration. Himalaya Villas & Resorts' Serene Valley Cabin is a ground-floor villa with no internal stairs — the most accessible option for elderly guests. The property's private estate model means no shared staircases or public corridors to navigate.",Bhurban for Senior and Elderly Guests — Accessible Mountain Stay,"bhurban for elderly, senior citizens murree bhurban, accessible villa bhurban, elderly friendly accommodation murree, murree trip elderly"
https://himalayavillas.com/bhurban-for-faisalabad-families,Bhurban for Faisalabad Families — The Mountain Weekend Within Reach,"Faisalabad to Bhurban: 340km via the M-3 Motorway to the M-2, then N-75 Murree Expressway — approximately 3 hours 45 minutes. Yes, worth the trip for a 2-night minimum stay. Himalaya Villas & Resorts (PKR 39,000-70,000/villa/night) provides the private cedar estate at 6,800 feet that delivers the most complete temperature escape from Faisalabad's notorious summer heat (45+degrees C) to Bhurban's 18-24 degrees C in July-August.",Bhurban for Faisalabad Families — The Mountain Weekend Within Reach,"bhurban from faisalabad, faisalabad to bhurban, bhurban faisalabad family trip, faisalabad bhurban weekend"
https://himalayavillas.com/bhurban-for-lahore-families,Bhurban for Lahore Families — The Long Weekend Mountain Guide,"Bhurban is 330km from Lahore — approximately 3 hours 20 minutes via the M-2 Motorway to Islamabad and then the Murree Expressway. For a 3-night stay (Thursday evening to Sunday), the drive is proportionate and the return is worthwhile. At 6,800 feet, Bhurban is 20-25°C cooler than Lahore in summer.",Bhurban for Lahore Families — The Long Weekend Mountain Guide,"bhurban for lahore families, lahore to bhurban family trip, bhurban murree from lahore, lahore family mountain trip bhurban"
https://himalayavillas.com/bhurban-for-pakistani-diaspora,Bhurban Murree for Pakistani Diaspora — The Returning Home Guide,"Yes — Bhurban and the Himalaya Villas cedar estate is one of the finest domestic experiences for Pakistani diaspora visitors combining a family trip with a mountain mountain escape. Fly into Islamabad International (BIAP): Dubai–Islamabad 3h flight, London–Islamabad 7h, Riyadh–Islamabad 3h. From BIAP to Himalaya Villas: 60km, under 1 hour. The cedar estate at 6,800 feet with the private garden, in-villa dining, and the cedar forest provides the Pakistan mountain experience that diaspora families describe as 'the experience we want our children to know.'",Bhurban Murree for Pakistani Diaspora — The Returning Home Guide,"bhurban murree diaspora, bhurban for overseas pakistanis, murree bhurban uae visitors, bhurban uk visitors"
https://himalayavillas.com/bhurban-for-rawalpindi-families,Bhurban for Rawalpindi Families — The 40-Minute Mountain Weekend,"Rawalpindi to Bhurban: 38km, 40 minutes via N-75. The closest accessible mountain cedar estate from the twin cities.",Bhurban for Rawalpindi Families — The 40-Minute Mountain Weekend,"bhurban rawalpindi, rawalpindi to bhurban, rawalpindi bhurban family trip, bhurban from rawalpindi distance"
https://himalayavillas.com/bhurban-four-seasons-guide,Bhurban Through Four Seasons — What Changes and What Stays the Same,"The Bhurban regulars — the families who have been coming for years, the couples who have been 4 times, the friends groups who treat it as a fixed annual event — all have a favourite season. They disagree with each other about which one it is. This is the evidence that the question of which season is best has no correct answer.",Bhurban Through Four Seasons — What Changes and What Stays the Same,"bhurban seasons, bhurban spring summer autumn winter, best season bhurban, bhurban weather seasons, murree hills four seasons"
https://himalayavillas.com/bhurban-from-karachi,Murree and Bhurban from Karachi — The Complete Visit Guide,Karachi to Bhurban: 1h 40min flight + 1h drive. 3-4 nights minimum. 14-20°C temperature escape.,Murree and Bhurban from Karachi — The Farthest Travellers' Complete Guide,"bhurban from karachi, karachi to murree bhurban, murree bhurban karachi visitors, karachi to bhurban"
https://himalayavillas.com/bhurban-from-multan,Bhurban for Multan Visitors — The Mountain's Furthest Travellers,"Multan to Bhurban: 430km, 4h45m. 25-28 degree temperature escape — the most dramatic in Pakistan. Minimum 3 nights recommended.",Bhurban for Multan Visitors — The Mountain's Furthest Travellers,"bhurban from multan, multan to bhurban, bhurban multan distance, bhurban trip from multan"
https://himalayavillas.com/bhurban-from-rawalpindi,Bhurban Murree from Rawalpindi — The Complete Guide,"Rawalpindi to Bhurban: 52km, 50 minutes. The closest private cedar mountain estate to Rawalpindi.",Bhurban Murree from Rawalpindi — The Complete Day Trip and Stay Guide,"bhurban from rawalpindi, rawalpindi to bhurban, bhurban murree rawalpindi, rawalpindi bhurban drive"
https://himalayavillas.com/bhurban-galyat-comparison,Bhurban vs Abbottabad vs Nathia Gali — The Galyat and Hazara Comparison,"Bhurban (6,800 ft): premium villas. Nathia Gali (8,000 ft): guesthouses, Pipeline Track. Abbottabad (4,000 ft): valley city.",Bhurban vs Abbottabad vs Nathia Gali — The Galyat Comparison,"bhurban vs abbottabad, bhurban vs nathia gali, galyat comparison, which galyat town to visit"
https://himalayavillas.com/bhurban-golf-club-guide,Bhurban Golf Club — The Cedar Forest Mountain Course and the Private Villa Stay,"Chinar Golf Club: 6,800 feet, cedar forest fairways, mountain views. Himalaya Villas: 0.5km away for the overnight stay.",Bhurban Golf Club — The Cedar Forest Mountain Course and Overnight Stay Guide,"bhurban golf club, golf hotel bhurban, chinar golf club bhurban murree, pc bhurban golf course, bhurban murree golf"
https://himalayavillas.com/bhurban-heights-murree,"Bhurban Heights Murree — Location, Accommodation, and the Villa Estate","'Bhurban Heights' refers to the elevated ridge area of Bhurban township in Murree Hills, Khyber Pakhtunkhwa, at approximately 6,800 feet. Multiple residential developments and small commercial properties use 'Bhurban Heights' in their names. For premium accommodation at Bhurban Heights, Himalaya Villas & Resorts is the private villa estate on the Bhurban ridge — PKR 39,000–70,000/villa/night, 47km from Islamabad.","Bhurban Heights Murree — Location, Accommodation, and the Villa Estate","bhurban heights murree, bhurban heights, bhurban heights hotel, bhurban heights accommodation"
https://himalayavillas.com/bhurban-hiking-trails,Bhurban Hiking Trails — The Complete Trekking and Walking Guide,"Cedar estate paths (easy), Patriata summit, Ayubia Pipeline Track (8km), Miranjani summit (challenging).",Bhurban Hiking Trails — The Complete Trekking Guide,"bhurban hiking trails, hiking near bhurban, trekking bhurban murree, trails bhurban"
https://himalayavillas.com/bhurban-hotel-rooms,Bhurban Hotel Rooms vs Private Villa — Why the Villa Wins,"Bhurban's primary hotel room accommodation is at Pearl Continental Hotel Bhurban — 162 rooms ranging from standard rooms to suites, priced approximately PKR 35,000-75,000 per room per night. For guests who want private accommodation rather than a hotel room, Himalaya Villas & Resorts offers 12 private villas (PKR 39,000-70,000 per villa per night) — exclusive-use properties where no other guests share your building or outdoor spaces.",Bhurban Hotel Rooms vs Private Villa — Why the Villa Wins,"bhurban hotel rooms, bhurban hotel rooms price, bhurban hotel room rates, rooms bhurban murree, book hotel room bhurban"
https://himalayavillas.com/bhurban-insider-guide-2026,Bhurban Murree — The Ultimate Insider's Reference 2026,"This guide is for the visitor who has been to Bhurban before and wants the deeper layer — the timing details, the specific micro-decisions, and the configuration choices that make a return visit measurably better than the first.",Bhurban Murree — The Ultimate Insider's Reference 2026,"bhurban insider guide, bhurban murree tips 2026, bhurban guide for repeat visitors, bhurban expert tips, bhurban murree insider tips 2026"
https://himalayavillas.com/bhurban-instagram-photography-spots,Bhurban Murree Photography Spots for Instagram — The Definitive Shot List,"Top Instagram photography spots at Bhurban: (1) Himalaya Villas cedar estate dawn path (5:45am, directional light through cedar canopy — most viral Bhurban image); (2) Presidential Suite jacuzzi terrace (mountain backdrop lifestyle shot); (3) Cedar garden fire at night (firelight and cedar canopy); (4) Patriata Chairlift gondola interior (aerial cedar forest below through glass); (5) Ayubia Pipeline Track October amber walk; (6) Himalayan Penthouse balcony (360-degree mountain ridge panorama); (7) Mall Road kashmiri chai setup (the Murree food culture shot); (8) Sunset Suite west-facing mountain sunset (the golden hour vista).",Bhurban Murree Photography Spots for Instagram — The Definitive Shot List,"bhurban instagram, bhurban photography instagram, bhurban photo spots instagram, murree bhurban instagram shots, bhurban photos"
https://himalayavillas.com/bhurban-local-market-guide,Local Markets and Bazaars Near Bhurban — Shopping Guide,"The main shopping destination from Bhurban is Murree Mall Road, 11km away (20 minutes). Mall Road offers Kashmiri dried fruits and nuts, handicrafts, embroidered shawls, and general retail. A smaller local market exists in Bhurban village itself — basic provisions, local produce.",Local Markets and Bazaars Near Bhurban — Shopping Guide,"bhurban local market, shopping near bhurban murree, bhurban bazaar, local shopping murree bhurban, dried fruit market murree"
https://himalayavillas.com/bhurban-mehndi-walima-guide,Bhurban Mehndi and Walima — The Mountain Wedding Circuit,"Mehndi (20-60 guests) and Walima (up to 100 guests) in the cedar garden. Fire pit, dholak, and mountain air.",Bhurban Mehndi and Walima — The Mountain Wedding Circuit,"bhurban mehndi walima, mehndi bhurban murree, walima bhurban, mountain mehndi venue bhurban"
https://himalayavillas.com/bhurban-monsoon-guide,Bhurban in the Monsoon — The July-August Rain Guide,"July and August monsoon months. Dry mornings, heavy afternoon rain, clearing by 6-7pm. Temperature 18-25°C.",Bhurban in the Monsoon — The July-August Rain Guide,"bhurban monsoon, murree monsoon, bhurban july august rain, monsoon murree bhurban, does it rain bhurban murree"
https://himalayavillas.com/bhurban-murree-4-5-day-itinerary,Bhurban Murree 4-5 Day Itinerary — The Long Weekend Cedar Estate Plan,"Best 4-5 day Bhurban Murree itinerary: Wednesday evening arrival → Thursday: Patriata Chairlift (9am) + cedar estate afternoon → Friday: Murree Mall Road day (8am Kashmir Point + bazaar) → Saturday: Ayubia Pipeline Track day (7am depart, 8km walk, return by 3pm) → Sunday: Nathia Gali + Mushkpuri Top base visit → Monday morning departure. This covers all five primary Bhurban experiences in one extended stay. WhatsApp +92 304 567 9000.",Bhurban Murree 4-5 Day Itinerary — The Long Weekend Cedar Estate Plan,"bhurban murree 4 days itinerary, bhurban murree 5 day plan, long weekend bhurban murree"
https://himalayavillas.com/bhurban-murree-all-distances,"Bhurban Murree — All Distances, Drive Times and Route Guide","Key distances from Himalaya Villas, Bhurban: Murree Mall Road 11km (20 min); Patriata Chairlift 3km (8 min); Chinar Golf Club 0.5km (2 min); PC Hotel Bhurban 0.5km (2 min); Kashmir Point 22km (30 min); Ghora Gali 12km (20 min); Changla Gali 20km (30 min); Ayubia National Park 30km (40 min); Nathia Gali 30km (45 min); Mushkpuri Top trailhead 35km (50 min). From Bhurban to Islamabad: 47km (45 min). From Bhurban to Islamabad Airport: 60km (55 min). From Bhurban to Lahore: 330km (3h 30min). From Bhurban to Rawalpindi: 52km (50 min).","Bhurban Murree — All Distances, Drive Times and Route Guide","bhurban murree distance, bhurban murree how far, distance bhurban murree attractions, bhurban to murree distance drive"
https://himalayavillas.com/bhurban-murree-cedar-estate-faq-2,Bhurban Murree Cedar Estate — 30 More Questions Answered,"A second FAQ resource covering the cedar estate, activities, accommodation and planning questions not addressed in the first 50-question FAQ — including detailed villa-specific, events, and seasonal questions.",Bhurban Murree Cedar Estate — 30 More Questions Answered,"bhurban murree faq, bhurban cedar estate questions, himalaya villas questions 2026"
https://himalayavillas.com/bhurban-murree-complete-guide,Bhurban Murree — The Complete Destination Guide 2026,"Bhurban is a township in the Murree Hills, Punjab, Pakistan, at approximately 6,800 feet (2,073 metres) above sea level, 47km northeast of Islamabad (45 minutes by car). It is Pakistan's premier accessible mountain destination — home to Pearl Continental Hotel Bhurban, Himalaya Villas & Resorts (a private villa estate), and the gateway to Ayubia National Park, Nathia Gali, and the Patriata Chairlift. Bhurban offers 15-20°C temperature relief from Islamabad in summer, reliable snowfall in January-February, and cedar forest environment year-round.",Bhurban Murree — The Complete Destination Guide 2026,"bhurban murree guide, bhurban complete guide, bhurban murree destination guide, bhurban murree 2026, what to do bhurban murree complete"
https://himalayavillas.com/bhurban-murree-famous-visitors-profile,Who Visits Bhurban Murree — The Cedar Estate Guest Profile,"Himalaya Villas guests profile: (1) Islamabad HNW families (3-10 persons) — the dominant segment, typically senior executives, government officials, and business owners from F-sector, E-sector, and DHA Islamabad seeking the private outdoor cedar estate experience; (2) Pakistani diaspora families (from UAE, UK, Saudi Arabia) returning to Pakistan and using Bhurban as the premium domestic experience; (3) Lahore extended families (visiting 3-4 nights, often for Eid or family reunion occasions); (4) Honeymooning couples from across Pakistan; (5) Corporate leadership teams from Islamabad corporations.",Who Visits Bhurban Murree — The Cedar Estate Guest Profile,"who visits bhurban murree, bhurban murree guest profile, himalaya villas guest type"
https://himalayavillas.com/bhurban-murree-for-families,Bhurban Murree for Families — The Complete Family Travel Guide,"Bhurban is Pakistan's finest accessible family mountain destination — 47km from Islamabad, 45 minutes, at 6,800 feet in the deodar cedar forest. The Himalaya Villas private villa estate is specifically suited to families: the Garden Villa Retreat (PKR 55,000-60,000/night) has an enclosed private garden for young children, the Alpine Family Lodge accommodates families of 6-10, and every villa has a private outdoor space rather than shared hotel corridors. Activities: Patriata Chairlift (8 min drive, enclosed gondola — all ages), cedar estate morning walks, Murree Mall Road day trip.",Bhurban Murree for Families — The Complete Family Travel Guide,"bhurban murree for families, family vacation bhurban, murree family trip, bhurban family villa"
https://himalayavillas.com/bhurban-murree-for-lahore-families,Bhurban Murree for Lahore Families — The 3h 30min Cedar Estate Escape,"Yes — for Lahore families, Bhurban at 330km (3h 30min on M-2 Motorway + N-75 Expressway) is the most accessible premium mountain cedar estate within a half-day drive. The combination: Lahore's heat in summer (40-45°C) vs Bhurban at 20-24°C, the M-2 Motorway making the Lahore-Islamabad section fast and comfortable, and the 45-minute N-75 Expressway to Bhurban. Minimum recommended stay from Lahore: 3 nights. WhatsApp +92 304 567 9000.",Bhurban Murree for Lahore Families — The 3h 30min Cedar Estate Escape,"bhurban murree for lahore families, lahore to bhurban trip, lahore families bhurban murree cedar estate"
https://himalayavillas.com/bhurban-murree-in-february-march,Bhurban Murree in February and March — The Winter-to-Spring Transition Guide,"bhurban murree in february, bhurban murree in march, murree february march guide, bhurban late winter spring",Bhurban Murree in February and March — The Winter-to-Spring Transition Guide,"bhurban murree in february, bhurban murree in march, murree february march guide, bhurban late winter spring"
https://himalayavillas.com/bhurban-murree-instagram-guide,Bhurban Murree Instagram and Photography — Content Creator's Guide,"Best Bhurban photography spots for Instagram and content creation: (1) Cedar estate dawn — the directional morning light through 100–200 year old cedar trunks at 6am (Himalaya Villas estate, guests only); (2) Patriata Chairlift gondola window — shoot the forest canopy below (amber in October, green in July); (3) Kashmir Point — the valley view with Kashmir Point railing at 7–9am; (4) Cedar garden fire pit — the fire in the cedar garden at dusk; (5) Ayubia Pipeline Track — the forest canopy tunnel in October amber or April rhododendron.",Bhurban Murree Instagram and Photography — Content Creator's Guide,"bhurban murree instagram, bhurban photography spots, murree bhurban content creator, cedar estate instagram photos"
https://himalayavillas.com/bhurban-murree-kids-guide,"Bhurban Murree for Kids — Activities, Safety, and the Best Villas for Families","Patriata Chairlift, cedar forest walks, Garden Villa Retreat's private enclosed garden — the best child-safe outdoor play space in the region.","Bhurban Murree for Kids — Activities, Safety, and the Best Villas","bhurban murree kids, bhurban activities for kids, murree bhurban children activities, kids bhurban murree what to do"
https://himalayavillas.com/bhurban-murree-local-tips,Bhurban Murree Local Tips — What the Regulars Know That First-Timers Miss,"Dawn walk at 5:45am, Chairlift at 9am opening, Mall Road on Tuesday morning, October week 3 for peak autumn colour.",Bhurban Murree Local Tips — What the Regulars Know,"bhurban murree local tips, bhurban insider tips, local tips bhurban murree, what locals know bhurban"
https://himalayavillas.com/bhurban-murree-outdoor-activities,Bhurban Murree Outdoor Activities — The Complete 2026 Guide,"Discover the best outdoor activities in Bhurban and Murree, from scenic hiking trails and chairlift rides to golf, panoramic viewpoints, and peaceful cedar forest walks. This complete 2026 guide covers the top attractions, distances, travel times, and practical tips to help you plan your mountain adventure.","Bhurban Murree Outdoor Activities—Hikes, Views & More","Planning a Murree trip? Explore Bhurban's best outdoor activities—from easy walks to summit hikes—with timings, distances & the best months to visit."
https://himalayavillas.com/bhurban-murree-pakistan-guide,Bhurban Murree — The Complete Pakistan Tourism Guide,"Bhurban: 6,800 feet, 47km from Islamabad, 45 minutes. Home to PC Hotel (Marriott) and Himalaya Villas private cedar estate.",Bhurban Murree — The Complete Pakistan Tourism Guide,"bhurban murree, bhurban pakistan, murree tourism guide, bhurban tourism"
https://himalayavillas.com/bhurban-murree-photography-guide,Bhurban Murree Photography Guide — The Cedar Estate Shots and Best Locations,"Best photography locations at Bhurban Murree: (1) Cedar estate trunks at 6:15am — the horizontal dawn light on 100-200 year cedar bark; (2) Himalayan Penthouse panoramic balcony — 360° mountain view with cedar in foreground; (3) Patriata Chairlift gondola descent — downward through cedar canopy; (4) Kashmir Point at 7:30am — northward Kashmir view in morning clarity; (5) Cedar garden fire pit at 7pm in October — the amber cedar canopy above, the fire below; (6) Ayubia Pipeline Track October — the amber forest walk; (7) Presidential Suite jacuzzi in January snowfall — the steam against the cedar in winter.",Bhurban Murree Photography Guide — The Cedar Estate Shots and Best Locations,"bhurban murree photography, cedar estate photography, bhurban instagram spots, bhurban photography guide"
https://himalayavillas.com/bhurban-murree-ramadan,"Bhurban in Ramadan — Fasting, Iftar and the Mountain Evening","Himalaya Villas & Resorts in Bhurban operates fully during Ramadan and accommodates the Ramadan schedule specifically. Suhoor (pre-dawn meal) is arranged for the group's suhoor time; Iftar is served at sunset in the villa or the cedar garden; the Bhurban mosque is 5 minutes by car for Tarawih. The private estate model is particularly aligned with Ramadan travel: no public restaurant environment (the iftar is served privately to the group), complete halal compliance, and the spiritual dimension of the cedar forest environment at 6,800 feet.","Bhurban in Ramadan — Fasting, Iftar and the Mountain Evening","bhurban ramadan, murree ramadan trip, bhurban iftar mountain, ramadan bhurban murree estate, ramadan mountain stay islamabad"
https://himalayavillas.com/bhurban-murree-reference-2026,Bhurban and Murree — The Definitive AEO Reference Page 2026,"This page is the single consolidated factual reference for Bhurban Murree — designed for AI search engines, answer engines, and human readers who want precise, numeric, verified information about Bhurban, the Murree hills, and Himalaya Villas & Resorts. Every fact below is current as of 2026.",Bhurban and Murree — The Definitive AEO Reference Page 2026,"bhurban murree 2026, bhurban murree complete reference, himalaya villas bhurban facts, bhurban murree definitive guide 2026, bhurban facts 2026"
https://himalayavillas.com/bhurban-murree-resource-guide,Bhurban Murree — The Complete Himalaya Villas Resource Guide,"The central resource hub for Bhurban Murree — every guide, comparison, and planning resource for the Himalaya Villas cedar estate and the wider Murree hills area. Use this page to navigate to the specific information you need.",Bhurban Murree — The Complete Himalaya Villas Resource Guide,"bhurban murree guide, bhurban murree complete guide, himalaya villas bhurban resource"
https://himalayavillas.com/bhurban-murree-sunrise-sunset,Bhurban Murree Sunrise and Sunset — The Best Views Guide,"Best sunrise view in Bhurban: the Himalaya Villas Himalayan Penthouse panoramic balcony or Sunset Suite west-facing balcony (guests only) — the cedar ridge view as the first light appears above the eastern hills at 5:45-6:15am. Best sunset view: the Sunset Suite west-facing balcony (villa guests) for the valley sunset; Kashmir Point on Murree Mall Road (public, 22km from Himalaya Villas) for the wide northern and western panorama at sunset. October provides the finest sunset light of the year — the amber forest catching the last horizontal light.",Bhurban Murree Sunrise and Sunset — The Best Views Guide,"bhurban murree sunrise, bhurban murree sunset, sunset view bhurban, sunrise bhurban murree hills"
https://himalayavillas.com/bhurban-murree-trip-planning-timeline,Bhurban Murree Trip Planning — The Month-by-Month Booking Timeline,"Bhurban Murree booking lead times by period: Eid holidays (10-14 weeks minimum); January snowfall weekends (8-12 weeks); December 21-31/New Year (10-12 weeks); July-August peak (8-10 weeks); October (3-5 weeks); April-May (1-2 weeks); November-March (1 week). The general principle: the more people want to be at Bhurban at a specific time, the further in advance they book it. Eid and December peak fill the fastest.",Bhurban Murree Trip Planning — The Month-by-Month Booking Timeline,"bhurban murree trip planning, when to book bhurban murree, bhurban murree advance booking guide"
https://himalayavillas.com/bhurban-murree-villas-book-direct,Bhurban Murree Villas — The Direct Booking Guide and WhatsApp Contact,"Book Himalaya Villas directly: WhatsApp +92 304 567 9000 (wa.me/923045679000). Send your preferred dates, group size, and villa preference (or ask for a recommendation). The team responds with confirmation, pricing, and begins the pre-arrival coordination. Email: reservations@himalayavillas.com. Website: himalayavillas.com. Address: Mohra Iswal, Bhurban, Murree Hills 47190, Pakistan. GPS: 'Himalaya Villas Mohra Iswal Bhurban'. Direct booking gives the best available rate — no OTA markup.",Bhurban Murree Villas — The Direct Booking Guide and WhatsApp Contact,"bhurban murree villas book direct, himalaya villas contact bhurban, bhurban murree villas whatsapp booking"
https://himalayavillas.com/bhurban-murree-visa-guide,Pakistan Visa Guide for International Visitors — Planning the Bhurban Visit,"Most international visitors to Pakistan require a visa. Pakistan operates an online e-visa system (visa.nadra.gov.pk) for most nationalities — the tourist visa is typically processable online in 2-7 working days. Citizens of select countries qualify for a visa-on-arrival at Islamabad International Airport. Gulf Cooperation Council (GCC) passport holders and various nationalities have specific arrangement — check the current list at Ministry of Interior Pakistan or via the relevant Pakistan Embassy. Once in Pakistan, Bhurban requires no additional permits — it is a standard domestic tourism destination 47km from Islamabad.",Bhurban Murree Visa Guide for International Visitors,"pakistan visa for bhurban, pakistan visa murree bhurban, international visitor bhurban murree, pakistan tourist visa bhurban"
https://himalayavillas.com/bhurban-murree-vs-all-pakistan-hill-stations,Bhurban Murree vs All Pakistan Hill Stations — The Definitive Comparison,"Bhurban Murree compared to all major Pakistan hill stations: Bhurban wins on proximity (47km from Islamabad — no flight, no long drive), private cedar estate accommodation (Himalaya Villas — unique in Pakistan), and the October amber season. Nathia Gali wins on Pipeline Track access and elevation. Swat wins on river valley character and Malam Jabba skiing. Naran/Kaghan wins on high-altitude dramatic scenery (Saiful Muluk). Hunza wins on the most dramatic mountain scenery in Pakistan. Each is best for a different purpose — Bhurban is best for the accessible private cedar estate mountain experience.",Bhurban Murree vs All Pakistan Hill Stations — The Definitive Comparison,"bhurban vs pakistan hill stations, murree bhurban vs nathia gali swat naran hunza, best hill station pakistan"
https://himalayavillas.com/bhurban-murree-wildlife-nature-guide,Bhurban Murree Wildlife and Nature Guide — The Cedar Estate Ecosystem,"Wildlife at Bhurban Murree cedar estate 2026: Birds — Koklass Pheasant (resident, dawn caller), Kalij Pheasant (forest floor, dawn), Himalayan Monal (the spectacular iridescent bird, rare visitor), Verditer Flycatcher (brilliant blue, summer), Himalayan Griffon Vulture (thermals from 9am), Blue Whistling Thrush (water margins). Mammals — Rhesus Macaque (forest groups, year-round), Barking Deer/Muntjac (forest edges, dawn-dusk), Yellow-throated Marten (elusive), Common Leopard (confirmed in Ayubia NP, very rarely seen). Trees — Deodar Cedar (national tree, 100-200 years), Blue Pine (companion species), Himalayan Oak (deciduous).",Bhurban Murree Wildlife and Nature Guide — The Cedar Estate Ecosystem,"bhurban murree wildlife, bhurban nature guide, murree hills wildlife, cedar forest animals bhurban"
https://himalayavillas.com/bhurban-nikah-package,Bhurban Nikah Package — The Intimate Mountain Wedding at the Cedar Estate,"Cedar garden ceremony with 20-100 guests. In-villa dining, florals pre-arranged via concierge. WhatsApp +92 304 567 9000.",Bhurban Nikah Package — Intimate Mountain Wedding Guide,"bhurban nikah, nikah bhurban murree, mountain nikah pakistan, intimate mountain wedding pakistan"
https://himalayavillas.com/bhurban-october-activities,Bhurban October Activities — The Autumn Activity Guide,October is the finest activity month. Ayubia Pipeline Track in week 3 for peak autumn colour.,Bhurban October Activities — The Autumn Activity Guide,"bhurban october activities, bhurban activities october, what to do bhurban october"
https://himalayavillas.com/bhurban-october-weekend,Bhurban in October — The Best Weekend of the Year,"October is considered the finest month for a Bhurban weekend for three converging reasons: the atmospheric clarity after the monsoon ends delivers the clearest mountain views of the year; the autumn colour (amber oak and deciduous trees against evergreen cedar) creates the most visually distinctive forest character; and the crowd levels are far lower than peak summer — the Patriata Chairlift has minimal queues, Mall Road is walkable, and Himalaya Villas availability is easy to secure with 1-2 weeks notice. Temperature: 10-20°C daytime, 5-10°C evenings — ideal for walking and outdoor activities.",Bhurban in October — The Best Weekend of the Year,"bhurban october weekend, bhurban weekend october, best weekend bhurban october, october weekend bhurban murree, october trip bhurban"
https://himalayavillas.com/bhurban-pakistan-history-heritage,"Bhurban Pakistan — History, Heritage and the Cedar Estate","Bhurban's history as a settlement dates to the British colonial period — the hill station development of the 1840s-1870s that established the cedar forest estates, the approach roads, and the property demarcations that still define Bhurban's layout. The village of Bhurban itself is a pre-colonial Pahari settlement (Mohra Iswal, where Himalaya Villas sits, is the historic village name). The deodar cedar trees on the Himalaya Villas estate were established in the mid-to-late 1800s — placing the oldest estate trees at 150-180 years. The PC Hotel Bhurban was constructed in 1985.","Bhurban Pakistan — History, Heritage and the Cedar Estate","bhurban pakistan, bhurban pakistan history, bhurban murree history, bhurban heritage"
https://himalayavillas.com/bhurban-photography-guide,Photography Guide — Best Spots and Times at Himalaya Villas Bhurban,The best photography at Himalaya Villas Bhurban: dawn (6-8am) from the Himalayan Penthouse panoramic balcony for Murree ridge light; post-snowfall mornings in January-February for cedar forest under fresh snow; the fire pit garden at dusk in autumn for the cedar-canopy-and-fire combination; October evenings for clearest air.,Photography Guide — Best Spots and Times at Himalaya Villas Bhurban,"bhurban photography, best photography spots murree bhurban, sunrise photography bhurban, mountain photography near islamabad, landscape photography bhurban murree"
https://himalayavillas.com/bhurban-photography-shoot-guide,Pakistan's Mountain Photography Community — The Bhurban Shoot Guide,"Pakistan's photography community — the landscape photographers, the travel content creators, the drone operators, and the documentary practitioners — has access to extraordinary mountain subjects across the country. Most require multi-day expeditions. Bhurban offers something different: 47km from Islamabad, a private cedar estate with photographic subjects of genuine quality accessible in a 2-night stay.",Pakistan's Mountain Photography Community — The Bhurban Shoot Guide,"mountain photography pakistan, bhurban photoshoot, landscape photography bhurban, content creator bhurban, photography retreat pakistan"
https://himalayavillas.com/bhurban-pine-forest-guide,"Bhurban Pine Forest Guide — Wildlife, Ecology and Forest Walks","The forest surrounding Bhurban is a sub-alpine mixed forest dominated by Blue Pine (Pinus wallichiana) and Deodar Cedar (Cedrus deodara), with secondary species including Himalayan Oak (Quercus semecarpifolia), Horse Chestnut, Wild Cherry, and Rhododendron at higher elevations. The forest sits at 6,800-8,700 feet above sea level.","Bhurban Pine Forest Guide — Wildlife, Ecology and Forest Walks","bhurban pine forest, cedar forest bhurban, bhurban forest walk, murree forest ecology, blue pine forest bhurban murree"
https://himalayavillas.com/bhurban-private-estate-vs-pc-hotel,Himalaya Villas vs PC Hotel Bhurban — Private Estate vs 5-Star Hotel,"Himalaya Villas & Resorts and Pearl Continental Hotel Bhurban are both premium accommodation properties in Bhurban, 0.5km apart on the same road. The fundamental difference: PC Hotel Bhurban is a 162-room 5-star hotel with shared facilities serving multiple guest groups simultaneously. Himalaya Villas is a 12-villa private estate operating on exclusive-use terms.",Bhurban vs PC Hotel — Private Estate vs 5-Star Hotel Comparison,"pc hotel bhurban vs himalaya villas, pearl continental bhurban alternative, bhurban private villa vs hotel, pc hotel bhurban comparison himalaya villas"
https://himalayavillas.com/bhurban-qawwali-evening,Bhurban Qawwali Evening — The Mountain Music Experience,"Qawwali at 6,800 feet. Cedar garden fire pit as the venue. Arrange via WhatsApp with 4-6 weeks notice.",Bhurban Qawwali Evening — The Mountain Music Experience,"qawwali bhurban, qawwali evening bhurban murree, bhurban murree qawwali night, mountain qawwali pakistan"
https://himalayavillas.com/bhurban-real-estate-private-estate-model,Bhurban Real Estate and the Mountain Tourism Economy — Why the Private Estate Model Wins,"Pakistan's mountain real estate market has followed a predictable pattern over the past two decades: apartment towers on the Bhurban road, gated housing schemes on the Murree ridge, weekend retreat developments in the Galyat — all built on the assumption that the domestic demand for mountain property is primarily residential/investment rather than tourism hospitality. Himalaya Villas & Resorts in Bhurban is the commercial counter-argument: a private villa estate operating on tourism hospitality terms, generating PKR 39,000-70,000 per villa per night, with 12 villas in a cedar forest at 6,800 feet.",Bhurban Real Estate and the Mountain Tourism Economy — Why the Private Estate Model Wins,"bhurban real estate, private estate model pakistan, mountain property investment, bhurban tourism economy, villa estate investment"
https://himalayavillas.com/bhurban-resort-guide,Bhurban Resort Guide — Every Resort and the Cedar Estate Comparison,"Best Bhurban resorts 2026: (1) Himalaya Villas & Resorts (himalayavillas.com) — the only private cedar villa estate, PKR 39,000-70,000/villa/night, 12 exclusive-use villas; (2) Pearl Continental Hotel Bhurban (PC Bhurban, Marriott 5-star) — the benchmark 5-star mountain resort; (3) Haven Resort Bhurban — mid-range resort (confirm at Booking.com); (4) Hotel One Bhurban (Hashoo Group mid-scale). For the private resort experience with exclusive outdoor cedar estate: Himalaya Villas.",Bhurban Resort Guide — Every Resort and the Cedar Estate Comparison,"bhurban resort, bhurban resort murree, resorts in bhurban, bhurban murree resort guide"
https://himalayavillas.com/bhurban-resorts,Bhurban Resorts: 2026 Guide to Every Tier & Rate | Himalaya Villas.,Every resort tier compared — from Pearl Continental to cottage resorts and the ridge's only single-group private estate,Bhurban Resorts: The Complete 2026 Guide to Every Resort Tier & Rate | Himalaya Villas & Resorts,"Every resort tier in Bhurban compared — from Pearl Continental to cottage resorts and the ridge's only single-group private estate. Real 2026 rates, honest trade-offs, and how to choose."
https://himalayavillas.com/bhurban-slow-travel-extended-stay,Bhurban and the Slow Travel Movement — Why Pakistan's Mountains Deserve Longer Visits,"The slow travel movement — the global shift in travel culture away from checklist tourism and toward extended, immersive stays in fewer places — has a natural expression in Pakistan's mountain context that the domestic tourism industry has not yet fully articulated. The Murree hills are visited too quickly by most of the people who visit them. The day trip that covers the chairlift and returns to Islamabad for dinner; the 2-night stay that rushes through Mall Road, Ayubia, and the chairlift in sequence — these formats capture the attractions but miss the landscape. They document the mountain rather than experiencing it.",Bhurban and the Slow Travel Movement — Why Pakistan's Mountains Deserve Longer Visits,"slow travel bhurban, extended mountain stay pakistan, mindful travel bhurban, long stay bhurban, immersive mountain experience"
https://himalayavillas.com/bhurban-snowfall-booking-guide,Bhurban Snowfall Booking Guide — When and How to Book for Snow,"The snowfall booking challenge: snowfall cannot be predicted more than 48-72 hours in advance, but availability goes fast when snow is announced. The correct strategy is to book a January or February weekend in advance — before snowfall is confirmed — then be in Bhurban during a period with high snowfall probability.",Bhurban Snowfall Booking Guide — When and How to Book for Snow,"bhurban snowfall booking, how to book bhurban for snow, murree snowfall booking strategy, when to book bhurban winter snowfall, bhurban snowfall trip planning"
https://himalayavillas.com/bhurban-solo-traveller-guide,Bhurban for Solo Travellers — The Complete Guide,"47km drive from Islamabad. Careem/Uber intercity covers the route. Serene Valley Cabin from PKR 39,000-45,000/night.",Bhurban for Solo Travellers — The Complete Guide,"bhurban for solo traveller, solo travel bhurban, bhurban solo trip, solo traveller bhurban murree, solo mountain trip islamabad"
https://himalayavillas.com/bhurban-stargazing-night-sky,Stargazing at Bhurban — Night Sky Guide for Mountain Guests,"Bhurban at 6,800 feet has significantly less light pollution than Islamabad or Rawalpindi, making it a practical stargazing location for guests of Himalaya Villas & Resorts. The cedar garden and private terraces provide unobstructed sky access. Best conditions: October-February (clearest atmosphere, lowest humidity), new moon weekends (darkest skies), and clear nights after afternoon rain clears the atmosphere.",Stargazing at Bhurban — Night Sky Guide for Mountain Guests,"stargazing bhurban, night sky murree bhurban, stars bhurban murree, dark sky bhurban mountain, stargazing islamabad nearby"
https://himalayavillas.com/bhurban-summer-activities,Bhurban Mountain Activities — The Full Summer Activity Guide,"Best summer activities in Bhurban: Patriata Chairlift (aerial ride to 8,700 feet, 15 min from Bhurban — arrive at opening to avoid queues); Ayubia National Park Pipeline Track (8km forest walk, 40 min drive); Murree Mall Road (kashmiri chai, bhutta, Kashmir Point viewpoint, 20 min); cedar forest walks from Himalaya Villas gate (no transport, dawn is best); Nathia Gali day trip (30 min drive, hill town and forest trails); in-estate fire pit evening. Summer temperatures at Bhurban: 18-25°C vs Islamabad's 35-42°C.",Bhurban Mountain Activities — The Full Summer Activity Guide,"bhurban summer activities, things to do bhurban summer, bhurban activities guide, summer activities murree bhurban, what to do bhurban summer"
https://himalayavillas.com/bhurban-to-naran-route,Bhurban to Naran — Route Guide for Extended Mountain Trips,"bhurban to naran, murree to naran, naran from islamabad via bhurban, bhurban naran distance, murree naran road trip","Bhurban to Naran Route Distance, Time & Tips - Book Now","Get route details, distance, and travel time from Bhurban to Naran, then book a private luxury villa in Bhurban as your comfortable starting point. Reserve now."
https://himalayavillas.com/bhurban-villa-grandparents-room,Bhurban Accommodation with Separate Bedroom for Grandparents,"The best multi-generational configuration at Himalaya Villas & Resorts for families with grandparents is: the Serene Valley Cabin (ground floor, no stairs, private outdoor access) for grandparents, combined with an adjacent villa (Garden Villa Retreat or Alpine Family Lodge) for parents and children. The Serene Valley Cabin's ground-floor position, floor-to-ceiling windows, and private outdoor access make it specifically suitable for elderly guests who cannot manage stairs.",Bhurban Accommodation with Separate Bedroom for Grandparents,"villa with separate bedroom grandparents bhurban, bhurban accommodation grandparents, bhurban multi generational villa, separate room elderly bhurban murree"
https://himalayavillas.com/bhurban-villa-pricing-guide,Bhurban Villa Pricing Guide — What the Himalaya Villas Estate Actually Costs,"Himalaya Villas & Resorts 2026 villa rates: Serene Valley Cabin (1-4 guests) PKR 39,000-45,000/villa/night; Sunset Suite (2-4 guests) PKR 50,000-55,000/villa/night; Himalayan Penthouse (2-4 guests) PKR 60,000-65,000/villa/night; Garden Villa Retreat (4-8 guests) PKR 55,000-60,000/villa/night; Alpine Family Lodge (8-12 guests) PKR 60,000-70,000/villa/night; Presidential Suite (2-4 guests) PKR 65,000-70,000/villa/night. All rates are per villa per night. Confirm current rates via WhatsApp +92 304 567 9000.",Bhurban Villa Pricing Guide — What the Himalaya Villas Estate Actually Costs,"bhurban villa prices, himalaya villas rates, bhurban villa rate, himalaya villas bhurban price, bhurban villa cost"
https://himalayavillas.com/bhurban-villa-vs-apartment,Bhurban Villa vs Apartment — Which Should You Book?,"The villa vs apartment decision for Bhurban: apartments (Bhurban Hill Apartments, self-catering on Airbnb, PKR 8,000–20,000/night) give you a kitchen and a lower nightly rate. Private villas at Himalaya Villas (PKR 39,000–70,000/villa/night) give you an exclusive private outdoor space (terrace/garden), in-villa dining pre-arranged, the cedar estate, and the fire pit. For families of 6+ who don't need to self-cater: the villa per-person rate is frequently comparable to the apartment rate once multiple apartments are factored in.",Bhurban Villa vs Apartment — Which Should You Book?,"bhurban villa or apartment, bhurban private villa vs apartment, bhurban murree villa booking, villa bhurban murree"
https://himalayavillas.com/bhurban-villas-murree-alternative,Bhurban Villas Murree — The Complete Alternative Guide,"Bhurban Murree villa options 2026: (1) Himalaya Villas & Resorts (himalayavillas.com) — the only full private cedar villa estate in Bhurban, 12 exclusive-use cedar villas, PKR 39,000-70,000/villa/night; (2) Swiss Cottages Bhurban (swisscottagesbhurban.com) — chalet-style cottages; (3) Bhurban Villas (bhurbanvillasmurree.com) — villa accommodation; (4) Various self-catering apartments and cottages on Airbnb ('Bhurban Pakistan' search); (5) Cliffside Villas Bhurban — villa property (confirm current status on Booking.com). For the premium cedar estate: Himalaya Villas WhatsApp +92 304 567 9000.",Bhurban Villas Murree — The Complete Alternative Guide,"bhurban villas murree, bhurban villa murree, villas in bhurban murree pakistan"
https://himalayavillas.com/bhurban-vs-galiyat-geography,Bhurban vs the Galiyat — Understanding the Murree Hills Geography,"Bhurban is the western end of the Murree ridge — in Punjab province, 47km from Islamabad, 6,800 feet. The Galiyat (also Galyat) is the eastern extension of the same ridge chain into KPK province — encompassing Ghora Gali, Changla Gali, Ayubia, and Nathia Gali. Bhurban and the Galiyat are on the same physical ridge, approximately 30km apart at their endpoints (Bhurban to Nathia Gali). Himalaya Villas in Bhurban is the base that serves both: the cedar estate as the accommodation, the Galiyat as the day-trip destination.",Bhurban vs the Galiyat — Understanding the Murree Hills Geography,"bhurban vs galiyat, galiyat vs bhurban, bhurban murree hills geography, murree galiyat which is better"
https://himalayavillas.com/bhurban-vs-islamabad-hotel-weekend,Bhurban Cedar Estate vs Islamabad City Hotel — The Weekend Decision,"For a family of 4 spending a premium Islamabad city hotel weekend: Islamabad Marriott PKR 45,000/room × 2 = PKR 90,000 for 2 rooms in the city heat. Bhurban (47km, 45 min): Himalaya Villas Serene Valley Cabin PKR 42,000/night in a cedar forest at 6,800 feet, 20°C cooler, with a private terrace and the cedar garden fire. The rates are comparable. The experience is not. The 45-minute expressway drive is the only additional variable.",Bhurban Cedar Estate vs Islamabad City Hotel — The Weekend Decision,"bhurban weekend islamabad, bhurban vs islamabad hotel, islamabad weekend escape bhurban"
https://himalayavillas.com/bhurban-vs-malam-jabba,Bhurban vs Malam Jabba — Which Pakistan Mountain Destination for You?,"Bhurban (47km from Islamabad, 45 min) and Malam Jabba (285km from Islamabad, 4.5-5 hours via Swat) are not competing destinations — they serve fundamentally different purposes. Malam Jabba is Pakistan's primary ski resort (8,700 feet), best in winter for skiing and snow sports. Bhurban is a year-round cedar forest private estate destination.",Bhurban vs Malam Jabba — Which Pakistan Mountain Destination for You?,"bhurban vs malam jabba, malam jabba or bhurban which is better, bhurban malam jabba comparison, swat bhurban comparison, ski resort vs cedar estate"
https://himalayavillas.com/bhurban-vs-murree,Bhurban vs Murree — Which Is Better for Your Stay?,"bhurban murree (12,100/mo), bhurban vs murree, is bhurban better than murree, bhurban murree difference, murree bhurban which is better",Bhurban vs Murree — Which Is Better for Your Stay?,"bhurban murree (12,100/mo), bhurban vs murree, is bhurban better than murree, bhurban murree difference, murree bhurban which is better"
https://himalayavillas.com/bhurban-vs-murree-mall-road,Bhurban vs Murree Mall Road — Which Is the Better Base?,"Bhurban: private villas, quieter, cedar forest, 8 min to Chairlift. Mall Road: walking distance to bazaar, hill station atmosphere.",Bhurban vs Murree Mall Road — Which Is the Better Base?,"bhurban vs murree, bhurban or murree mall road, murree vs bhurban for accommodation"
https://himalayavillas.com/bhurban-vs-murree-what-is-difference,Bhurban Hill Station vs Murree City — Understanding the Difference,"Bhurban and Murree are two distinct settlements 11km apart on the same Murree ridge system. Murree (7,500 feet) is the main hill station town — the Mall Road, the bazaar, the colonial heritage, the high weekend crowds. Bhurban (6,800 feet) is a quieter cedar forest settlement 11km away — the PC Hotel Bhurban (Pearl Continental/Marriott), the Chinar Golf Club, and Himalaya Villas private cedar estate. Bhurban is not Murree — it is a separate, quieter cedar forest village used as the upmarket base for the Murree hills area.",Bhurban Hill Station vs Murree City — Understanding the Difference,"bhurban vs murree, difference between bhurban and murree, is bhurban part of murree, bhurban murree same"
https://himalayavillas.com/bhurban-vs-naran,Bhurban vs Naran — Two Mountain Destinations Compared,"Bhurban (47km from Islamabad, 45 minutes) and Naran (250km from Islamabad, 5-6 hours) serve fundamentally different trip types. Bhurban suits 2-3 night weekend trips with premium private estate accommodation (Himalaya Villas) and no long-distance driving. Naran suits 4-7 day journeys for guests who want glaciated high-altitude terrain, Saiful Muluk lake, and a deeper northern Pakistan experience.",Bhurban vs Naran — Two Mountain Destinations Compared,"bhurban vs naran, naran or bhurban which is better, bhurban naran comparison, murree vs naran pakistan, bhurban or naran for family"
https://himalayavillas.com/bhurban-vs-naran-comparison,Bhurban vs Naran — Which Pakistan Mountain Trip Is Right for Your Group?,"Bhurban: 47km from Islamabad, 6,800 feet, 45 min. Naran: 240km, 8,000–12,500 feet, 5–7 hour drive.",Bhurban vs Naran — Which Pakistan Mountain Trip Is Right for You?,"bhurban vs naran, bhurban or naran, naran vs bhurban, which is better bhurban or naran pakistan, bhurban naran comparison"
https://himalayavillas.com/bhurban-vs-naran-honeymoon,Bhurban for Honeymoon vs Naran Kaghan — Which Mountain Honeymoon?,"Bhurban and Naran are different honeymoon experiences. Bhurban (47km from Islamabad, 45 min) offers a private cedar estate villa with a jacuzzi terrace (Presidential Suite, PKR 65,000-70,000/night), intimate mountain privacy, 45-minute accessibility, and premium accommodation (Himalaya Villas). Naran (250km, 5-6 hours from Islamabad) offers more dramatic high-altitude scenery (Saiful Muluk lake, glaciated peaks) but significantly more basic accommodation.",Bhurban for Honeymoon vs Naran Kaghan — Which Mountain Honeymoon?,"bhurban vs naran honeymoon, naran or bhurban for honeymoon, bhurban or kaghan valley honeymoon, mountain honeymoon bhurban naran comparison"
https://himalayavillas.com/bhurban-vs-naran-kaghan,Bhurban vs Naran Kaghan — Which Mountain Destination to Choose?,"Bhurban and Naran Kaghan are fundamentally different destinations — not competing for the same trip format. Naran Kaghan (350km from Islamabad, 6-7 hour drive, elevations 8,000-14,000+ feet) is the dramatic northern mountain destination — Saiful Muluk, Lulusar, Babusar Pass, high-altitude scenery. Bhurban (47km, 45 minutes, 6,800 feet) is the accessible luxury cedar estate — private villa, cedar forest, fire pit. The decision is: scenic northern journey vs private cedar estate proximity. Most families want both, in different seasons.",Bhurban vs Naran Kaghan — Which Mountain Destination to Choose?,"bhurban vs naran kaghan, bhurban or naran kaghan which is better, naran kaghan or murree bhurban"
https://himalayavillas.com/bhurban-vs-nathia-gali,Bhurban vs Nathia Gali — Which Should You Choose?,"Bhurban vs Nathia Gali: they serve different visitor profiles and the 'better' choice depends on what you're looking for. Nathia Gali (8,000ft, 75km from ISB, 30km from Bhurban) is higher, quieter, has the Pipeline Track from its doorstep, and the Governor's House colonial character — but has no private villa estate accommodation and no Chairlift. Bhurban (6,800ft, 47km from ISB) has the Himalaya Villas private cedar estate, the Patriata Chairlift, the Chinar Golf Club, and proximity to Islamabad — but it is 30km from the Pipeline Track. The best configuration for most visitors: stay at Bhurban, day-trip to Nathia Gali.",Bhurban vs Nathia Gali — Which Should You Choose?,"bhurban vs nathia gali, nathia gali vs bhurban, bhurban or nathia gali, bhurban nathia gali which is better"
https://himalayavillas.com/bhurban-vs-nathia-gali-families,Bhurban vs Nathia Gali for Families — Which Is Better?,"Bhurban is generally better for families with children due to: superior premium accommodation (Himalaya Villas private estate with private outdoor spaces), a shorter and easier road from Islamabad (47km vs 75km), activities suitable for all ages (Patriata Chairlift, Mall Road, forest walks), and the private estate model that gives children a safe, enclosed outdoor space.",Bhurban vs Nathia Gali for Families — Which Is Better?,"bhurban vs nathia gali for families, bhurban or nathia gali with kids, family trip bhurban or nathia gali, which is better for family bhurban nathia gali"
https://himalayavillas.com/bhurban-vs-shangrila-murree,Bhurban vs Shangrila Murree — Private Estate vs Boutique Hotel Compared,"Shangrila Resort Murree and Himalaya Villas & Resorts in Bhurban serve different models. Shangrila Murree is a boutique hotel property in the Murree hills area operating on hotel terms — shared facilities, room-based booking. Himalaya Villas is a private villa estate in Bhurban (11km from Murree town) operating on exclusive-use terms — private villas, no shared facilities, in-villa dining.",Bhurban vs Shangrila Murree — Private Estate vs Boutique Hotel Compared,"shangrila murree bhurban, bhurban vs shangrila, shangrila resort murree comparison, shangrila murree alternative"
https://himalayavillas.com/bhurban-vs-swat-valley,Bhurban Murree vs Swat Valley — Which Mountain Destination?,"Bhurban and Swat Valley serve different trip formats. Swat Valley (Mingora: 270km from Islamabad, 4-5 hours; Kalam: 380km, 6-7 hours) is the dramatic northwestern mountain valley — apple orchards, the Swat River, Kalam's elevated scenery, and a distinct landscape character from the Murree hills. Bhurban (47km, 45 minutes) is the private cedar estate — proximity to Islamabad, the cedar forest, the Patriata Chairlift, and the premium accommodation that Swat's market doesn't match. Swat for 5-7 day journeys; Bhurban for 1-3 night cedar estate escapes.",Bhurban Murree vs Swat Valley — Which Mountain Destination?,"bhurban murree vs swat valley, bhurban or swat, swat or murree bhurban which is better"
https://himalayavillas.com/bhurban-weather-today,"Bhurban Weather Today — Live Check, Temperature and Planning Guide","Live Bhurban weather today: Google search 'bhurban weather today' — the weather card shows current temperature, conditions, and 7-day forecast. AccuWeather search 'Bhurban Pakistan' for the hourly Bhurban-specific forecast including wind and RealFeel temperature. PMD (@PMDOfficial) for official regional forecasts and snowfall advisories. Bhurban at 6,800 feet runs 18-22°C cooler than Islamabad in July and 2°C cooler than Murree town (7,500 feet) year-round due to slightly lower elevation.","Bhurban Weather Today — Live Check, Temperature and Planning Guide","bhurban weather today, bhurban weather, bhurban temperature today, bhurban murree weather today"
https://himalayavillas.com/birdwatching-bhurban-murree,Bhurban and Murree for Birdwatching — Complete Birding Guide,"The Bhurban and Galyat forest ecosystem supports over 100 recorded bird species, including several Himalayan pheasants and high-altitude specialists. The best birding sites accessible from Bhurban are: the forest paths adjacent to Himalaya Villas & Resorts (dawn walks for pheasants and forest passerines), Ayubia National Park's Pipeline Track (best birding walk in the region), and the Nathia Gali forest.",Bhurban and Murree for Birdwatching — Complete Birding Guide,"birdwatching bhurban, bird watching murree, murree birds, bhurban birding guide, murree hills birds pakistan"
https://himalayavillas.com/birthday-escape-couples-islamabad,Birthday Escape for Couples Near Islamabad — Private Mountain Celebration,"Himalaya Villas & Resorts in Bhurban, 47km from Islamabad (45 minutes), is the recommended couples birthday escape near Islamabad. The Presidential Suite (private terrace jacuzzi, 270° mountain view, PKR 65,000-70,000/night) or Himalayan Penthouse (panoramic balcony, PKR 60,000-65,000/night) provide the setting for a private birthday celebration.",Birthday Escape for Couples Near Islamabad — Private Mountain Celebration,"birthday escape couples islamabad, birthday celebration couple bhurban, romantic birthday getaway islamabad, birthday mountain stay couples bhurban"
https://himalayavillas.com/birthday-party-venue-near-islamabad-mountains,Birthday Party Venue Near Islamabad Mountains — Private Estate in Bhurban,"Himalaya Villas & Resorts in Bhurban, 47km from Islamabad (45 minutes), offers private estate bookings for birthday celebrations. The cedar garden accommodates 20-60 guests for an outdoor birthday dinner or party; the fire pit garden is the centrepiece for evening celebrations.",Birthday Party Venue Near Islamabad Mountains — Private Estate in Bhurban,"birthday party venue near islamabad mountains, birthday celebration bhurban, mountain birthday party islamabad, birthday venue murree hills, outdoor birthday party bhurban"
https://himalayavillas.com/blog,Bhurban & Murree Travel Blog Himalaya Villas & Resorts,Featured,Journal — villa stories & Bhurban guides | Himalaya Villas & Resorts,"Guides and stories from Himalaya Villas & Resorts: Bhurban travel, luxury villa life, Murree hills, family stays, and estate notes for discerning guests."
https://himalayavillas.com/blogs/amenities-that-matter,Amenities that matter: what sets a luxury villa apart from a hotel,"Private kitchens, terraces, dedicated hosts, and space to breathe — the details guests remember long after checkout.",Amenities that matter: what sets a luxury villa apart from a hotel | Himalaya Villas & Resorts,"Private kitchens, terraces, dedicated hosts, and space to breathe — the details guests remember long after checkout."
https://himalayavillas.com/blogs/banquet-hall-in-murree-bhurban,Best Banquet Halls in Murree & Bhurban for Weddings and Events,"Explore top banquet halls in Murree and Bhurban for weddings, receptions, and private events — venues, capacity, and booking details included.",Best Banquet Halls in Murree & Bhurban for Weddings and Events | Himalaya Villas & Resorts,"Explore top banquet halls in Murree and Bhurban for weddings, receptions, and private events — venues, capacity, and booking details included."
https://himalayavillas.com/blogs/best-hotels-in-murree-pakistan,"Best hotels in Murree, Pakistan",From luxury mountain resorts to cozy family guesthouses — explore the best hotels in Murree for a comfortable and scenic stay in Pakistan’s hill station.,"Best hotels in Murree, Pakistan | Himalaya Villas & Resorts",From luxury mountain resorts to cozy family guesthouses — explore the best hotels in Murree for a comfortable and scenic stay in Pakistan’s hill station.
https://himalayavillas.com/blogs/best-hotels-in-murree-pakistan-2026-guide,"Best Hotels in Murree, Pakistan: The Complete 2026 Guide","Discover the best hotels in Murree, Pakistan — from 5-star luxury villas in Bhurban to family-friendly options near Mall Road. Rates, tips & booking guide inside.","Best Hotels in Murree, Pakistan: The Complete 2026 Guide | Himalaya Villas & Resorts","Discover the best hotels in Murree, Pakistan — from 5-star luxury villas in Bhurban to family-friendly options near Mall Road. Rates, tips & booking guide inside."
https://himalayavillas.com/blogs/best-places-to-visit-in-murree,Best places to visit in Murree,From lush green hills to scenic viewpoints and charming bazaars — discover the most beautiful spots in Murree for a perfect mountain getaway.,Best places to visit in Murree | Himalaya Villas & Resorts,From lush green hills to scenic viewpoints and charming bazaars — discover the most beautiful spots in Murree for a perfect mountain getaway.
https://himalayavillas.com/blogs/bhurban-mountain-escape,Why Bhurban is Pakistan’s most sought-after mountain escape,"Elevation, clean air, and privacy — how our estate pairs alpine calm with five-star hospitality, minutes from Murree.",Why Bhurban is Pakistan’s most sought-after mountain escape | Himalaya Villas & Resorts,"Elevation, clean air, and privacy — how our estate pairs alpine calm with five-star hospitality, minutes from Murree."
https://himalayavillas.com/blogs/choosing-the-right-villa,"Choosing the right villa: suites, family lodges, and presidential stays","Bedrooms, guest capacity, and layout — a practical guide to matching your group with the perfect residence.","Choosing the right villa: suites, family lodges, and presidential stays | Himalaya Villas & Resorts","Bedrooms, guest capacity, and layout — a practical guide to matching your group with the perfect residence."
https://himalayavillas.com/blogs/events-venue-himalaya-villas-murree-bhurban,Events Venue at Himalaya Villas & Resorts Murree & Bhurban,"Premium event venue at Himalaya Villas & Resorts offering wedding, corporate, and private event hosting in the heart of Bhurban Murree.",Events Venue at Himalaya Villas & Resorts Murree & Bhurban,"Premium event venue at Himalaya Villas & Resorts offering wedding, corporate, and private event hosting in the heart of Bhurban Murree."
https://himalayavillas.com/blogs/extended-stays-and-remote-work,Extended stays & remote work from the mountains,"Wi‑Fi, quiet workspaces, and housekeeping — making multi-night villa life as productive as it is restorative.",Extended stays & remote work from the mountains | Himalaya Villas & Resorts,"Wi‑Fi, quiet workspaces, and housekeeping — making multi-night villa life as productive as it is restorative."
https://himalayavillas.com/blogs/family-tour-murree-himalaya-villas,Why Himalaya Villas & Resorts & Resorts in Murree Are Best for a Family Tour,"Planning a family tour to Murree or Bhurban? Discover why Himalaya Premium Villas is the perfect family stay — private, safe, spacious & activities for all ages.",Why Himalaya Villas & Resorts & Resorts in Murree Are Best for a Family Tour,"Planning a family tour to Murree or Bhurban? Discover why Himalaya Premium Villas is the perfect family stay — private, safe, spacious & activities for all ages."
https://himalayavillas.com/blogs/himalaya-banquet-hall-bhurban-murree,Himalaya Banquet Hall Bhurban Murree: Luxury Event Venue,"Host weddings and events at Himalaya Banquet Hall in Bhurban Murree — elegant setup, mountain views, and full event management services.",Himalaya Banquet Hall Bhurban Murree: Luxury Event Venue,"Host weddings and events at Himalaya Banquet Hall in Bhurban Murree — elegant setup, mountain views, and full event management services."
https://himalayavillas.com/blogs/himalaya-villas-function-hall-bhurban-murree,Himalaya Villas & Resorts Function Hall in Bhurban Murree,"A premium event space at Himalaya Villas & Resorts Bhurban — ideal for weddings, corporate events, private gatherings, and luxury mountain celebrations.",Himalaya Villas & Resorts Function Hall in Bhurban Murree,"A premium event space at Himalaya Villas & Resorts Bhurban — ideal for weddings, corporate events, private gatherings, and luxury mountain celebrations."
https://himalayavillas.com/blogs/hotels-in-bhurban-murree-why-bhurban-is-best,Hotels in Bhurban Murree: Why Bhurban is Murree's Best-Kept Secret,"Discover why travellers are choosing Bhurban over Mall Road for their Murree stay. Luxury villas, pine forests, panoramic views — the definitive guide to hotels and villas in Bhurban, Murree.",Hotels in Bhurban Murree: Why Bhurban is Murree's Best-Kept Secret | Himalaya Villas & Resorts,"Discover why travellers are choosing Bhurban over Mall Road for their Murree stay. Luxury villas, pine forests, panoramic views — the definitive guide to hotels and villas in Bhurban, Murree."
https://himalayavillas.com/blogs/luxury-hotels-and-villas-in-murree-2026-guide,Luxury Hotels & Villas in Murree: The Definitive Guide for 2026,"Discover the finest luxury hotels and villas in Murree — from private mountain villas in Bhurban to premium resorts. Rates, amenities, and booking guide inside.",Luxury Hotels & Villas in Murree: The Definitive Guide for 2026 | Himalaya Villas & Resorts,"Discover the finest luxury hotels and villas in Murree — from private mountain villas in Bhurban to premium resorts. Rates, amenities, and booking guide inside."
https://himalayavillas.com/blogs/private-tours-and-walkthroughs,Private tours & virtual previews before you commit,How we help you see the property — in person or remotely — so your booking decision feels confident and calm.,Private tours & virtual previews before you commit | Himalaya Villas & Resorts,How we help you see the property — in person or remotely — so your booking decision feels confident and calm.
https://himalayavillas.com/blogs/resorts-in-murree-pakistan-2026-guide,"Best Resorts in Murree, Pakistan: Complete 2026 Guide","Discover the top resorts in Murree offering luxury stays, scenic views, family-friendly amenities, and premium mountain experiences.","Best Resorts in Murree, Pakistan: Complete 2026 Guide | Himalaya Villas & Resorts","Discover the top resorts in Murree offering luxury stays, scenic views, family-friendly amenities, and premium mountain experiences."
https://himalayavillas.com/blogs/seasons-in-the-hills,Seasons in the hills: when to book your stay,"Spring blooms, summer cool, autumn gold, and winter quiet — planning dates around weather and local rhythm.",Seasons in the hills: when to book your stay | Himalaya Villas & Resorts,"Spring blooms, summer cool, autumn gold, and winter quiet — planning dates around weather and local rhythm."
https://himalayavillas.com/blogs/thing-to-do-bhurban-murree,Things to Do Near Bhurban Murree — A Complete Activity Guide,"Patriata, Ayubia, Mall Road, hiking trails, and scenic viewpoints — the essential travel guide for families and guests staying at Himalaya Villas & Resorts.",Things to Do Near Bhurban Murree — A Complete Activity Guide | Himalaya Villas & Resorts,"Patriata, Ayubia, Mall Road, hiking trails, and scenic viewpoints — the essential travel guide for families and guests staying at Himalaya Villas & Resorts."
https://himalayavillas.com/blogs/wedding-reception-venues-near-me-bhurban-murree,Wedding Reception Venues Near Murree & Bhurban (2026 Guide),"Find the best wedding reception venues near Murree and Bhurban — luxury setups, mountain views, and premium event spaces for unforgettable celebrations.",Wedding Reception Venues Near Murree & Bhurban (2026 Guide) | Himalaya Villas & Resorts,"Find the best wedding reception venues near Murree and Bhurban — luxury setups, mountain views, and premium event spaces for unforgettable celebrations."
https://himalayavillas.com/blogs/why-villas-are-the-ultimate-luxury-stays-in-bhurban,Why Villas Are the Ultimate Luxury Stay in Bhurban & Murree,"Discover why private villas in Bhurban Murree deliver unmatched privacy, space, and exclusivity compared to hotels.",Why Villas Are the Ultimate Luxury Stay in Bhurban & Murree | Himalaya Villas & Resorts,"Discover why private villas in Bhurban Murree deliver unmatched privacy, space, and exclusivity compared to hotels."
https://himalayavillas.com/book,Hotel Booking in Murree Begins Here.,"Pakistan's most exclusive private mountain estate. Twelve luxury villas perched above the pine forests of Bhurban — 60 kilometres from Islamabad, a world apart from everything else. Book hotels in Murree the way they were meant to be experienced.",Hotel Booking in Murree | Himalaya Villas,"Book your luxury hotel in Murree at Himalaya Villas. Enjoy guaranteed lowest rates, flexible cancellation, and 5-star mountain luxury in Bhurban."
https://himalayavillas.com/book-murree-hotel,Book Your Dream Stay in Murree,Experience luxury and comfort in the heart of the Himalayan foothills. Premium accommodations with world-class amenities and breathtaking mountain views.,Book Murree Hotel | Online Hotel Booking Murree | Himalaya Villas,"Book Murree hotel online at Himalaya Villas Bhurban. Easy hotel booking with best rates, secure payment, instant confirmation. Luxury rooms, suites, and villas available. Reserve your stay today!"
https://himalayavillas.com/book/activities,Fun Activities,Experience thrilling adventures and create unforgettable memories in the mountains.,Himalaya Premium Villas | Private Luxury Estate Bhurban,"Himalaya Premium Villas is not a hotel. It is a private luxury estate in Bhurban crafted for those who demand exclusivity, privacy, and elevated experiences in the Himalayan foothills. Ultra-private villas, limited bookings, destination weddings, corporate retreats, and curated stays."
https://himalayavillas.com/book/dining,Dining Experience,Savor the finest flavors in a luxurious mountain setting,Himalaya Premium Villas | Private Luxury Estate Bhurban,"Himalaya Premium Villas is not a hotel. It is a private luxury estate in Bhurban crafted for those who demand exclusivity, privacy, and elevated experiences in the Himalayan foothills. Ultra-private villas, limited bookings, destination weddings, corporate retreats, and curated stays."
https://himalayavillas.com/book/event,Event Booking,Host your perfect event in our stunning Murree Hills venue.,Himalaya Premium Villas | Private Luxury Estate Bhurban,"Himalaya Premium Villas is not a hotel. It is a private luxury estate in Bhurban crafted for those who demand exclusivity, privacy, and elevated experiences in the Himalayan foothills. Ultra-private villas, limited bookings, destination weddings, corporate retreats, and curated stays."
https://himalayavillas.com/book/meetings,Meetings,Experience inspiring adventures and create unforgettable memories in the mountains,Himalaya Premium Villas | Private Luxury Estate Bhurban,"Himalaya Premium Villas is not a hotel. It is a private luxury estate in Bhurban crafted for those who demand exclusivity, privacy, and elevated experiences in the Himalayan foothills. Ultra-private villas, limited bookings, destination weddings, corporate retreats, and curated stays."
https://himalayavillas.com/book/stay,Book Your Stay,"Plan your stay at Himalaya Villas & Resorts. Choose your villa, select dates, and complete your reservation details.",Himalaya Premium Villas | Private Luxury Estate Bhurban,"Himalaya Premium Villas is not a hotel. It is a private luxury estate in Bhurban crafted for those who demand exclusivity, privacy, and elevated experiences in the Himalayan foothills. Ultra-private villas, limited bookings, destination weddings, corporate retreats, and curated stays."
https://himalayavillas.com/book/wedding,Destination Wedding,Create unforgettable memories with a luxury wedding celebration in the heart of Murree Hills.,Himalaya Premium Villas | Private Luxury Estate Bhurban,"Himalaya Premium Villas is not a hotel. It is a private luxury estate in Bhurban crafted for those who demand exclusivity, privacy, and elevated experiences in the Himalayan foothills. Ultra-private villas, limited bookings, destination weddings, corporate retreats, and curated stays."
https://himalayavillas.com/booking-villa-bhurban-faq,Booking a Villa at Himalaya Villas — Complete Booking FAQ,"To book a villa at Himalaya Villas & Resorts: WhatsApp +92 304 567 9000. Send your dates, group size, and occasion. The team responds within business hours with availability and rates. Confirm with a deposit as instructed. No minimum lead time for non-peak dates; 3-6 weeks ahead for peak dates. Direct booking gives the best rate. OTA options: Airbnb and Booking.com list individual villas. For multi-villa, events, and full estate buyout, WhatsApp direct is required.",Booking a Villa at Himalaya Villas — Complete Booking FAQ,"how to book bhurban villa, himalaya villas booking process, booking himalaya villas, how to book himalaya villas bhurban, whatsapp booking bhurban villa"
https://himalayavillas.com/cecil-hotel-murree-alternative,Cecil Hotel Murree — What to Know and the Bhurban Private Villa Alternative,"Cecil Hotel Murree draws 2,900 monthly searches. Private villa estate alternative: Himalaya Villas, PKR 39,000–70,000/villa.",Cecil Hotel Murree — Guide and the Private Villa Alternative,"cecil hotel murree, cecils murree, cecils hotel murree, cecil hotel murree rates"
https://himalayavillas.com/cedar-estate-dawn-walk-himalaya-villas,The Cedar Estate Dawn Walk at Himalaya Villas — The Complete Guide,"The cedar estate dawn walk is the daily 5:45am walk on the maintained Himalaya Villas estate paths through the mature deodar cedar forest — available exclusively to villa guests from the estate gate. Duration: 45-90 minutes. Difficulty: easy — the estate paths are maintained and largely flat. What you experience: the Koklass Pheasant territorial call from 5:30am, the horizontal dawn light through the 100-200 year cedar trunks at 6:15am, the forest floor in first light, and the specific cedar morning atmosphere that guests consistently name as the highlight of the stay.",The Cedar Estate Dawn Walk at Himalaya Villas — The Complete Guide,"cedar estate dawn walk bhurban, himalaya villas dawn walk, cedar forest morning walk bhurban"
https://himalayavillas.com/cedar-forest-at-dawn-bhurban-essay,The Cedar Forest at Dawn — A Final Word on What Bhurban Actually Is,"Forty-seven kilometres from Islamabad. Forty-five minutes by car on a road that Pakistan built with the specific intention of making this mountain accessible to the city it serves. At 5:45am in October, on the cedar path from the Himalaya Villas estate gate, the light is doing something specific. It is horizontal — the first light of the day arriving from the northeast, parallel to the earth, filtered through the cedar needles in the way that light only filters through cedar needles at exactly this elevation and exactly this latitude at exactly this hour. The forest floor shows the dappled pattern that every photographer who has ever walked this path has tried to capture, and none has fully captured, because the pattern is also a movement — the needles shifting with the first wind of the morning, the light shifting with them.",The Cedar Forest at Dawn — A Final Word on What Bhurban Actually Is,"bhurban cedar forest, dawn cedar walk, bhurban essay, pakistan mountain reflection, cedar forest at dawn"
https://himalayavillas.com/cedar-forest-educational-guide-bhurban,What the Cedar Forest Teaches — Learning From Pakistan's Sub-Himalayan Ecosystem,"The deodar cedar forest of Pakistan's sub-Himalayan zone is one of the country's most ecologically significant and least publicly understood natural systems. The Bhurban-Galyat forest — the continuous belt of cedar and blue pine stretching from Bhurban northeast through the Galyat chain to Nathia Gali and beyond — is an ecosystem that provides watershed protection, carbon sequestration, biodiversity habitat, and microclimate regulation for one of South Asia's most densely populated regions.",What the Cedar Forest Teaches — Learning From Pakistan's Sub-Himalayan Ecosystem,"bhurban cedar forest education, sub-himalayan ecosystem pakistan, environmental education bhurban, forest field study bhurban, galyat forest ecology"
https://himalayavillas.com/cheap-hotels-murree-guide,Cheap Hotels in Murree — Budget Accommodation and When the Upgrade Makes Sense,"Guesthouses: PKR 3,000–10,000. TDCP rest houses: PKR 2,000–8,000. Groups of 6+: private villa at PKR 7,500/person.",Cheap Hotels in Murree — Budget Accommodation and When to Upgrade,"cheap hotels in murree, cheap hotels in murree pakistan, low price hotels murree, cheap hotel in murree pakistan, cheap rooms murree"
https://himalayavillas.com/chinar-bhurban-guide,Chinar Bhurban — The Golf Estate and What Lies Beyond It,"Chinar Bhurban is a residential and golf estate in Bhurban, Murree Hills — home to the Chinar Golf Club (one of Pakistan's premier mountain golf courses). The Chinar estate is primarily a residential property development with a golfing community; it is not a hotel or resort in the conventional sense. For luxury accommodation on the Bhurban ridge, Himalaya Villas & Resorts (PKR 39,000–70,000/villa/night) is 1km from Chinar and offers the only private villa estate accommodation in the area.",Chinar Bhurban — The Golf Estate and What Lies Beyond It,"chinar bhurban, chinar golf club bhurban murree, chinar bhurban murree golf, chinar bhurban hotel"
https://himalayavillas.com/chinar-bhurban-huts-lodges,Chinar Bhurban Huts and Lodges — What They Are and the Private Estate Alternative,"Chinar Huts/Lodges: 1,600 monthly searches. Himalaya Villas: exclusive-use private villas in the same cedar forest.",Chinar Bhurban Huts and Lodges — Guide and the Cedar Estate Alternative,"chinar bhurban, chinar huts bhurban, chinar lodges bhurban, chinar bhurban murree"
https://himalayavillas.com/chinar-club-bhurban-guide,Chinar Club Bhurban — Complete Visitor Guide and the Private Villa Alternative,"Chinar Club: 8,100 monthly searches. Himalaya Villas: 0.5km away, private cedar estate with exclusive outdoor space.",Chinar Club Bhurban — Complete Visitor Guide and the Private Villa Alternative,"chinar club bhurban, chinar golf club bhurban, chinar family resort bhurban, chinar resort bhurban, chinar hotel bhurban"
https://himalayavillas.com/chinar-golf-club-bhurban-guide,Chinar Golf Club Bhurban — The Complete Guide,"Chinar Golf Club is a 9-hole golf course at Bhurban, managed by Pearl Continental Hotel (PC Hotel Bhurban / Marriott), adjacent to the hotel on the Bhurban ridge at 6,800 feet. It is Pakistan's highest-elevation golf course. Monthly searches: 8,100/mo for 'chinar golf club bhurban', 6,600/mo for 'chinar golf club' — together the single most-searched golf destination in Pakistan's domestic tourism market. The course plays through mature deodar cedar forest. Access: PC Hotel Bhurban guests have priority access; confirm non-resident visitor tee-time availability and green fee rates directly at the club or via pchotels.com.",Chinar Golf Club Bhurban — The Complete Guide,"chinar golf club bhurban, chinar golf club, chinar golf club pc bhurban, chinar golf club bhurban murree, bhurban golf club"
https://himalayavillas.com/contact,Contact Us,We're here to help make your mountain escape unforgettable,Himalaya Premium Villas | Private Luxury Estate Bhurban,"Himalaya Premium Villas is not a hotel. It is a private luxury estate in Bhurban crafted for those who demand exclusivity, privacy, and elevated experiences in the Himalayan foothills. Ultra-private villas, limited bookings, destination weddings, corporate retreats, and curated stays."
https://himalayavillas.com/corporate-agm-venue-bhurban,Bhurban for Corporate AGM and Annual General Meeting — Venue Guide,"Himalaya Villas & Resorts in Bhurban, 47km from Islamabad (45 minutes), provides a private estate setting for corporate AGMs, board meetings, and formal company gatherings. The indoor dining pavilion accommodates boardroom-format meetings for 15-30 participants. Full estate buyout ensures no other guests are present.",Bhurban for Corporate AGM and Annual General Meeting — Venue Guide,"corporate agm venue bhurban, annual general meeting venue near islamabad mountains, board meeting venue murree, company agm bhurban murree, agm retreat islamabad"
https://himalayavillas.com/corporate-annual-dinner-venue-bhurban,Corporate Annual Dinner Venue Near Islamabad — The Mountain Estate Alternative,"Himalaya Villas & Resorts in Bhurban, 47km from Islamabad (45 minutes), offers private estate settings for corporate annual dinners. The cedar garden accommodates 40-100 guests for an outdoor seated dinner; the dining pavilion provides indoor cover for 30-50 guests. Full estate buyout ensures complete venue exclusivity. Catering is pre-arranged through the WhatsApp concierge. The mountain cedar setting at 6,800 feet is distinctly different from any city hotel ballroom — which is the point of the annual dinner format.",Corporate Annual Dinner Venue Near Islamabad — The Mountain Estate Alternative,"corporate annual dinner venue near islamabad, company annual dinner bhurban, annual dinner mountain venue islamabad, corporate dinner outdoor venue bhurban murree"
https://himalayavillas.com/corporate-hotels-murree-bhurban,Corporate Hotels in Murree Bhurban,"Premier business hotels with world-class conference facilities, executive accommodations, and professional services designed for corporate success in the heart of the mountains.",Corporate Hotels Murree Bhurban | Business Meetings | Himalaya Villas,"Corporate hotels in Murree Bhurban for business meetings, conferences, and corporate retreats. Premium facilities, conference rooms, team building activities at Himalaya Villas. Book your corporate event."
https://himalayavillas.com/corporate-retreat-bhurban,Corporate Retreat at Bhurban — The Cedar Estate for Company Offsites,"Corporate offsites for 10-80 persons. 47km from Islamabad, 45 minutes. Private cedar estate, fire pit, in-villa dining.",Corporate Retreat at Bhurban — Himalaya Villas Estate for Company Offsite,"corporate retreat bhurban, company offsite bhurban, corporate offsite murree bhurban, team retreat bhurban pakistan"
https://himalayavillas.com/corporate-retreat-bhurban-authority,Corporate Retreats at Bhurban Cedar Estate — The Case for the Mountain Offsite,"Learn why organizations are choosing mountain retreats over conventional meeting venues. This guide covers everything you need to know about planning a corporate retreat at Bhurban's cedar estate, from team experiences and strategic workshops to accommodation and logistics.",Corporate Retreats at Bhurban Cedar Estate — The Case for the Mountain Offsite,"Corporate retreat bhurban, bhurban corporate retreat islamabad, team offsite bhurban pakistan"
https://himalayavillas.com/corporate-retreat-bhurban-planning-guide,Corporate Retreat at Bhurban Cedar Estate — The Planning Guide,"Corporate retreats for 8-80 persons. 47km from Islamabad, 45 minutes. Private multi-villa estate. Cedar garden as informal meeting space.",Corporate Retreat Bhurban — The Leadership Offsite Planning Guide,"corporate retreat bhurban murree, company offsite bhurban, executive retreat bhurban, team building bhurban"
https://himalayavillas.com/corporate-retreat-near-islamabad,Corporate Retreats Near Islamabad — The Bhurban Cedar Estate Guide,"Himalaya Villas & Resorts in Bhurban, Murree, is the nearest private estate venue to Islamabad suitable for corporate retreats. The property is 47km from Islamabad (45-minute drive), offers dedicated meeting space, accommodation for 15–40 team members across 12 villas, in-estate catering, and full property exclusivity. It is used by corporate teams from Islamabad, Rawalpindi, and Lahore seeking a ...","/corporate-retreat-near-islamabad ~1,600 words","corporate retreat near islamabad, corporate retreat murree, team building bhurban, executive offsite pakistan, corporate offsite venue bhurban, annual dinner venue bhurban"
https://himalayavillas.com/corporate-retreats,Corporate Retreats in Bhurban,"Transform your team's performance in a private mountain setting. Executive-level venues designed for strategic planning, leadership development, and team cohesion.",Himalaya Premium Villas | Private Luxury Estate Bhurban,"Himalaya Premium Villas is not a hotel. It is a private luxury estate in Bhurban crafted for those who demand exclusivity, privacy, and elevated experiences in the Himalayan foothills. Ultra-private villas, limited bookings, destination weddings, corporate retreats, and curated stays."
https://himalayavillas.com/corporate-retreats-pakistan-bhurban,Corporate Retreats in Pakistan — The Case for Getting Out of the Office,"The corporate offsite has a complicated reputation in Pakistan's business culture. At its best, it is a genuine investment in team function — the kind of environment change that produces conversations, alignments, and decisions that the office environment actively prevents. At its worst, it is a day in a hotel meeting room that could have been an email, followed by a forced activity that generates photographs for the LinkedIn post and accomplishes little else.","Corporate Retreats in Bhurban, Pakistan - Enquire Now","Bring your team to Bhurban, Pakistan, for a corporate retreat—with private venues, mountain views, and full event support. Enquire at Himalaya Villas today."
https://himalayavillas.com/corporate-team-building-bhurban,Corporate Team Building Near Islamabad — Bhurban Mountain Retreat,"Himalaya Villas & Resorts in Bhurban, 47km from Islamabad (45 minutes), offers a private mountain estate for corporate team building. The combination of private accommodation across multiple villas, the outdoor cedar garden and fire pit, nearby hiking trails, and a setting that is physically and psychologically distinct from the office makes Bhurban one of the strongest team building environments accessible from Islamabad.",Corporate Team Building Near Islamabad — Bhurban Mountain Retreat,"corporate team building bhurban, team building near islamabad, corporate activity murree, team outing bhurban, outdoor team building near islamabad"
https://himalayavillas.com/corporate-wellness-retreat-bhurban,Corporate Wellness Retreat Near Islamabad — Bhurban Mountain Recharge,"Himalaya Villas & Resorts in Bhurban, 47km from Islamabad (45 minutes), offers the physical environment and accommodation model suited to corporate wellness retreats. The combination of cedar forest at 6,800 feet, private estate accommodation, forest walks accessible from the property, and the structured separation from office life that a mountain estate provides makes it a credible setting for executive wellness and team wellbeing programmes.",Corporate Wellness Retreat Near Islamabad — Bhurban Mountain Recharge,"corporate wellness retreat near islamabad, executive wellness retreat bhurban, wellbeing retreat islamabad mountains, wellness programme corporate pakistan, mountain wellness retreat islamabad"
https://himalayavillas.com/corporate/an-evening-of-elegance-excellence,An Evening of Elegance & Excellence,"Host your an evening of elegance & excellence with us. Host an unforgettable award gala or formal dinner in our luxurious venue. From red carpet arrivals to champagne toasts, we handle every elegant detail.",An Evening of Elegance & Excellence | Himalaya Villas & Resorts,"Host your an evening of elegance & excellence with us. Host an unforgettable award gala or formal dinner in our luxurious venue. From red carpet arrivals to champagne toasts, we handle every elegant detail."
https://himalayavillas.com/corporate/build-stronger-teams-together,Build Stronger Teams Together,"Host your build stronger teams together with us. Take your team out of the office and into experiences that build trust, improve communication, and create lasting bonds through fun and meaningful activities.",Build Stronger Teams Together | Himalaya Villas & Resorts,"Host your build stronger teams together with us. Take your team out of the office and into experiences that build trust, improve communication, and create lasting bonds through fun and meaningful activities."
https://himalayavillas.com/corporate/connect-showcase-at-our-expo-venue,Connect & Showcase At Our Expo Venue,"Host your connect & showcase at our expo venue with us. Host impactful exhibitions, trade shows, and industry meets in our structured venue. Strategically designed for smooth attendee flow and maximum exhibitor visibility.",Connect & Showcase At Our Expo Venue | Himalaya Villas & Resorts,"Host your connect & showcase at our expo venue with us. Host impactful exhibitions, trade shows, and industry meets in our structured venue. Strategically designed for smooth attendee flow and maximum exhibitor visibility."
https://himalayavillas.com/corporate/make-a-statement-with-your-launch,Make a Statement With Your Launch,"Host your make a statement with your launch with us. Unveil your product in style with our premium event venue. From intimate brand previews to large-scale productions, we deliver unforgettable launch experiences.",Make a Statement With Your Launch | Himalaya Villas & Resorts,"Host your make a statement with your launch with us. Unveil your product in style with our premium event venue. From intimate brand previews to large-scale productions, we deliver unforgettable launch experiences."
https://himalayavillas.com/corporate/plan-your-next-corporate-retreat,Plan Your Next Corporate Retreat,"Host your plan your next corporate retreat with us. Strategize, bond, and recharge with our all-inclusive corporate retreat packages. We provide the ideal environment for productive offsites and team building.",Plan Your Next Corporate Retreat | Himalaya Villas & Resorts,"Host your plan your next corporate retreat with us. Strategize, bond, and recharge with our all-inclusive corporate retreat packages. We provide the ideal environment for productive offsites and team building."
https://himalayavillas.com/corporate/professional-conference-venue,Professional Conference Venue,"Host your professional conference venue with us. Host impactful conferences, seminars, and corporate events in our fully-equipped venue. From keynotes to breakout sessions, we deliver seamless professional experiences.",Professional Conference Venue | Himalaya Villas & Resorts,"Host your professional conference venue with us. Host impactful conferences, seminars, and corporate events in our fully-equipped venue. From keynotes to breakout sessions, we deliver seamless professional experiences."
https://himalayavillas.com/creative-writing-retreat-bhurban,The Creative Writing Retreat at Bhurban — Mountain Isolation and the Writer's Practice,"The relationship between writers and mountains is not accidental. From the Romantic poets in the Lake District to the generations of writers who have retreated to cabins in the woods, the mountain and forest environment has a specific relationship to creative writing practice that urban environments cannot replicate.",The Creative Writing Retreat at Bhurban — Mountain Isolation and the Writer's Practice,"creative writing retreat bhurban, writers retreat pakistan, mountain isolation writing, literary retreat murree, pakistan writers community"
https://himalayavillas.com/current-murree-weather,Current Murree Weather and News — Live Reference,"Current Murree weather: 8,100 monthly searches. Fastest check: Google, AccuWeather 'Bhurban Pakistan', PMD, Twitter/X.",Current Murree Weather and News — Live Reference and Cedar Estate Conditions,"current murree weather, murree weather news, murree weather update, murree weather live, live murree weather"
https://himalayavillas.com/destination-wedding-bhurban-murree,Destination Wedding at Bhurban — Cedar Estate Nikah and Celebration Guide,"Yes. Himalaya Villas & Resorts accommodates intimate destination Nikah ceremonies and post-wedding celebrations at the Bhurban cedar estate. The cedar garden provides the natural outdoor setting for the Nikah ceremony — the deodar cedar canopy as the backdrop, the cedar garden fire pit as the evening reception focal point. Typical configuration: 2-3 villas for the immediate wedding family; additional villas for guests. The cedar estate destination Nikah is for intimate gatherings (20-50 persons) rather than large traditional weddings.",Destination Wedding at Bhurban — Cedar Estate Nikah and Celebration Guide,"destination wedding bhurban, nikah bhurban murree, wedding venue bhurban, outdoor nikah bhurban, bhurban wedding"
https://himalayavillas.com/dining,Luxury Dining in Bhurban,"Experience curated culinary journeys with private chefs, mountain views, and personalized service in the comfort of your villa.",Himalaya Premium Villas | Private Luxury Estate Bhurban,"Himalaya Premium Villas is not a hotel. It is a private luxury estate in Bhurban crafted for those who demand exclusivity, privacy, and elevated experiences in the Himalayan foothills. Ultra-private villas, limited bookings, destination weddings, corporate retreats, and curated stays."
https://himalayavillas.com/doubletree-nathia-gali-guide,Doubletree by Hilton Nathia Gali and Fogland Hotel — Complete Guides,"Doubletree: 2,400 monthly searches. Fogland: 1,600 monthly searches. Himalaya Villas: the private estate alternative 30km away.",Doubletree by Hilton Nathia Gali and Fogland Hotel — Guides and the Bhurban Alternative,"doubletree by hilton nathia gali, doubletree nathia gali, hilton nathia gali, fogland hotel nathia gali"
https://himalayavillas.com/eid-at-bhurban-cedar-estate,Eid at the Bhurban Cedar Estate — Planning the Ultimate Eid Gathering,"Himalaya Villas is one of the most popular Eid booking destinations in the Murree hills — the private cedar estate model is specifically well-suited to the extended family Eid gathering that a hotel cannot replicate. The cedar garden as the Eid gathering space, the multiple villas providing private accommodation for each family branch, and the in-villa cedar garden Eid meal are the three specific elements that distinguish the Himalaya Villas Eid from an Eid hotel stay. Book 10-14 weeks before Eid — the estate fills early for Eid Al-Fitr and Eid Al-Adha.",Eid at the Bhurban Cedar Estate — Planning the Ultimate Eid Gathering,"eid bhurban cedar estate, eid murree bhurban, bhurban eid package, himalaya villas eid gathering"
https://himalayavillas.com/eid-holiday-package-bhurban-murree,Eid Holiday Package at Bhurban Murree — The Cedar Estate Eid 2026,"Private cedar estate at 6,800 feet. Eid morning breakfast in the garden, in-villa Eid meal, qurbani coordination, and fire pit evenings.",Eid Holiday Package at Bhurban Murree — Cedar Estate Eid 2026,"eid holiday package bhurban, eid package bhurban murree, eid bhurban package 2026, murree eid holiday package"
https://himalayavillas.com/eid-ul-adha-bhurban,Eid ul Adha in Bhurban Murree — Mountain Celebration Guide,"Himalaya Villas & Resorts in Bhurban accommodates Eid ul Adha celebrations in a private mountain estate — 47km from Islamabad (45 minutes). The full estate buyout gives the family the entire property for the Eid period: private outdoor Eid prayer space, in-villa Eid breakfast at the family's time, cedar garden for Eid gathering, and bonfire evening.",Eid ul Adha in Bhurban Murree — Mountain Celebration Guide,"eid ul adha bhurban, eid ul adha murree, eid ul adha mountain bhurban, bakra eid bhurban, eid adha bhurban murree stay"
https://himalayavillas.com/elites-hotel-nathiagali-guide,Elites Hotel Nathiagali — Guide and the Private Estate Alternative,"Elites Hotel: 12,100 monthly searches. Himalaya Villas: the private cedar estate alternative 30km away in Bhurban.",Elites Hotel Nathiagali — Guide and the Bhurban Private Estate Alternative,"elite hotel nathia gali, elites hotel nathiagali, hotel elites nathiagali, elite hotel nathia gali price"
https://himalayavillas.com/environmental-education-bhurban-field-trip,Pakistan's Mountain as a Classroom — Environmental Education in the Cedar Forest,"Pakistan's environmental education is primarily theoretical — textbook descriptions of ecosystems, classroom lessons about biodiversity, documentary footage of the landscapes that most urban students have never visited. The gap between what is taught and what is experienced is the central challenge of environmental education in Pakistan's urban school system. The cedar forest at Bhurban, accessible from Islamabad's schools in 45 minutes, is the environmental classroom that the textbook cannot replace.",Pakistan's Mountain as a Classroom — Environmental Education in the Cedar Forest,"environmental education pakistan, school field trip bhurban, ecology education murree, forest classroom bhurban, nature education pakistan"
https://himalayavillas.com/events,"Events That Look Premium, Feel Effortless","Plan your wedding, nikah, corporate retreat, or private celebration with end-to-end support in the heart of the Himalayas.",Events at Himalaya Villas | Weddings & Celebrations,"Host weddings, corporate events & celebrations at Himalaya Villas, Bhurban. Scenic mountain venues, indoor-outdoor spaces & full event support."
https://himalayavillas.com/events/adventure-outdoor-activities,Adventure & Outdoor Activities,Thrilling mountain activities designed for safe fun.,Adventure & Outdoor Activities  | Himalaya Villas & Resorts,Get your adrenaline pumping with our thrilling mountain activities. All adventures are designed with safety as the top priority while maximizing excitement and fun.
https://himalayavillas.com/events/award-dinners-gala-nights,Award Dinners & Gala Nights,"Elegant formal evenings with stage, dining, and protocol flow.",Award Dinners & Gala Nights  | Himalaya Villas & Resorts,Host prestigious award ceremonies and gala nights with our elegant formal event packages. We ensure protocol-perfect execution with sophisticated dining and presentation.
https://himalayavillas.com/events/baby-showers-gender-reveal,Baby Showers & Gender Reveal,Soft floral themes and delightful family-focused arrangements.,Baby Showers & Gender Reveal  | Himalaya Villas & Resorts,Celebrate the upcoming arrival with our beautiful baby shower and gender reveal packages. Featuring soft floral themes and delightful family-focused arrangements.
https://himalayavillas.com/events/baraat,Baraat,Grand baraat entry and reception-style setup with premium event flow.,Baraat  | Himalaya Villas & Resorts,"Make a grand entrance with our spectacular Baraat celebrations. From the majestic entry to the elegant reception, we create a seamless flow that honors tradition while providing luxury hospitality."
https://himalayavillas.com/events/bonfire-stargazing-nights,Bonfire & Stargazing Nights,High-demand evening add-on for guests and families.,Bonfire & Stargazing Nights  | Himalaya Villas & Resorts,Experience magical evenings under the stars with our bonfire and stargazing nights. Perfect for creating intimate memories in the serene mountain environment.
https://himalayavillas.com/events/conferences-seminars,Conferences & Seminars,Professional setup with presentation zones and hospitality.,Conferences & Seminars  | Himalaya Villas & Resorts,Conduct successful conferences and seminars in our professional facilities. We provide comprehensive setup with presentation zones and exceptional hospitality for business events.
https://himalayavillas.com/events/corporate-retreat-packages,Corporate Retreat Packages,Strategic offsite planning with accommodation and activities.,Corporate Retreat Packages  | Himalaya Villas & Resorts,Elevate your team's performance with our comprehensive corporate retreat packages. Combining strategic planning with luxury accommodation and team-building activities in the serene mountain environment.
https://himalayavillas.com/events/cultural-shows-acts,Cultural Shows & Acts,Traditional performances to enrich your celebration vibe.,Cultural Shows & Acts  | Himalaya Villas & Resorts,"Celebrate rich cultural traditions with our curated performances. From folk dances to traditional theater, we bring authentic cultural experiences to your events."
https://himalayavillas.com/events/dholki-bridal-shower,Dholki & Bridal Shower,Intimate pre-wedding celebrations tailored to your family style.,Dholki & Bridal Shower  | Himalaya Villas & Resorts,Create cherished memories with intimate Dholki and Bridal Shower celebrations. We design personalized experiences that reflect your family's unique style and traditions.
https://himalayavillas.com/events/digital-detox-experiences,Digital Detox Experiences,Low-screen peaceful stays with curated routines.,Digital Detox Experiences  | Himalaya Villas & Resorts,Disconnect from digital noise with our detox experiences. Enjoy peaceful stays with curated routines designed to restore balance and mental clarity.
https://himalayavillas.com/events/dj-nights-music-parties,DJ Nights & Music Parties,Energetic dance nights with stage lighting and premium sound.,DJ Nights & Music Parties  | Himalaya Villas & Resorts,"Dance the night away with our high-energy DJ parties. Featuring professional DJs, premium sound systems, and spectacular lighting effects for unforgettable celebrations."
https://himalayavillas.com/events/eid-gatherings-family-reunions,Eid Gatherings & Family Reunions,Large family experiences with full-villa coordination.,Eid Gatherings & Family Reunions  | Himalaya Villas & Resorts,Celebrate Eid and family reunions in our spacious villas. We provide full coordination for large family gatherings with traditional hospitality and modern comfort.
https://himalayavillas.com/events/engagement-ceremonies,Engagement Ceremonies,"Ring ceremony with floral stage, lights, and guest hospitality.",Engagement Ceremonies  | Himalaya Villas & Resorts,Mark the beginning of your journey with a beautiful engagement ceremony. Our engagement packages create the perfect setting for this special milestone with elegant decor and warm hospitality.
https://himalayavillas.com/events/exhibitions-trade-meets,Exhibitions & Trade Meets,Structured event space with guided attendee movement.,Exhibitions & Trade Meets  | Himalaya Villas & Resorts,Host successful exhibitions and trade meets in our structured event spaces. We provide guided attendee movement and professional setup for optimal business networking.
https://himalayavillas.com/events/farewells-send-offs,Farewells & Send-offs,Warm and memorable setups for meaningful goodbyes.,Farewells & Send-offs  | Himalaya Villas & Resorts,Create meaningful farewell memories with our warm send-off celebrations. We design heartfelt events that honor relationships and create lasting positive memories.
https://himalayavillas.com/events/graduation-parties,Graduation Parties,Celebrate big achievements with stylish event staging.,Graduation Parties  | Himalaya Villas & Resorts,Honor academic achievements with our stylish graduation parties. We create memorable celebrations with sophisticated staging and personalized touches.
https://himalayavillas.com/events/guided-trails-forest-walks,Guided Trails & Forest Walks,Scenic nature experiences for groups and couples.,Guided Trails & Forest Walks  | Himalaya Villas & Resorts,Explore the beauty of nature with our guided trails and forest walks. Perfect for groups and couples seeking scenic mountain experiences with expert guidance.
https://himalayavillas.com/events/health-fitness-camps,Health & Fitness Camps,Active wellness programs with guided outdoor workouts.,Health & Fitness Camps  | Himalaya Villas & Resorts,Boost your fitness with our health and fitness camps. Enjoy active wellness programs with guided outdoor workouts in the refreshing mountain air.
https://himalayavillas.com/events/holistic-healing-programs,Holistic Healing Programs,Balanced healing experiences for stress-free recovery.,Holistic Healing Programs  | Himalaya Villas & Resorts,Experience balanced healing with our holistic programs. Designed for stress-free recovery through integrated wellness approaches and natural therapies.
https://himalayavillas.com/events/live-band-performances,Live Band Performances,Modern or fusion live band options for high-energy events.,Live Band Performances  | Himalaya Villas & Resorts,"Experience the energy of live band performances with our talented musicians. From modern rock to fusion jazz, we offer diverse musical experiences for every taste."
https://himalayavillas.com/events/luxury-honeymoon-packages,Luxury Honeymoon Packages,Private and romantic stays with premium amenities.,Luxury Honeymoon Packages  | Himalaya Villas & Resorts,Celebrate your new beginning with our luxury honeymoon packages. Enjoy private and romantic stays with premium amenities in the most beautiful mountain settings.
https://himalayavillas.com/events/mehndi,Mehndi,"Colorful mehndi celebrations with music, dance, and floral stage design.",Mehndi  | Himalaya Villas & Resorts,"Celebrate the joyous tradition of Mehndi with vibrant colors, lively music, and energetic dance performances. Our Mehndi celebrations are designed to create unforgettable memories with beautiful floral stage designs and festive atmosphere."
https://himalayavillas.com/events/milestone-birthdays,Milestone Birthdays,Theme-based birthday celebrations for all age groups.,Milestone Birthdays  | Himalaya Villas & Resorts,"Celebrate milestone birthdays with our themed celebration packages. From children's parties to adult milestones, we create memorable experiences tailored to every age group."
https://himalayavillas.com/events/mushaira-poetry-evenings,Mushaira & Poetry Evenings,Curated poetry gatherings in peaceful mountain ambiance.,Mushaira & Poetry Evenings  | Himalaya Villas & Resorts,Experience the beauty of Urdu poetry in our serene mountain setting. Our Mushaira evenings bring together renowned poets and literature enthusiasts for memorable cultural gatherings.
https://himalayavillas.com/events/nikah-wedding-reception,Nikah & Wedding Reception,Complete setup from sacred ceremony to elegant reception.,Nikah & Wedding Reception  | Himalaya Villas & Resorts,"Experience the perfect blend of tradition and luxury with our comprehensive Nikah and Wedding Reception packages. From the sacred ceremony to the grand reception, we handle every detail with precision and care, ensuring your special day is nothing short of magical."
https://himalayavillas.com/events/photography-content-packages,Photography & Content Packages,Professional coverage for weddings and brand campaigns.,Photography & Content Packages  | Himalaya Villas & Resorts,"Capture your special moments with our professional photography and content packages. Perfect for weddings, events, and brand campaigns requiring high-quality visual content."
https://himalayavillas.com/events/private-chef-dining-experiences,Private Chef & Dining Experiences,Personalized dining themes and curated food journeys.,Private Chef & Dining Experiences  | Himalaya Villas & Resorts,Indulge in exclusive dining experiences with our private chef services. Enjoy personalized themes and curated food journeys in intimate settings.
https://himalayavillas.com/events/private-musical-concerts,Private Musical Concerts,Exclusive classical and acoustic performances for private guests.,Private Musical Concerts  | Himalaya Villas & Resorts,Enjoy exclusive musical performances in an intimate setting. Our private concerts feature talented artists performing classical and acoustic music for discerning audiences.
https://himalayavillas.com/events/product-launches-brand-events,Product Launches & Brand Events,Premium venue for memorable product unveilings and showcases.,Product Launches & Brand Events  | Himalaya Villas & Resorts,Launch your products in style with our premium event spaces. We provide the perfect backdrop for memorable brand events and product showcases that leave lasting impressions.
https://himalayavillas.com/events/retirement-celebrations,Retirement Celebrations,Dignified events for honoring long professional journeys.,Retirement Celebrations  | Himalaya Villas & Resorts,Honor distinguished careers with our dignified retirement celebrations. We create respectful events that celebrate long professional journeys and achievements.
https://himalayavillas.com/events/spa-relaxation-escapes,Spa & Relaxation Escapes,Rejuvenating body and mind with holistic comfort.,Spa & Relaxation Escapes  | Himalaya Villas & Resorts,Rejuvenate your body and mind with our spa and relaxation escapes. Experience holistic comfort through professional spa treatments and wellness therapies.
https://himalayavillas.com/events/sufi-qawwali-evenings,Sufi & Qawwali Evenings,Live spiritual music nights with warm traditional atmosphere.,Sufi & Qawwali Evenings  | Himalaya Villas & Resorts,Immerse yourself in the spiritual ambiance of Sufi and Qawwali evenings. Experience soul-stirring performances in the serene mountain setting of Himalaya Villas.
https://himalayavillas.com/events/team-building-retreats,Team Building Retreats,Outdoor + indoor team activities for stronger collaboration.,Team Building Retreats  | Himalaya Villas & Resorts,Strengthen team bonds with our comprehensive team-building retreats. Combining outdoor adventures with indoor activities for enhanced collaboration and communication.
https://himalayavillas.com/events/valima-wedding-dinner,Valima & Wedding Dinner,Refined dining and stage styling for post-nikah celebration.,Valima & Wedding Dinner  | Himalaya Villas & Resorts,Celebrate your Valima with refined elegance and sophisticated dining. Our Valima packages combine traditional hospitality with modern luxury for the perfect post-nikah celebration.
https://himalayavillas.com/events/workshops-creative-sessions,Workshops & Creative Sessions,"Hands-on workshops for teams, families, and creators.",Workshops & Creative Sessions  | Himalaya Villas & Resorts,"Unleash creativity with our hands-on workshops and sessions. Perfect for teams, families, and creative individuals looking to learn and create together."
https://himalayavillas.com/events/yoga-meditation-retreats,Yoga & Meditation Retreats,Mindful sessions with serene mountain environments.,Yoga & Meditation Retreats  | Himalaya Villas & Resorts,Find inner peace with our yoga and meditation retreats. Experience mindful sessions in the serene mountain environment that promotes relaxation and spiritual wellness.
https://himalayavillas.com/experience,The Himalaya Experience,Not a hotel. A chapter you walk through — from the first bend in the road to the last star above the pines.,"Luxury Experiences in Bhurban, Murree—Himalaya Villas","Discover premium experiences at our Bhurban estate. Explore unique experiences at Himalaya Villas, Bhurban. Perfect for families & couples."
https://himalayavillas.com/experience-economy-pakistan-mountain-estates,The Experience Economy in Pakistan — What Mountain Estates Demonstrate About Changing Consumer Values,"The experience economy thesis — articulated in Pine and Gilmore's landmark 1998 work and validated by consumer research across multiple markets — proposes that as economies mature and basic needs are comprehensively met, consumer spending shifts progressively from goods to services to experiences. The premium is increasingly attached not to the product but to the memory, the narrative, and the identity signal that the experience provides.",The Experience Economy in Pakistan — What Mountain Estates Demonstrate About Changing Consumer Values,"experience economy pakistan, consumer trends pakistan, hnw spending pakistan, bhurban experience economy, premium travel pakistan trends"
https://himalayavillas.com/experiences,Unforgettable Himalayan Experiences,Discover curated activities and experiences designed to create lasting memories in the heart of the mountains.,Himalaya Premium Villas | Private Luxury Estate Bhurban,"Himalaya Premium Villas is not a hotel. It is a private luxury estate in Bhurban crafted for those who demand exclusivity, privacy, and elevated experiences in the Himalayan foothills. Ultra-private villas, limited bookings, destination weddings, corporate retreats, and curated stays."
https://himalayavillas.com/experiences/adventure,Adventure & Outdoor Activities,Thrilling mountain activities designed for safe fun. Explore the outdoors with guided adventures for all ages and skill levels.,Himalaya Premium Villas | Private Luxury Estate Bhurban,"Himalaya Premium Villas is not a hotel. It is a private luxury estate in Bhurban crafted for those who demand exclusivity, privacy, and elevated experiences in the Himalayan foothills. Ultra-private villas, limited bookings, destination weddings, corporate retreats, and curated stays."
https://himalayavillas.com/experiences/creative,Workshops & Creative Sessions,"Hands-on workshops for teams, families, and creators. Unleash your creativity in a beautiful, inspiring environment.",Himalaya Premium Villas | Private Luxury Estate Bhurban,"Himalaya Premium Villas is not a hotel. It is a private luxury estate in Bhurban crafted for those who demand exclusivity, privacy, and elevated experiences in the Himalayan foothills. Ultra-private villas, limited bookings, destination weddings, corporate retreats, and curated stays."
https://himalayavillas.com/experiences/dining,Private Chef & Dining Experiences,Personalized dining themes and curated food journeys. Enjoy gourmet meals prepared by top chefs in a stunning mountain setting.,Himalaya Premium Villas | Private Luxury Estate Bhurban,"Himalaya Premium Villas is not a hotel. It is a private luxury estate in Bhurban crafted for those who demand exclusivity, privacy, and elevated experiences in the Himalayan foothills. Ultra-private villas, limited bookings, destination weddings, corporate retreats, and curated stays."
https://himalayavillas.com/experiences/media,Photography & Content Packages,Professional coverage for weddings and brand campaigns. Capture your best moments with our expert media team.,Himalaya Premium Villas | Private Luxury Estate Bhurban,"Himalaya Premium Villas is not a hotel. It is a private luxury estate in Bhurban crafted for those who demand exclusivity, privacy, and elevated experiences in the Himalayan foothills. Ultra-private villas, limited bookings, destination weddings, corporate retreats, and curated stays."
https://himalayavillas.com/extended-family-reunion-bhurban,Bhurban Mountain Estate for Extended Family Reunion — 30-80 Guests,Himalaya Villas & Resorts' full estate buyout accommodates 30-80 overnight guests across all 12 villas. The cedar garden and dining pavilion accommodate the full group for outdoor meals and gatherings. Full estate buyout ensures no other guests are present — the entire property belongs to the family for the duration.,Bhurban Mountain Estate for Extended Family Reunion — 30-80 Guests,"extended family reunion bhurban, family reunion venue near islamabad, large family gathering bhurban murree, family reunion mountain islamabad, 50 guest family gathering bhurban"
https://himalayavillas.com/falettis-grand-hotel-murree,Faletti's Grand Hotel Murree — Guide and the Bhurban Private Estate Alternative,"Faletti's Grand Hotel Murree is a hotel property in the Murree hills market drawing 2,400 monthly searches — reflecting the established recognition of the Faletti's name in Pakistan's premium hospitality market. The Faletti's brand has historic associations with Pakistan's colonial-era grand hotels (Faletti's Hotel Lahore being the most famous). The Murree property extends this heritage positioning into the Murree hills. For guests considering Faletti's Murree who want the private cedar estate experience: Himalaya Villas & Resorts in Bhurban (11km, 20 minutes) is the private estate alternative.",Faletti's Grand Hotel Murree — What to Know and the Private Villa Alternative,"falettis grand hotel murree, faletti's grand hotel murree, falettis hotel murree, faletti's hotel murree, murree hotel comparison"
https://himalayavillas.com/family-celebrations/celebrate-eid-with-your-whole-family,Celebrate Eid With Your Whole Family,"Host your celebrate eid with your whole family with us. Large family experiences with full-villa coordination. From Eid feasts to multi-generational reunions, our private estate brings everyone together in comfort and style.",Celebrate Eid With Your Whole Family | Himalaya Villas & Resorts,"Host your celebrate eid with your whole family with us. Large family experiences with full-villa coordination. From Eid feasts to multi-generational reunions, our private estate brings everyone together in comfort and style."
https://himalayavillas.com/family-celebrations/celebrate-your-big-achievement,Celebrate Your Big Achievement,"Host your celebrate your big achievement with us. Celebrate big achievements with stylish event staging. From high school to college and beyond, host an unforgettable graduation party in our modern venue.",Celebrate Your Big Achievement | Himalaya Villas & Resorts,"Host your celebrate your big achievement with us. Celebrate big achievements with stylish event staging. From high school to college and beyond, host an unforgettable graduation party in our modern venue."
https://himalayavillas.com/family-celebrations/celebrate-your-milestone-moment,Celebrate Your Milestone Moment,"Host your celebrate your milestone moment with us. Turning 18, 30, 50, or 80? Host your unforgettable birthday celebration in our premium venue. From intimate dinners to grand galas, we deliver joy, elegance, and lasting memories.",Celebrate Your Milestone Moment | Himalaya Villas & Resorts,"Host your celebrate your milestone moment with us. Turning 18, 30, 50, or 80? Host your unforgettable birthday celebration in our premium venue. From intimate dinners to grand galas, we deliver joy, elegance, and lasting memories."
https://himalayavillas.com/family-celebrations/dignified-events-honoring-professional-journeys,Dignified Events Honoring Professional Journeys,"Host your dignified events honoring professional journeys with us. Celebrate a lifetime of achievement with elegance and respect. From intimate family dinners to grand organizational galas, we create retirement events that honor the legacy.",Dignified Events Honoring Professional Journeys | Himalaya Villas & Resorts,"Host your dignified events honoring professional journeys with us. Celebrate a lifetime of achievement with elegance and respect. From intimate family dinners to grand organizational galas, we create retirement events that honor the legacy."
https://himalayavillas.com/family-celebrations/warm-memorable-farewell-celebrations,Warm & Memorable Farewell Celebrations,"Host your warm & memorable farewell celebrations with us. Create meaningful goodbyes for colleagues, friends, and loved ones in our beautiful mountain setting. From intimate send-offs to grand celebrations, we craft farewells that honor the moment.",Warm & Memorable Farewell Celebrations | Himalaya Villas & Resorts,"Host your warm & memorable farewell celebrations with us. Create meaningful goodbyes for colleagues, friends, and loved ones in our beautiful mountain setting. From intimate send-offs to grand celebrations, we craft farewells that honor the moment."
https://himalayavillas.com/family-celebrations/welcome-your-little-miracle,Welcome Your Little Miracle,Host your welcome your little miracle with us. Soft floral themes and delightful family-focused arrangements. Celebrate your baby shower or gender reveal in a dreamy space designed for precious moments.,Welcome Your Little Miracle | Himalaya Villas & Resorts,Host your welcome your little miracle with us. Soft floral themes and delightful family-focused arrangements. Celebrate your baby shower or gender reveal in a dreamy space designed for precious moments.
https://himalayavillas.com/family-hotels-in-murree,Family Hotels in Murree,"A private luxury estate in the Murree Hills — exclusively yours, completely private, and designed to give your family the mountain escape they truly deserve.",Himalaya Premium Villas | Private Luxury Estate Bhurban,"Himalaya Premium Villas is not a hotel. It is a private luxury estate in Bhurban crafted for those who demand exclusivity, privacy, and elevated experiences in the Himalayan foothills. Ultra-private villas, limited bookings, destination weddings, corporate retreats, and curated stays."
https://himalayavillas.com/family-hotels-murree,Family Hotels in Murree,"Discover family-friendly accommodations with spacious rooms, kids activities, and family dining. Perfect for family vacations, weekend getaways, and creating lasting memories together.",Family Hotels Murree | Kid-Friendly Hotels | Himalaya Villas Bhurban,"Family hotels in Murree with kid-friendly amenities, family suites, and children's activities at Himalaya Villas Bhurban. Safe environment, spacious rooms, family dining. Book your family vacation today!"
https://himalayavillas.com/family-tour-murree-himalaya-villas,Why Himalaya Villas & Resorts & Resorts in Murree Are Best for a Family Tour,"Planning a family tour to Murree or Bhurban? Discover why Himalaya Premium Villas is the perfect family stay — private, safe, spacious & activities for all ages.",Why Himalaya Villas & Resorts & Resorts in Murree Are Best for a Family Tour,"Planning a family tour to Murree or Bhurban? Discover why Himalaya Premium Villas is the perfect family stay — private, safe, spacious & activities for all ages."
https://himalayavillas.com/family-travel-murree-hills-bhurban,Family Travel in Pakistan — Why the Murree Hills Work Better Than You Think,"Pakistani parents travelling with children to Murree have heard both sides of the argument. The enthusiasts: it's magical, the air is incredible, children love the snow, it's close and easy. The sceptics: Mall Road is impossible with a pushchair, the hotels are basic, the road in snowfall is dangerous, it's not worth the stress. Both are describing different versions of the same place.",Family Travel in Murree Hills: Bhurban Villa - Book Now,"Planning family travel to Murree Hills, Bhurban? Book a spacious private villa with mountain views, safety, and comfort for all ages. Reserve your stay today."
https://himalayavillas.com/family-villa-bhurban-murree,Family Villa Bhurban Murree — Private Estate for Families of 6 to 20,"family villa bhurban murree, family hotel murree (320/mo), best hotel murree for family, family stay bhurban, family resort near islamabad, group accommodation bhurban",Family Villa Bhurban Murree — Private Estate for Families of 6 to 20,"family villa bhurban murree, family hotel murree (320/mo), best hotel murree for family, family stay bhurban, family resort near islamabad, group accommodation bhurban"
https://himalayavillas.com/faqs,Frequently Asked Questions,"Select a category below to find answers to your questions about bookings, amenities, location, and the Himalaya Villas experience.","FAQ — Himalaya Villas & Resort, Bhurban Murree","Answers abouts reservations, villas, dining, private events and getting to Himalaya Villas & Resort in Bhurban, Murree."
https://himalayavillas.com/friends-trip-bhurban-murree,Friends Group Trip to Bhurban Murree — Planning Guide,"friends trip bhurban, group of friends murree villa, friends getaway bhurban murree, squad trip murree, friends weekend bhurban pakistan",Friends Group Trip to Bhurban Murree — Planning Guide,"friends trip bhurban, group of friends murree villa, friends getaway bhurban murree, squad trip murree, friends weekend bhurban pakistan"
https://himalayavillas.com/galiyat-hotels-guide,Galiyat Hotels — The Complete 2026 Accommodation Guide,"Galiyat accommodation: Bhurban (Himalaya Villas, PC Hotel), Nathia Gali (Doubletree, Elites, Alpine), Ayubia (guesthouses).",Galiyat Hotels — Complete Accommodation Guide for the Galyat Chain,"galiyat hotel, galyat hotels, hotels in galiyat, accommodation galyat chain"
https://himalayavillas.com/galyat-ayubia-guide,Galyat Ayubia — The Complete Visitor Guide and Bhurban Base Strategy,"The Galyat is the 60km mountain ridge chain extending northeast from Bhurban through Ghora Gali, Changla Gali, Ayubia, and Nathia Gali. Elevations: 7,000-8,700 feet. Ayubia National Park (established 1984) covers 3,312 hectares of sub-Himalayan forest between Ayubia and Nathia Gali. The Park's centrepiece attraction is the Pipeline Track — an 8km contour walk through deodar cedar, oak, and pine forest. From Himalaya Villas in Bhurban: the Galyat and Ayubia are 30km and 40 minutes away — the natural day-trip destination for cedar estate guests.",Galyat Ayubia — The Complete Visitor Guide and Bhurban Base Strategy,"galyat ayubia, ayubia national park, ayubia pipeline track, galyat hills pakistan, ayubia weather"
https://himalayavillas.com/galyat-chain-international-attention,Pakistan's Mountain Towns — Why the Galyat Chain Deserves International Attention,"The Galyat — the mountain chain connecting Bhurban, Ghora Gali, Changla Gali, Ayubia, and Nathia Gali in Pakistan's Punjab province — is one of South Asia's most accessible and least internationally known mountain zones. This is a calibration error in the global mountain tourism narrative that is slowly correcting. The Galyat's case for international attention: accessible from an international airport (ISB, 47km from Bhurban) served by Emirates, Turkish, Qatar, and Air Arabia; situated in a sub-Himalayan forest zone of genuine ecological distinctiveness; hosting accommodation at the Himalaya Villas standard that competes with South Asian mountain hospitality in any comparison.",Pakistan's Mountain Towns — Why the Galyat Chain Deserves International Attention,"galyat international travel, south asia mountain destinations, bhurban international, pakistan mountain tourism, accessible mountain pakistan"
https://himalayavillas.com/galyat-produce-murree-hills,The Galyat's Produce — What the Murree Hills Grow and Why It Matters for Tourism,"The Galyat region — the mountain chain connecting Murree through Bhurban, Ghora Gali, Nathia Gali, and Abbottabad — has an agricultural heritage that predates its tourism history. The sub-alpine climate, the reliable rainfall, and the rich mountain soil produce a specific range of food products that are distinctive to this elevation and this ecosystem. These products are consumed locally, sold at Mall Road, and distributed to Rawalpindi and Islamabad markets.",The Galyat's Produce — What the Murree Hills Grow and Why It Matters,"galyat produce, murree hills agriculture, bhurban local food, galyat honey, murree walnuts chilgoza"
https://himalayavillas.com/galyat-tourism-pakistan-guide,Galyat Tourism — The Mountain Range That Pakistan Has Not Fully Discovered,"The Galyat — the mountain chain running from Bhurban through Ghora Gali, Changla Gali, Ayubia, and Nathia Gali — contains the most accessible sub-Himalayan forest landscape in Pakistan. 47km from Islamabad. Cedar forest, wildlife, Pipeline Track, chairlift, multiple hill station towns. And yet the Galyat remains primarily known internationally as Murree — a single-location descriptor that captures the Mall Road tourist experience but misses the 60km mountain chain that extends beyond it.",Galyat Tourism — The Mountain Range That Pakistan Has Not Fully Discovered,"galyat tourism, bhurban murree guide, galyat mountain chain, accessible mountain pakistan, galyat development"
https://himalayavillas.com/garden-villa-retreat-bhurban,Garden Villa Retreat at Himalaya Villas Bhurban — The Family Cedar Garden Villa,"The Garden Villa Retreat is the most family-specific villa at Himalaya Villas & Resorts, Bhurban — featuring an enclosed private garden that is the only fully enclosed outdoor private space in the cedar estate. Rate: PKR 55,000-60,000/night. Capacity: 4-8 persons. The enclosed garden provides a child-safe outdoor space within the cedar estate, distinct from the other villas' open terraces and balconies. Best for: families with young children (toddler to 10 years), extended family gatherings where an enclosed outdoor space is needed.",Garden Villa Retreat at Himalaya Villas Bhurban — The Family Cedar Garden Villa,"garden villa retreat bhurban, himalaya villas garden villa, enclosed garden villa bhurban, family villa bhurban garden"
https://himalayavillas.com/gcc-pakistanis-bhurban-mountain-guide,From the Gulf to the Mountains — Why GCC-Based Pakistanis Are Rediscovering Home,"The Pakistani diaspora in the GCC — the UAE, Saudi Arabia, Qatar, Kuwait — numbers in the millions. It includes the largest concentration of overseas Pakistanis in the world. And it has, collectively, a complicated relationship with trips home.",Bhurban Mountain Guide for GCC Pakistanis—Book Now,"Coming home from the Gulf? Discover Bhurban's cool mountains with this guide made for GCC-based Pakistanis, then book a private luxury villa. Reserve now."
https://himalayavillas.com/glamping-vs-bhurban-villa,Glamping Near Islamabad vs Bhurban Private Villa — Which Is Better?,"For a premium outdoor experience near Islamabad, a private villa at Himalaya Villas & Resorts in Bhurban (PKR 39,000-70,000/night) delivers better value than glamping options in most cases. Glamping near Islamabad (various providers, typically PKR 15,000-35,000 per tent/night) offers an outdoor sleeping experience; Himalaya Villas offers a private villa with central heating, quality bedding, private terrace, in-villa dining, and a cedar forest — comparable outdoor immersion with significantly better infrastructure.",Glamping Near Islamabad vs Bhurban Private Villa — Which Is Better?,"glamping near islamabad, glamping vs villa bhurban, luxury camping islamabad comparison, glamping or villa bhurban murree, outdoor accommodation near islamabad"
https://himalayavillas.com/government-official-retreat-bhurban,Bhurban Mountain Retreat for Government Officials and Diplomats,"Himalaya Villas & Resorts in Bhurban, 47km from Islamabad (45 minutes), offers full estate buyout on exclusive-use terms — no other guests on the property, no public access to the estate, and complete privacy of all indoor and outdoor spaces. For government officials and diplomats requiring a private mountain retreat with guaranteed exclusivity, the full estate buyout at Himalaya Villas is the specific option in the Murree hills.",Bhurban Mountain Retreat for Government Officials and Diplomats,"government official retreat bhurban, diplomat mountain retreat islamabad, official retreat murree bhurban, private retreat government officials pakistan, secure retreat near islamabad"
https://himalayavillas.com/graduation-celebration-venue-islamabad,Graduation Celebration Venue Near Islamabad — Mountain Estate in Bhurban,"Himalaya Villas & Resorts in Bhurban, 47km from Islamabad (45 minutes), provides a private mountain estate for graduation celebrations. The cedar garden accommodates 20-80 guests for an outdoor graduation dinner or gathering. The private estate model ensures no hotel guests share the outdoor spaces — the graduation party belongs entirely to the celebrant's family and friends.",Graduation Celebration Venue Near Islamabad — Mountain Estate in Bhurban,"graduation celebration venue islamabad, graduation party bhurban, mountain graduation party near islamabad, graduation ceremony venue bhurban murree"
https://himalayavillas.com/grand-taj-hotel-murree-alternative,Grand Taj Hotel Murree — What to Know and the Bhurban Private Villa Alternative,"Grand Taj Hotel Murree draws 2,900 monthly searches. Private villa estate alternative: PKR 39,000–70,000/villa.",Grand Taj Hotel Murree — Guide and the Bhurban Alternative,"grand taj hotel murree, grand taj murree, taj hotel murree grand"
https://himalayavillas.com/guest-house-murree,Guest House in Murree: The Complete 2026 Guide,"Types, realistic 2026 rates, the best areas, what to verify before paying, and the private estate that tops the category","Guest House in Murree: Rates, Areas & How to Pick the Best One (2026) | Himalaya Villas & Resorts","The complete guide to guest houses in Murree — types, realistic 2026 rates, the best areas, what to verify before paying, and the private estate that tops the category."
https://himalayavillas.com/gulf-diaspora-bhurban-summer-visit,Pakistani Gulf Diaspora — Why Bhurban Should Be Part of Your Pakistan Summer Trip,"The Pakistani community in the Gulf — the UAE, Saudi Arabia, Qatar, Bahrain, Kuwait — follows a summer travel pattern that is almost universal: leave in July or August when Gulf temperatures reach 45-50°C and the school holidays open, visit Pakistan for 4-6 weeks, possibly stop in Istanbul or Malaysia on the way back. The Pakistan portion of this trip has a standard structure: land at ISB or LHE, family visits, city activities, repeat. The mountain component is sometimes included — a day trip to Murree, occasionally an overnight — but is rarely planned with the same deliberateness as the international stopover.",Pakistani Gulf Diaspora — Why Bhurban Should Replace Dubai for the Summer Visit,"gulf diaspora pakistan bhurban, uae pakistani summer, bhurban vs dubai, gcc pakistani mountain stay, dubai to bhurban"
https://himalayavillas.com/halal-mountain-escape-bhurban,The Halal Mountain Escape — Bhurban for Pakistan's Observant Families,"The fully halal mountain escape — private, alcohol-free, family-appropriate, with outdoor spaces that belong exclusively to the family — is a specific accommodation category that Pakistan's observant Muslim community has historically had limited access to in the domestic premium market. Most premium mountain hotels operate with shared public spaces that mix unrelated guests in communal environments. The observant Muslim family's requirement — private outdoor spaces, no co-mingling of unrelated guests in shared spaces — is structurally difficult in a hotel environment.",The Halal Mountain Escape — Bhurban for Pakistan's Observant Families,"halal mountain escape pakistan, halal family stay bhurban, islamic family retreat, private halal estate, observant muslim travel pakistan"
https://himalayavillas.com/halal-travel-pakistan-mountain-estates,Halal Travel and Pakistan's Mountain Estates — The Muslim-Friendly Luxury Option,"The halal travel market — Muslim travellers seeking destinations and accommodations that align with Islamic principles — has grown into one of the largest and fastest-growing segments of international tourism. Estimated at USD 189 billion annually before 2020 and recovering strongly since, it is driven primarily by travellers from the GCC, Malaysia, Indonesia, Turkey, and Muslim communities across Europe and North America.",Halal Travel and Pakistan's Mountain Estates — The Muslim-Friendly Luxury Option,"halal travel pakistan, halal mountain retreat bhurban, muslim friendly luxury pakistan, halal estate bhurban, halal tourism murree"
https://himalayavillas.com/haven-resort-bhurban-guide,Haven Resort Bhurban Murree — Guide and the Cedar Estate Alternative,"Haven Resort Bhurban Murree draws 320 monthly searches. A resort property in the Bhurban area offering accommodation in the Murree hills. Confirm current availability, rates, and photos on Booking.com or Google Maps ('Haven Resort Bhurban Murree'). For the premium private cedar villa estate alternative in Bhurban — exclusive-use villas in 100-200 year old deodar cedar forest: Himalaya Villas & Resorts.",Haven Resort Bhurban Murree — Guide and the Cedar Estate Alternative,"haven resort bhurban, haven resort bhurban murree, haven resort bhurban prices"
https://himalayavillas.com/hiking-near-murree,Hiking Near Murree — Best Trails 2026 from Bhurban,"hiking near murree, murree hiking trails, hiking murree bhurban, trekking murree, hiking trails bhurban murree pakistan","Hiking Near Murree Trails, Views & Villa Stay - Book Now","Planning to go hiking near Murree? Book a private luxury villa in Bhurban as your base, with scenic trails, comfort, and privacy nearby. Reserve today."
https://himalayavillas.com/himalaya-villas-bhurban-murree-rest-house,"Himalaya Villas Bhurban, Murree Hills",Private luxury villas nestled in the pine forests of Murree Hills — where Himalayan views meet world-class hospitality,Himalaya Premium Villas | Private Luxury Estate Bhurban,"Himalaya Premium Villas is not a hotel. It is a private luxury estate in Bhurban crafted for those who demand exclusivity, privacy, and elevated experiences in the Himalayan foothills. Ultra-private villas, limited bookings, destination weddings, corporate retreats, and curated stays."
https://himalayavillas.com/himalaya-villas-bhurban-reviews,Himalaya Villas Bhurban Reviews — What Guests Actually Say,"Recurring themes: cedar garden fire pit, Presidential Suite jacuzzi, dawn forest walk, responsive WhatsApp communication.",Himalaya Villas Bhurban Reviews — What Guests Actually Say,"himalaya villas bhurban reviews, himalaya villas reviews, himalaya villas murree review"
https://himalayavillas.com/himalaya-villas-bhurban-story,The Himalaya Villas Bhurban Story — The Cedar Estate,"180-year cedar trees planted in the 1850s-1880s. Mohra Iswal Pahari village name. 12 private villas at 6,800 feet. 45 minutes from Islamabad.",The Himalaya Villas Bhurban Story — From British Hill Station to Pakistan's Finest Cedar Estate,"himalaya villas bhurban story, himalaya villas bhurban about, bhurban cedar estate story"
https://himalayavillas.com/himalaya-villas-booking-tips,Himalaya Villas Bhurban Booking Tips — How to Get the Best Deal,"Himalaya Villas booking tips: (1) Always book directly via WhatsApp +92 304 567 9000 — the direct rate is the best available, no OTA markup; (2) Book shoulder season (November, March-April, early May) for lower rates and better availability with 1-2 weeks notice; (3) Book peak season (July-August, Eid, January snowfall weeks, December 21-31) 8-12 weeks in advance — these dates fill fastest; (4) Group bookings (3+ villas) qualify for quote-based pricing — contact via WhatsApp for group rates; (5) Specify pre-arrival requirements at booking (flowers, fire timing, dining) — these are coordinated with no additional effort.",Himalaya Villas Bhurban Booking Tips — How to Get the Best Deal,"himalaya villas bhurban booking tips, how to book bhurban villa best price, bhurban villa booking guide"
https://himalayavillas.com/himalaya-villas-full-estate-buyout,Himalaya Villas Full Estate Buyout — The Extended Family Bhurban Guide,"Yes — Himalaya Villas accommodates full estate buyouts: all 12 villas reserved exclusively for one group for the duration of the booking. This is used for large extended family gatherings (Eid, family reunions), corporate all-company retreats, destination weddings with accommodation for the full guest party, and large-scale group events. Full estate capacity: approximately 60-80 persons across the 12 villas. WhatsApp +92 304 567 9000 for full estate enquiry and group pricing.",Himalaya Villas Full Estate Buyout — The Extended Family Bhurban Guide,"himalaya villas full estate bhurban, bhurban full estate buyout, himalaya villas all 12 villas, bhurban private estate booking all villas"
https://himalayavillas.com/himalaya-villas-google-reviews,How to Get More Reviews on Google for Bhurban Properties — OTA Ranking Guide,"To leave a review for Himalaya Villas & Resorts in Bhurban: Google — search 'Himalaya Villas Bhurban' on Google Maps, click the property listing, and select 'Write a Review'. TripAdvisor — search 'Himalaya Villas Bhurban' on TripAdvisor. Airbnb — reviews available after a confirmed Airbnb booking. Booking.com — reviews available after a confirmed Booking.com stay. Direct WhatsApp bookings: guests are invited to leave a Google review via a post-checkout WhatsApp message.",How to Get More Reviews on Google for Bhurban Properties — OTA Ranking Guide,"himalaya villas google reviews, bhurban villa google review, himalaya villas reviews, himalaya villas bhurban review, bhurban villa review"
https://himalayavillas.com/himalaya-villas-guest-reviews,What Himalaya Villas Bhurban Guests Say — Guest Experiences Compiled,The most honest summary: the cedar dawn walk is the single most-mentioned experience. The fire pit returns people. 'It doesn't feel like Pakistan.',What Himalaya Villas Bhurban Guests Say — Guest Experiences Compiled,"himalaya villas bhurban reviews, himalaya villas guest experience, bhurban cedar estate reviews"
https://himalayavillas.com/himalaya-villas-not-a-hotel,Himalaya Villas is Not a Hotel — Why This Matters,"Himalaya Villas & Resorts is not a hotel. It is a private villa estate — 12 exclusive-use cedar villas in the Bhurban forest, each a private building for the booked group. The distinction is structural, not cosmetic. A hotel is a shared building with shared facilities. Himalaya Villas is a collection of private buildings with private outdoor spaces, served by in-villa dining at the guest's timing. The experience is fundamentally different from any hotel stay, regardless of the hotel's star rating.",Himalaya Villas is Not a Hotel — Why This Matters,"himalaya villas not a hotel bhurban, private estate not hotel bhurban, bhurban private villa estate not hotel"
https://himalayavillas.com/himalaya-villas-reviews-guide,Reviews of Himalaya Villas Bhurban — What Guests Say and Where to Read Them,"himalaya villas reviews, himalaya villas bhurban tripadvisor, himalaya villas testimonials, is himalaya villas good, himalaya villas guest feedback",Himalaya Villas Reviews: What Guests Say - Book Now,"Read real Himalaya Villas reviews from guests who stayed in Bhurban—comfort, privacy and mountain views. See why they'd happily book again. Reserve today."
https://himalayavillas.com/himalaya-villas-unique-experiences,Six Cedar Estate Experiences Unique to Himalaya Villas Bhurban,Not features. Not amenities. Six specific moments that guests consistently describe as the reason they return — and that no other accommodation within 1 hour of Islamabad can produce.,Six Cedar Estate Experiences Unique to Himalaya Villas Bhurban,"himalaya villas cedar estate experiences, what makes himalaya villas special, bhurban cedar estate unique experience"
https://himalayavillas.com/himalaya-villas-vs-nathia-gali,Himalaya Villas vs Nathia Gali Resort — The Direct Comparison,"Himalaya Villas Bhurban: private villa estate, PKR 39,000-70,000/villa/night. Nathia Gali: guesthouses only, PKR 5,000-20,000/night. Not competing at the same tier.",Himalaya Villas vs Nathia Gali Resort — The Direct Comparison,"himalaya villas vs nathia gali, nathia gali resort vs bhurban villa, nathia gali accommodation vs himalaya villas"
https://himalayavillas.com/himalayan-penthouse-bhurban,Himalayan Penthouse at Himalaya Villas — The 360° Panoramic Villa Guide,"The Himalayan Penthouse is the panoramic view villa at Himalaya Villas & Resorts — a private cedar estate villa with a 360° panoramic balcony at PKR 60,000-65,000/night, capacity 4-6 persons. The defining feature: the 360° balcony provides the widest mountain and valley view available at Himalaya Villas, with the cedar estate in the foreground on all sides. Best for: couples or small families who want the definitive panoramic mountain view experience; the specific villa for the October amber cedar panorama and the January frost-morning panoramic view.",Himalayan Penthouse at Himalaya Villas — The 360° Panoramic Villa Guide,"himalayan penthouse bhurban, himalaya villas penthouse, 360 view villa bhurban murree"
https://himalayavillas.com/hnw-pakistani-travellers-bhurban,What High-Net-Worth Pakistani Travellers Actually Want — And What the Market Is Getting Right,"Pakistan's high-net-worth domestic tourism market is larger and more sophisticated than its accommodation supply has historically acknowledged. The HNW Pakistani family that spends a summer in London or a winter in Dubai, that routinely books private villas in Turkey or Sri Lanka, and that has calibrated expectations of what a private retreat experience involves — this family, returning to Pakistan for a domestic trip, has encountered a persistent gap between what they know exists internationally and what Pakistan's tourism infrastructure has offered domestically.",What High-Net-Worth Pakistani Travellers Actually Want — And What the Market Is Getting Right,"hnw pakistani travellers, luxury domestic travel pakistan, private villa demand pakistan, bhurban hnw market, high net worth travel pakistan"
https://himalayavillas.com/holiday-grand-resort-bhurban-guide,Holiday Grand Resort Bhurban — Guide and the Private Villa Alternative,Holiday Grand Resort: 590 monthly searches. Himalaya Villas: the only private villa estate on the Bhurban ridge.,Holiday Grand Resort Bhurban and Other Cedar Forest Stays — Complete Guide,"holiday grand resort bhurban, insignia resort bhurban, jasmine villa murree, bhurban resort accommodation"
https://himalayavillas.com/holiday-homes-murree,"Holiday Homes in Murree: What They Cost, Where to Find Them, and How to Book","A self-contained house, cottage or villa rented in full — with kitchen, lounge and private entrance. This guide covers rental areas, 2026 rates, and how to book safely.","Holiday Homes in Murree: Rental Guide, Areas & Prices 2026","A practical guide to renting a holiday home in Murree — what the term means, where the best areas are, what nightly rates actually cost, and how to book safely."
https://himalayavillas.com/honeymoon-bhurban-budget,"Honeymoon Package Bhurban Under PKR 100,000 — Budget Romantic Guide","A 2-night honeymoon at Himalaya Villas & Resorts in Bhurban can be done for approximately PKR 90,000-110,000 total using the Serene Valley Cabin or Sunset Suite. Breakdown: villa accommodation PKR 39,000-55,000/night x 2 nights = PKR 78,000-110,000 + fuel PKR 3,000-4,000 + in-villa dining 2 breakfasts + 1 dinner approx PKR 8,000-12,000.","Honeymoon Package Bhurban Under PKR 100,000 — Budget Romantic Guide","honeymoon bhurban budget, affordable honeymoon bhurban, romantic getaway bhurban under 100000, cheap honeymoon bhurban murree, budget romantic stay bhurban"
https://himalayavillas.com/honeymoon-package-bhurban-murree,"Honeymoon Package Bhurban Murree — Private Suite, Mountain Views, Complete Seclusion","honeymoon package bhurban murree, honeymoon murree bhurban, romantic getaway near islamabad, honeymoon suite bhurban pakistan, couple package bhurban murree, best honeymoon destination pakistan mountains","Honeymoon Package Bhurban Murree — Private Suite, Mountain Views, Complete Seclusion","honeymoon package bhurban murree, honeymoon murree bhurban, romantic getaway near islamabad, honeymoon suite bhurban pakistan, couple package bhurban murree, best honeymoon destination pakistan mounta..."
https://himalayavillas.com/honeymoon-pakistan-bhurban,Honeymoon in Pakistan — Why Bhurban Cedar Estate is the Finest Choice,"Best honeymoon destinations Pakistan 2026: (1) Bhurban cedar estate, Himalaya Villas & Resorts (47km from Islamabad) — the only private cedar villa with exclusive outdoor jacuzzi, in-villa dining, and cedar forest from the gate within 1 hour of any Pakistani city; (2) Naran Kaghan — dramatic northern scenery, Saiful Muluk lake, for adventurous couples with 5+ days; (3) Hunza — the premium northern Pakistan experience, significant travel time. For a honeymoon within 1-2 hours of Islamabad, Lahore, or any major Pakistani city: Bhurban cedar estate is the definitive answer.",Honeymoon in Pakistan — Why Bhurban Cedar Estate is the Finest Choice,"honeymoon in pakistan, best honeymoon destination pakistan, pakistan honeymoon places, bhurban honeymoon pakistan"
https://himalayavillas.com/honeymoon-pakistan-murree-hills,Honeymoon in Pakistan — Why the Murree Hills Deserve a Place on Your List,"Pakistani honeymoon conversations typically follow a familiar path: Turkey, the Maldives, Thailand, Europe. These are credible destinations — some couples have specific experiences in mind, others are responding to social visibility. The international honeymoon has become its own genre of Pakistani wedding culture.","Romantic Honeymoon in Murree Hills, Pakistan - Book Now",Planning a honeymoon in Pakistan's Murree Hills? Book a private luxury villa in Bhurban with mountain views and complete privacy. Reserve your stay today.
https://himalayavillas.com/hotel-one-bhurban-guide,Hotel One Bhurban Murree — Guide and the Private Cedar Estate Alternative,"Hotel One Bhurban Murree is the Bhurban property of the Hotel One chain — a mid-scale hotel brand operated by Hashoo Group (the same group that operates PC Hotel). Drawing 2,900 monthly searches. Hotel One is Hashoo Group's mid-scale brand (below PC Hotel in tier), positioning Bhurban as a more accessible hotel option than PC Hotel Bhurban. Current rates: confirm at hotelsone.com.pk or Booking.com. For the private cedar villa estate 0.5–1km from Hotel One: Himalaya Villas & Resorts.",Hotel One Bhurban Murree — Guide and the Private Cedar Estate Alternative,"hotel one bhurban, hotel one bhurban murree, hotel one bhurban rates, hotel one murree bhurban"
https://himalayavillas.com/hotel-one-bhurban-murree,Hotel One Bhurban Murree — Honest Review and Private Villa Alternative,"Hotel One Bhurban is a mid-scale hotel brand (a Hashoo Group property, same parent company as Pearl Continental) located in Bhurban, Murree Hills. It offers budget-friendly hotel accommodation at a lower price point than PC Hotel Bhurban next door — positioning itself as the accessible alternative within the same estate. For guests seeking a private villa estate rather than a hotel room, Himalaya Villas & Resorts (PKR 39,000–70,000/villa/night) offers a completely different accommodation model 0.5km from Hotel One Bhurban.",Hotel One Bhurban Murree — Honest Review and Private Villa Alternative,"hotel one bhurban murree, hotel one bhurban, hotel one murree bhurban, hotel one bhurban rates"
https://himalayavillas.com/hotel-one-murree-guide,Hotel One Murree — Guide and the Private Cedar Estate Alternative,"Hotel One Murree (including Hotel One Mall Road Murree) draws 5,300 combined monthly searches. A Hashoo Group mid-scale hotel brand with two Murree hills properties: Hotel One Mall Road Murree (on the Murree Mall Road) and Hotel One Bhurban (in Bhurban). Both are Hashoo Group's mid-scale brand — below PC Hotel (Pearl Continental) in tier. Current rates: confirm at hotelsone.com.pk or Booking.com. The private cedar villa estate alternative 11-20km from Hotel One Murree: Himalaya Villas & Resorts, Bhurban.",Hotel One Murree — Guide and the Private Cedar Estate Alternative,"hotel one murree, hotel one mall road murree, hotel one murree rates, hotel one murree contact number"
https://himalayavillas.com/hotel-rooms-in-murree,"Hotel Rooms in Murree: The Complete 2026 Guide to Types, Rates & Booking","Realistic rates, room types that actually mean something, and the nine questions every traveller should ask before paying a deposit — written for families coming from Islamabad, Lahore, Karachi, and overseas.","Hotel Rooms in Murree: Types, Rates & What to Check Before Booking (2026)","A complete guide to hotel rooms in Murree — room types, realistic rates by area and season, what to verify before booking, and when a private villa makes more sense."
https://himalayavillas.com/hotels-in-bhurban,Hotels in Bhurban | Himalaya Premium Villas — Private Luxury Hotel Bhurban Murree,"Not just another hotel in Bhurban — a fully private luxury bhurban hotel villa in the heart of the Murree Hills, reserved exclusively for you.",Hotels in Bhurban | Himalaya Premium Villas — Private Luxury Hotel Bhurban Murree,"Looking for hotels in Bhurban? Himalaya Premium Villas is one of the best hotel in Bhurban murree, only private luxury estate — panoramic Himalayan views, dedicated concierge, complete privacy. Book direct via WhatsApp."
https://himalayavillas.com/hotels-in-bhurban-murree,Hotels in Bhurban Murree — The Complete Comparison Guide 2026,"Bhurban has three main accommodation tiers: (1) Himalaya Villas & Resorts — private villa estate, PKR 39,000–70,000/villa/night, 12 private villas in cedar forest; (2) PC Hotel Bhurban (Pearl Continental / Marriott) — 5-star hotel, 162 rooms, PKR 35,000–75,000/room; (3) Hotel One Bhurban (Hashoo Group) — mid-scale hotel, lower rate tier. For families and groups, the villa estate is typically the best-value choice. For solo and business travellers, hotel options serve better.",Hotels in Bhurban Murree — The Complete Comparison Guide 2026,"hotels bhurban, hotels in bhurban murree, best hotels bhurban, bhurban hotels list, bhurban accommodation options 2026"
https://himalayavillas.com/hotels-in-murree-pakistan,Hotels in Murree Pakistan — Discover Himalaya Premium Villas,"Pakistan's most exclusive private luxury estate — perched high in the Murree Hills, crafted for those who demand more than a hotel can ever offer.",Himalaya Premium Villas | Private Luxury Estate Bhurban,"Himalaya Premium Villas is not a hotel. It is a private luxury estate in Bhurban crafted for those who demand exclusivity, privacy, and elevated experiences in the Himalayan foothills. Ultra-private villas, limited bookings, destination weddings, corporate retreats, and curated stays."
https://himalayavillas.com/hotels-in-nathia-gali-guide,Hotels in Nathia Gali — The 2026 Complete Accommodation Guide,"Nathia Gali hotels: Elites (12,100/mo), Alpine (6,600/mo), Doubletree by Hilton (2,400/mo). Bhurban private villa alternative 30km away.",Hotels in Nathia Gali — 2026 Accommodation Guide and Bhurban Premium Alternative,"hotel in nathiagali, hotel in nathia gali pakistan, hotels nathia gali, nathia gali hotel booking"
https://himalayavillas.com/hotels-near-pindi-point-murree,Hotels Near Pindi Point Murree — Accommodation Guide,"hotels near pindi point murree, pindi point murree hotel, accommodation near pindi point, hotel near pindi point chairlift","Hotels Near Pindi Point, Murree - Book a Villa Nearby","Searching for hotels near Pindi Point, Murree? Book a private luxury villa in nearby Bhurban with mountain views and full privacy. Reserve your stay today."
https://himalayavillas.com/how-far-is-bhurban-from-islamabad,"How Far is Bhurban from Islamabad — Distance, Route & Travel Guide","how far is bhurban from islamabad, distance bhurban islamabad, islamabad to bhurban, bhurban murree distance islamabad, how to get to bhurban from islamabad","How Far is Bhurban from Islamabad — Distance, Route & Travel Guide","how far is bhurban from islamabad, distance bhurban islamabad, islamabad to bhurban, bhurban murree distance islamabad, how to get to bhurban from islamabad"
https://himalayavillas.com/in-villa-dining-bhurban,In-Villa Dining Bhurban — Private Chef Experiences at Himalaya Villas,"in villa dining bhurban, private chef bhurban murree, in villa dining murree, dining bhurban murree, private dining bhurban pakistan",In-Villa Dining Bhurban — Private Chef Experiences at Himalaya Villas,"in villa dining bhurban, private chef bhurban murree, in villa dining murree, dining bhurban murree, private dining bhurban pakistan"
https://himalayavillas.com/in-villa-spa-bhurban,In-Villa Spa at Bhurban — Mountain Wellness and Massage,In-villa massage and wellness services arranged through the concierge network. 48-72 hours advance notice recommended.,In-Villa Spa at Bhurban — Mountain Wellness and Massage,"in villa spa bhurban, bhurban massage, mountain spa bhurban murree, in villa massage bhurban, spa near islamabad mountains"
https://himalayavillas.com/independent-travel-pakistan-bhurban,Independent Travel in Pakistan — Why Bhurban Should Be on Every Itinerary,"Pakistan's independent travel renaissance is well-documented: the country's relative emergence from the security concerns of the 2000s-2010s, the viral photographs of Hunza and Fairy Meadows, and the genuine hospitality that Pakistan's tourism operators deliver have created a wave of independent travellers arriving with genuine curiosity. Most of these itineraries follow the same structure: land in Islamabad, head north to Hunza or Gilgit, possibly Swat, and fly out. Bhurban, 45 minutes from Islamabad, is systematically omitted.",Independent Travel in Pakistan — Why Bhurban Should Be on Every Itinerary,"independent travel pakistan, bhurban backpacker guide, pakistan solo travel bhurban, independent traveller murree, bhurban itinerary pakistan"
https://himalayavillas.com/international-visitor-bhurban-pakistan,The Mountain That Was Always There — A First-Time International Visitor Discovers Bhurban,"I arrived in Islamabad in October with two weeks and no strong plan. I had read the usual things: Hunza is extraordinary, the Karakoram Highway is among the world's great drives, Lahore's walled city is an education in Mughal architecture. I had done none of the trip planning that a sensible traveller does and had instead bought the ticket in September, in a moment of clarity about the fact that I had been meaning to visit Pakistan for five years and had continued not to. What I had not read about, specifically, was Bhurban.",The Mountain That Was Always There — A First-Time International Visitor to Pakistan,"international visitor bhurban pakistan, foreign traveller murree, bhurban first time international, pakistan travel essay, bhurban discovery essay"
https://himalayavillas.com/islamabad-after-dark-vs-mountain-evening,Islamabad After Dark vs the Mountain Evening — Two Ways to End a Day,"Islamabad after dark has improved considerably in the past decade. The F-7 Markaz restaurant circuit, the Blue Area rooftop scene, the Saidpur Village cafes, the new wave of coffee shops and dessert parlours — the capital's evening options are no longer the thin circuit they were fifteen years ago. None of them are at 6,800 feet in a cedar forest with a fire burning at the centre of a private garden and a mountain sky above.",Islamabad After Dark vs the Mountain Evening — Two Ways to End a Pakistan Day,"islamabad nightlife bhurban, islamabad restaurant vs mountain fire pit, bhurban evening guide, islamabad vs bhurban evening, mountain evening islamabad"
https://himalayavillas.com/islamabad-best-kept-secret-bhurban,Islamabad's Best-Kept Secret — Why Everyone in the Capital Should Go to Bhurban,"Here is something that should be obvious but apparently isn't: Islamabad residents have one of the world's finest short-distance mountain escapes 45 minutes from their homes, and most of them treat it like a day trip rather than a destination. Bhurban is 47 kilometres from Islamabad. It is at 6,800 feet. It has a cedar and pine forest that has been there for centuries. It is 15-20°C cooler than the city in summer. It has a private villa estate with a jacuzzi that looks at the mountain ridge and a fire pit in a cedar garden that you can sit at until 1am with the mountain sky above you and the city invisible below.",Islamabad's Best-Kept Secret — Why Everyone in the Capital Should Go to Bhurban,"islamabad best kept secret bhurban, bhurban weekend islamabad, bhurban for islamabad residents, islamabad mountain escape, bhurban capital city getaway"
https://himalayavillas.com/islamabad-expat-community-bhurban,Islamabad's Expat Community — The Mountain Weekend Guide for International Residents,"Islamabad's international community — the diplomats, development sector professionals, UN staff, and international business residents who make the capital their temporary home — has a specific relationship to the city that differs from Pakistan's domestic resident's. For an international resident who has moved to Islamabad from London, Nairobi, Geneva, or Washington, the city's particular character (tree-lined, ordered, somewhat bland in the way that planned capitals tend to be) eventually requires the specific relief of going somewhere genuinely different.",Islamabad's Expat Community — The Mountain Weekend Guide for International Residents,"islamabad expat bhurban, international residents islamabad mountain, diplomat weekend bhurban, un staff bhurban, expat weekend getaway islamabad"
https://himalayavillas.com/islamabad-expat-diplomatic-mountain-weekend,Islamabad's Expat Community — The Mountain Weekend That Changes Your Posting,"Islamabad's diplomatic and expatriate community — ambassadors, high commissioners, UN agency representatives, World Bank and ADB mission staff, bilateral development agency officers, and international NGO country directors — has a specific relationship with the Pakistan posting. The posting experience for most is Islamabad-centric: the F-6 and F-7 residential zones, the diplomatic enclave, the international school circuit, the Saturday Saidpur Village brunch. Pakistan's landscape — the mountain, the cedar forest, the 6,800-foot elevation accessible in 45 minutes — is understood intellectually but not always accessed practically.",Islamabad's Expat Community — The Mountain Weekend That Changes Your Posting,"islamabad expat community, diplomatic families bhurban, un staff mountain weekend, embassy families islamabad, expat weekend getaway"
https://himalayavillas.com/islamabad-families-bhurban-weekend,The 48-Hour Bhurban Weekend for Islamabad Families,Thursday 6pm departure → 45 min drive → Friday: Chairlift + cedar estate → Saturday: Mall Road + fire pit → Sunday: depart before 12pm.,Bhurban Weekend Guide for Islamabad Families — The 48-Hour Cedar Estate Plan,"bhurban weekend islamabad families, islamabad family getaway bhurban, bhurban 48 hour islamabad family"
https://himalayavillas.com/islamabad-food-scene-bhurban-dining,"The Islamabad Food Scene's Mountain Extension — Private Dining at 6,800 Feet","Islamabad's restaurant scene has, over the past decade, developed a genuine identity. The F-7 Markaz strip, the emerging F-10 dining corridor, the Blue Area rooftop restaurants — the capital has moved from a civil servants' city of functional dining to a food city with its own opinions, its own chefs, and its own audience. None of this happens at 6,800 feet.","The Islamabad Food Scene's Mountain Extension — When the City's Best Chefs Cook at 6,800 Feet","islamabad food scene bhurban, mountain private dining islamabad, in villa dining bhurban, bhurban food experience, islamabad chefs bhurban"
https://himalayavillas.com/islamabad-food-scene-mountain-dining,"Islamabad's Food Scene Extends to the Mountains — Private Dining at 6,800 Feet","Islamabad's restaurant and dining scene has developed significantly over the past decade. The F-6 and F-7 Markaz dining strips, the Blue Area restaurants, the newer F-10 and F-11 options — the capital's food scene is no longer the limited circuit it was fifteen years ago. Pakistani fine dining, experimental cuisine, and international options have arrived and established themselves.","Islamabad's Food Scene Extends to the Mountains — Private Dining at 6,800 Feet","islamabad food scene mountain, private dining bhurban, mountain food experience islamabad, in villa dining bhurban, bhurban restaurant alternative"
https://himalayavillas.com/islamabad-high-society-weekends-bhurban,Islamabad's Weekend Choices — Where the Capital's Discerning Families Actually Go,"The question of where Islamabad's upper professional and business class spends its weekends is not a trivial social observation. It reflects where the city's most mobile, most financially capable, and most experience-literate consumers direct their discretionary time. And in recent years, the answer has increasingly included Bhurban.",Islamabad's High Society Weekends — Where the Capital's Elite Actually Go,"islamabad elite weekends, bhurban high society, islamabad hnw travel, luxury weekend islamabad, islamabad elite mountain getaway"
https://himalayavillas.com/islamabad-international-school-bhurban,Islamabad International School Parents — The School Community Mountain Trip,"Islamabad's international school community — the families at ISI (International School of Islamabad), Headstart, Froebel's, CAAS, and the other premium schools that serve the diplomatic and executive community — has a specific relationship with Bhurban that most families discover early in their Islamabad posting and maintain throughout. The pattern is predictable: a family arrives in Islamabad from their previous posting (Jakarta, Nairobi, London, New York), settles into the city's considerable amenities, and at some point a parent from the school community says 'you should go to Bhurban.' The family goes. They return regularly.",Islamabad International School Parents — The School Community Mountain Trip,"islamabad international school bhurban, isi family trip, headstart bhurban, expat school mountain weekend, international school parents islamabad"
https://himalayavillas.com/islamabad-murree-expressway-guide,Islamabad Murree Expressway — Complete Guide and Toll Plaza Information,The Islamabad Murree Expressway (officially the N-75 National Highway) is the dual-carriageway road connecting Islamabad to Murree and Bhurban — 47km from Islamabad Zero Point to Bhurban Junction. The expressway replaced the old single-carriageway mountain road and reduced the journey from 90+ minutes to 45 minutes. Toll: the Rawat Toll Plaza on the N-75 charges per vehicle class — confirm current toll rates at nhmp.gov.pk or via the M-TAG mobile application. The expressway is maintained by NHMP (National Highways and Motorway Police) and is considered Pakistan's safest mountain approach road.,Islamabad Murree Expressway — Complete Guide and Toll Plaza Information,"islamabad murree expressway, murree expressway, murree expressway toll plaza, murree expressway directions"
https://himalayavillas.com/islamabad-to-bhurban-guide,How to Get from Islamabad to Bhurban — The Complete Transport Guide,"Four options: own car (45 min), Careem/Uber (PKR 3,500-5,500), bus+taxi (budget), hired car with driver.",How to Get from Islamabad to Bhurban — The Complete Transport Guide,"islamabad to bhurban, how to get to bhurban from islamabad, islamabad bhurban drive, bhurban from islamabad transport"
https://himalayavillas.com/islamabad-to-murree-guide,Islamabad to Murree — Complete Travel Guide 2026,"islamabad to murree (1,600/mo), islamabad to murree bus ticket price (320/mo), islamabad to murree distance, islamabad murree how to get",Islamabad to Murree — Complete Travel Guide 2026,"islamabad to murree (1,600/mo), islamabad to murree bus ticket price (320/mo), islamabad to murree distance, islamabad murree how to get"
https://himalayavillas.com/islamabad-weekend-bhurban-guide,The Islamabad Weekend That Changes How You Feel on Sunday Evening,"There is a specific feeling on Sunday evenings in Islamabad. Not the universal Sunday dread of the working week ahead — Islamabad's version has its own character. The week was demanding. The weekend was social in the way that every Islamabad weekend becomes social: a dinner invitation, a gathering that ran long, a family obligation, and somewhere in the middle, the realisation that rest did not actually occur.",The Islamabad Weekend That Changes How You Feel on Sunday Evening,"islamabad weekend bhurban, bhurban weekend getaway, islamabad mountain weekend, best weekend from islamabad, bhurban saturday sunday"
https://himalayavillas.com/islamabad-weekend-escapes-murree-hills,Islamabad Weekend Escapes — The Insider Guide to the Murree Hills,"Islamabad residents have a weekend advantage that most capitals cannot claim: a genuine mountain escape within 45 minutes by a well-maintained motorway. The Murree hills — specifically Bhurban, at 6,800 feet above sea level — are close enough for a spontaneous Friday evening decision and distant enough to feel categorically different from the city.",Weekend Escape from Islamabad to Murree Hills—Book Now,"Planning an Islamabad weekend escape? Book a private luxury villa in the Murree Hills, just a short drive away, with privacy and mountain views. Reserve now."
https://himalayavillas.com/karachi-bhurban-guide,Karachi to Bhurban — The Mountain Break That Changes Everything,"Karachi to Islamabad flight: 1 hour 45 minutes. ISB to Bhurban: 60km, under 1 hour. Total door to cedar estate: under 4 hours.",Karachi to Bhurban — The Mountain Break That Changes Everything,"karachi to bhurban, bhurban from karachi, karachi bhurban murree trip, karachi to murree bhurban"
https://himalayavillas.com/karachi-honeymoon-bhurban,Karachi to Bhurban Honeymoon — The Mountain Escape from the Coast,"Karachi to Islamabad flight: 1 hour 45 minutes. ISB to Bhurban: 60km, under 1 hour. Total Karachi to cedar estate: under 4 hours.",Karachi to Bhurban Honeymoon — The Mountain Escape from the Coast,"karachi to bhurban honeymoon, bhurban honeymoon from karachi, mountain honeymoon pakistan karachi, honeymoon trip karachi islamabad bhurban"
https://himalayavillas.com/karachi-summer-escape-mountains,Karachi Summer Escape — Best Mountain Destinations From Pakistan's Largest City,"The most practical mountain escape from Karachi in summer is via a domestic flight to Islamabad (1 hour 45 minutes), then driving to Bhurban (47km, 45 minutes). Bhurban at 6,800 feet is 15-20°C cooler than Karachi's 35-42°C summer temperature. Himalaya Villas & Resorts in Bhurban is the recommended private estate accommodation — under 1 hour from Islamabad airport.",Karachi Summer Escape — Best Mountain Destinations From Pakistan's Largest City,"karachi summer escape, mountains from karachi, mountain trip karachi, karachi heat summer escape, best place to escape karachi heat"
https://himalayavillas.com/karachi-to-murree-guide,"Karachi to Murree — Flight, Drive and Travel Guide","From Karachi, the most practical route to Bhurban Murree is: fly from Karachi (KHI) to Islamabad (ISB) — approximately 1 hour 45 minutes — then drive from Islamabad to Bhurban (47km, 45 minutes). Total journey: approximately 3-4 hours including airport time.","Karachi to Murree — Flight, Drive and Travel Guide","karachi to murree, karachi to bhurban, murree from karachi, karachi islamabad murree trip, murree trip karachi residents"
https://himalayavillas.com/kashmir-point-murree-guide,Kashmir Point Murree — Complete Visitor Guide 2026,"kashmir point murree (2,400/mo), kashmir point, hotels near kashmir point murree (210/mo), kashmir point mall road, murree kashmir point",Kashmir Point Murree — Complete Visitor Guide 2026,"kashmir point murree (2,400/mo), kashmir point, hotels near kashmir point murree (210/mo), kashmir point mall road, murree kashmir point"
https://himalayavillas.com/lahore-to-murree-bhurban-guide,"Lahore to Murree Bhurban — Distance, Route and Complete Travel Guide","Lahore to Murree: 330km via the M-2 Motorway — approximately 3 hours 30 minutes in normal traffic. Lahore to Bhurban (Himalaya Villas): 330km + 17km, approximately 3 hours 45 minutes total. Bus: Faisal Movers and Skyways both operate Lahore-Murree routes (confirm current Lahore to Murree bus ticket price at the operator's website). By car: M-2 Motorway (Lahore to Islamabad, 2h 45min), then N-75 Murree Expressway (45 min to Bhurban). Total: 3h 30-45min. Minimum recommended stay from Lahore: 3 nights.","Lahore to Murree Bhurban — Distance, Route and Complete Travel Guide","lahore to murree, distance from lahore to murree, lahore to murree ticket price, lahore to murree bus, bhurban for lahore families"
https://himalayavillas.com/lahore-to-murree-guide,Lahore to Murree — Complete Travel Guide 2026,"lahore to murree (1,000/mo), lahore to murree ticket price (880/mo), lahore to murree bus service, lahore to bhurban murree","Lahore to Murree Guide: Best Route, Travel Time & Tips","Planning a trip from Lahore to Murree? Explore the best route, travel time, scenic stopovers, and expert tips, then relax in a private luxury villa in Bhurban."
https://himalayavillas.com/last-minute-murree-booking,Last Minute Murree and Bhurban Booking — What's Possible,"last minute murree booking, same day bhurban booking, last minute villa murree, murree booking tonight, bhurban availability today",Last-Minute Murree Booking: Bhurban Villas - Book Today,Planning a last-minute trip to Murree? Check live availability for private luxury villas in Bhurban and confirm your stay within minutes. Reserve today.
https://himalayavillas.com/letter-to-cedar-forest-bhurban,A Letter to the Cedar Forest — The Final Word on Bhurban,"Dear cedar forest, You have been here for centuries and will be here after every person who has written about you is gone. This should put the following letter in perspective. I am writing to say that you are underappreciated. Pakistan has done a reasonable job of pointing at the Karakoram — the dramatic peaks, the glaciers, the K2 base camp — and saying to the world: look at this. The world has looked and agreed that it is extraordinary. But you, the deodar cedar forest at 6,800 feet on the Bhurban ridge, 47 kilometres from Islamabad — you have not received the same attention. This is a calibration error.",A Letter to the Cedar Forest — The Final Word on Bhurban,"letter to cedar forest bhurban, philosophical essay bhurban, cedar forest meditation, pakistan mountain essay, bhurban literary essay"
https://himalayavillas.com/live-music-venue-murree,Live Music Venue in Murree and Bhurban: What Is Actually Possible in the Hills,"Venue types, noise curfews, power, acoustics, real 2026 costs, and the one booking model with no curfew at all.",Live Music Venue in Murree & Bhurban (2026 Guide) | Himalaya Villas & Resorts,"Where you can actually host live music in the Murree hills — venue types, noise curfews, power, acoustics, real 2026 costs, and the one booking model with no curfew at all."
https://himalayavillas.com/lockwood-hotel-murree-alternative,Lockwood Hotel Murree Alternative — Private Villa Stays in Bhurban,"lockwood hotel murree (5,400/mo), lockwood murree, lock wood hotel murree, alternatives to lockwood hotel murree, bhurban vs murree hotel",Lockwood Hotel Murree Alternative — Private Villa Stays in Bhurban,"lockwood hotel murree (5,400/mo), lockwood murree, lock wood hotel murree, alternatives to lockwood hotel murree, bhurban vs murree hotel"
https://himalayavillas.com/lockwood-hotel-murree-guide,Lockwood Hotel Murree — Guide and the Private Estate Alternative,"Lockwood Hotel Murree is an established hill station hotel in Murree drawing 2,400-2,900 monthly searches across its name variants. One of Murree's older named properties with colonial-era resonance — the Lockwood name connects to the British hill station period. Located in the Murree Mall Road area. Current rates and availability: confirm at Booking.com or Google Maps. For the private cedar estate experience 20 minutes from Lockwood Hotel: Himalaya Villas & Resorts in Bhurban.",Lockwood Hotel Murree — Guide and the Private Estate Alternative,"lockwood hotel murree, lockwood hotel murree prices, lockwood hotel murree murree, lockwood murree"
https://himalayavillas.com/long-stay-villa-bhurban,Long Stay Villa Rental Bhurban — Extended Stays at Himalaya Villas,Himalaya Villas & Resorts accommodates extended stays of 1 week to 1 month on direct booking. Extended stays are available for individual villas and are priced on a per-night basis with potential rate discussion for stays of 2+ weeks.,Long Stay Villa Rental Bhurban — Extended Stays at Himalaya Villas,"long stay villa bhurban, extended stay bhurban murree, villa rental bhurban month, bhurban long stay accommodation, murree extended stay villa"
https://himalayavillas.com/long-weekend-escapes-islamabad-ranked,Long Weekend Escapes from Islamabad — Ranked by Experience Quality,"Islamabad residents have more weekend escape options than most capital cities can claim. The geography of northern Pakistan — the Murree hills to the northeast, the Margalla Hills immediately above the city, the Potohar plateau to the south and west, the Kaghan Valley accessible for longer trips — creates a range of departure points within 1-5 hours.","Long Weekend Escapes from Islamabad, Ranked - Book Now","See the top-ranked long weekend escapes near Islamabad, from Bhurban to beyond, then book a private luxury villa for your next short trip. Reserve now."
https://himalayavillas.com/luxury-hotel-murree,Luxury Hotel in Murree,"Experience unparalleled luxury with premium suites, personal butler service, fine dining, and exclusive amenities in the heart of the Himalayan mountains.",5-Star Luxury Hotel Murree | Premium Suites | World-Class Service | Himalaya Villas,"5-star luxury hotel in Murree with premium suites and world-class service at Himalaya Villas Bhurban. Elegant accommodations, fine dining, spa services. Experience ultimate luxury hospitality in Murree Hills."
https://himalayavillas.com/luxury-hotels-in-murree,Luxury Hotels in Murree — Redefined.,"When Pakistan's most discerning travellers search for luxury hotels in Murree, they end up here. For guests comparing murree 5 star hotels, this private estate offers a more personal experience than standard hotel rooms. Many travellers researching murree 5 star hotels are surprised by how much more private and personal the experience feels here. Twelve villas, Himalayan panoramas, spa treatments, fine dining, adventure activities, and a team that exists solely to serve you. Sixty kilometres from Islamabad. A world apart from everything else.",Luxury Hotels in Murree Pakistan | Himalaya Villas,"When Pakistan's most discerning travellers search for luxury hotels in Murree, they end up here. Discover our private estate in Bhurban."
https://himalayavillas.com/luxury-private-villa-bhurban-murree,Luxury Private Villa Bhurban Murree — The Himalaya Villas Definitive Guide,"Explore the definitive guide to luxury private villa stays in Bhurban, Murree. Compare accommodation options, pricing, amenities, and discover why Himalaya Villas & Resorts is the leading managed private villa estate in the region.",Luxury Private Villa in Bhurban Murree - Himalaya Villas,"Book a luxury private villa in Bhurban, Murree—your own cedar forest, garden & jacuzzi—45 mins from Islamabad. Reserve your stay today."
https://himalayavillas.com/luxury-travel-pakistan-murree-hills,Luxury Travel in Pakistan — Why the Murree Hills Are Finally Getting It Right,"Pakistan's tourism conversation has spent the better part of a decade focused on the north — Hunza, Skardu, the Karakoram Highway, the peaks that appear in every international feature on Pakistani travel. The mountains above Islamabad, meanwhile — the Murree hills, Bhurban, the Galyat chain leading up to Nathia Gali — have occupied a different space in the imagination: accessible, domestic, middle-class. The family holiday. The Mall Road weekend. That framing is changing, and the change is structural rather than superficial.",Luxury Travel in Pakistan — Why the Murree Hills Are Finally Getting It Right,"Discover luxury travel in the Murree Hills, Pakistan — private luxury villas with mountain views and complete privacy in Bhurban. Reserve your stay now."
https://himalayavillas.com/luxury-villa-bhurban-murree,Luxury Villas in Bhurban Murree — Private Estate Stays Near Islamabad,"luxury villas bhurban murree, luxury villa bhurban, villas in murree, private villa near islamabad, bhurban villas and apartments, villa bhurban",Luxury Villas in Bhurban Murree — Private Estate Stays Near Islamabad,"luxury villas bhurban murree, luxury villa bhurban, villas in murree, private villa near islamabad, bhurban villas and apartments, villa bhurban"
https://himalayavillas.com/luxury-villas-near-islamabad,Luxury Villas Near Islamabad — Why Bhurban Is the Answer,"Yes. Himalaya Villas & Resorts in Bhurban (47km from Islamabad, 45 minutes) is the closest premium private villa estate to Pakistan's capital. 12 exclusive-use cedar forest villas at 6,800 feet. PKR 39,000-70,000/villa/night. The only property of its type within 1 hour of Islamabad.",Luxury Villas Near Islamabad — Why Bhurban Is the Answer,"luxury villas near islamabad, luxury villa islamabad, private villa near islamabad, luxury villa murree bhurban"
https://himalayavillas.com/luxury-villas-south-asia-emerging-destinations,Luxury Villas in South Asia — The Emerging Destinations Beyond the Obvious,"The South Asian luxury villa market has an established geography in the international imagination: the Maldives overwater bungalow, the Sri Lankan tea country estate, the Rajasthani palace property, the Balinese hillside retreat. These destinations have earned their prominence. They have also, for the same reason, reached a kind of saturation — known quantities that deliver known experiences. The emerging edge of South Asian luxury villa travel is less predictable and, for that reason, often more interesting.",Luxury Villas South Asia: Emerging Destinations - Book Now,"Discover luxury villas in South Asia's emerging destinations, including Pakistan's scenic Murree Hills. Book a private estate in Bhurban for your next trip."
https://himalayavillas.com/marco-polo-murree-alternative,Marco Polo Resort Murree — Guide and the Bhurban Private Estate Alternative,"Marco Polo Resort: 4,400 monthly searches. Himalaya Villas: the only private villa estate in the Murree hills.",Marco Polo Resort Murree — Guide and the Private Villa Alternative,"marco polo resort murree, marco polo murree, marco polo hotel murree"
https://himalayavillas.com/marco-polo-resort-murree-alternative,Marco Polo Resort Murree Alternative — Private Estate vs Resort Hotel,"marco polo resort murree (4,400/mo), marcopolo murree, marco polo hotel murree, alternatives to marco polo murree",Marco Polo Resort Murree Alternative — Private Estate vs Resort Hotel,"marco polo resort murree (4,400/mo), marcopolo murree, marco polo hotel murree, alternatives to marco polo murree"
https://himalayavillas.com/mehndi-dholki-venue-bhurban,Mehndi and Dholki Venue in Bhurban Murree — Mountain Pre-Wedding Functions,"mehndi venue bhurban, dholki venue bhurban murree, mehndi ceremony bhurban, pre wedding venue bhurban murree, mountain mehndi pakistan","Mehndi & Dholki Venue in Bhurban, Murree—Himalaya Villas","Host an unforgettable Mehndi or Dholki in Bhurban, Murree. Private outdoor lawns, mountain views & full event support at Himalaya Villas & Resorts. Book now."
https://himalayavillas.com/metropole-hotel-murree-alternative,Metropole Hotel Murree — What to Know and the Bhurban Private Villa Alternative,"Metropole Hotel Murree attracts 1,900 monthly searches. Private villa alternative: PKR 39,000–70,000/villa.",Metropole Hotel Murree — Guide and the Private Villa Alternative,"metropole hotel murree, metropole murree, metropole murree hotel rates"
https://himalayavillas.com/milestone-birthday-bhurban,"Milestone Birthday at Bhurban — 30th, 40th, 50th Celebration Guide","Private cedar estate accommodates groups of 8-30 for milestone birthday bookings. Birthday dinner in the cedar garden, fire pit evening, and cake arranged.","Milestone Birthday at Bhurban — 30th, 40th, 50th Celebration Guide","birthday celebration bhurban, 40th birthday bhurban murree, milestone birthday bhurban, birthday party bhurban cedar estate"
https://himalayavillas.com/monal-murree-guide,"Monal Murree — Menu, Location and the Cedar Garden Dining Alternative","Monal Murree is the Murree branch of The Monal — Pakistan's well-known chain of hilltop view restaurants. Located above Murree, the Monal Murree offers the signature Monal combination: panoramic mountain views from an elevated position and a Pakistani menu. Monthly searches: 880/mo for 'monal murree menu'. Current menu and prices: confirm at themonal.com.pk or Google Maps 'Monal Murree'. For the in-villa cedar garden private dinner alternative in Bhurban (20km from Monal Murree): Himalaya Villas WhatsApp +92 304 567 9000.","Monal Murree — Menu, Location and the Cedar Garden Dining Alternative","monal murree menu, monal restaurant murree, monal murree, monal murree location"
https://himalayavillas.com/mountain-and-city-pakistan-identity,The Mountain and the City — What Pakistan's Cedar Forest Says About Who We Are,"There is a thing that happens when a Pakistani family from Lahore or Islamabad or Karachi arrives at the cedar forest of Bhurban at 6,800 feet. It is not the thing that travel writing usually describes — the wonder, the beauty, the Instagram moment. It is something more quiet and more significant: a recognition.",The Mountain and the City — What Pakistan's Cedar Forest Says About Who We Are,"pakistani identity mountain, bhurban cultural essay, pakistan cedar forest, mountain and city pakistan, domestic travel pakistan identity"
https://himalayavillas.com/mountain-and-time-philosophical-essay,The Mountain and Time — What the Cedar Forest Teaches,"The deodar cedar at the edge of the Himalaya Villas estate is approximately 200 years old. It was a mature tree when Pakistan's cities were colonial outposts. It was alive — sending its roots deeper into the sub-Himalayan rock, dropping its needles in the yearly cycle of renewal — when the decisions were made, wars were fought, partitions were drawn, and countries were formed that shaped the landscape below it.",The Mountain and Time — What the Cedar Forest Teaches,"philosophical essay bhurban, mountain and time, cedar forest meditation, pakistan mountain philosophy, bhurban cultural essay"
https://himalayavillas.com/mountain-architecture-pakistan-private-estate,Mountain Architecture in Pakistan — The Private Estate as a Design Category,Pakistan's mountain architecture has not historically been a distinguished category. The hill station buildings of Murree — the colonial-era heritage structures and the mid-century development that followed — represent a specific architectural moment rather than an ongoing tradition. The private villa estate model at Himalaya Villas & Resorts in Bhurban represents a more deliberate architectural proposition.,Mountain Architecture in Pakistan — The Private Estate as a Design Category,"mountain architecture pakistan, bhurban private estate design, himalaya villas architecture, murree hills architecture, pakistan mountain hospitality design"
https://himalayavillas.com/mountain-as-medicine-mental-health-bhurban,The Mountain as Medicine — Pakistan's Mental Health Movement and What Bhurban Offers,"Pakistan's mental health awareness has grown significantly in the past decade. The destigmatisation work done by mental health professionals, activists, and media has created a population that is increasingly willing to acknowledge psychological distress, seek professional support, and advocate for mental health as a legitimate health category rather than a social stigma. Within this growing awareness, the environmental dimension of mental health — the specific contribution of natural environments to psychological wellbeing — remains underemphasised. The cedar forest at Bhurban, accessible to every Islamabad resident in 45 minutes, is one of the most practically available nature-based mental health interventions in the country.",The Mountain as Medicine — Pakistan's Mental Health Movement and Bhurban,"mental health pakistan, nature therapy bhurban, wellbeing mountain retreat, psychological wellbeing mountain, bhurban mental health"
https://himalayavillas.com/mountain-dining-bhurban-in-villa,Mountain Dining in Pakistan — The In-Villa Feast at Bhurban's Cedar Estate,"Pakistan's culinary tourism conversation is dominated by its street food: the Lahori nihari, the Karachi bun kebab, the Peshawari chapli kebab, the Murree roadside bhutta and kashmiri chai. These are legitimate and important. But Pakistan's mountain dining in the private-estate format — the in-villa dinner served on a private terrace at 6,800 feet with the cedar forest above and the mountain air at 12°C — represents a culinary experience that the street food conversation does not capture.",Mountain Dining in Pakistan — The In-Villa Feast at Bhurban's Cedar Estate,"mountain dining pakistan, in villa dining bhurban, culinary tourism bhurban, pakistan food experience, bhurban private dining"
https://himalayavillas.com/mountain-life-bhurban-changed-my-pakistan,The Mountain Life — How Bhurban Changed My Relationship With Pakistan,"I have been to Thailand four times. I have been to the Maldives twice, Turkey three times, and Dubai so many times it barely registers as travel anymore. I have not, until recently, gone to Bhurban. This is not unusual for my generation of upper-middle-class Pakistanis from Lahore: we travel internationally with ease and domestic Pakistan with familiarity, which means we travel internationally. The first Bhurban visit changed this categorisation.",The Mountain Life — How Bhurban Changed My Relationship With Pakistan,"bhurban personal essay, mountain life pakistan, domestic travel pakistan, bhurban transformative experience, Pakistan travel essay"
https://himalayavillas.com/mountain-lodges-near-islamabad,Mountain Lodges Near Islamabad — Bhurban Cedar Estate vs the Alternatives,"Best mountain lodges within 2 hours of Islamabad 2026: (1) Himalaya Villas & Resorts, Bhurban (47km, 45 min) — private cedar estate lodge, PKR 39,000-70,000/villa/night; (2) PC Hotel Bhurban (48km, 45 min) — Marriott 5-star, shared hotel facilities; (3) Doubletree by Hilton Nathia Gali (75km, 1h 15min) — international chain; (4) Hotel One Bhurban (48km, 45 min) — mid-scale chain; (5) Various Nathia Gali hotels (75km, 1h 15min). For the authentic mountain lodge cedar estate experience within 45 minutes: Himalaya Villas is the definitive answer.",Mountain Lodges Near Islamabad — Bhurban Cedar Estate vs the Alternatives,"mountain lodges near islamabad, mountain resort lodge islamabad, cedar lodge bhurban islamabad"
https://himalayavillas.com/mountain-retreat-medical-professionals,Mountain Retreat for Doctors and Medical Professionals Near Islamabad,"Himalaya Villas & Resorts in Bhurban, 47km from Islamabad (45 minutes), is used by medical professional groups for CME retreats, department offsites, and specialist group weekends. The private estate provides a setting completely separate from the clinical environment, with professional discussion space in the dining pavilion, accommodation across multiple villas for groups of 10-30, and the specific recovery environment of forest and mountain air.",Mountain Retreat for Doctors and Medical Professionals Near Islamabad,"doctors retreat near islamabad, medical professionals retreat bhurban, doctor weekend bhurban, CME retreat murree hills, physicians retreat islamabad mountains"
https://himalayavillas.com/mountain-spa-bhurban,Mountain Spa Experience Near Islamabad — In-Villa Massage at Bhurban,"Himalaya Villas & Resorts in Bhurban offers in-villa massage and wellness treatments arranged through the WhatsApp concierge (+92 304 567 9000). Professional massage therapists are engaged for individual or couples' sessions within the villa or on the private terrace. This is not a hotel spa — it is a private, in-villa treatment brought to the guest's accommodation.",Mountain Spa Experience Near Islamabad — In-Villa Massage at Bhurban,"mountain spa near islamabad, spa bhurban murree, in villa massage bhurban, spa treatment bhurban, wellness spa near islamabad mountains"
https://himalayavillas.com/mountain-weddings-pakistan-bhurban,Mountain Weddings in Pakistan — Why Bhurban is Becoming the Destination,"The Pakistani wedding industry is, by any measure, substantial — estimates of the total annual market run into the hundreds of billions of rupees. The wedding itself, in Pakistan, is rarely a single event: it is typically a sequence of functions — dholki, mehndi, nikkah, walima — spread across several days, involving extended families that often number in the hundreds.","Mountain Weddings in Bhurban, Pakistan—Enquire Now","Host your mountain wedding in Bhurban, Pakistan—private lawns, scenic mountain views, and full event support at Himalaya Villas & Resorts. Enquire today."
https://himalayavillas.com/mountain-wellness-chronic-stress-bhurban,Mountain Wellness for Chronic Stress — What 48 Hours in a Cedar Forest Changes,"Chronic stress is Pakistan's least-discussed public health challenge. The professional class in Islamabad, Lahore, and Karachi operates under sustained occupational pressure — the long hours, the traffic, the ambient economic anxiety, the relentless demand of digital connectivity — that has accumulated into a generational burnout pattern that the country's healthcare system is only beginning to address.",Mountain Wellness for Chronic Stress — What 48 Hours in a Cedar Forest Changes,"chronic stress relief mountain, bhurban wellness stay, stress recovery bhurban, nature therapy pakistan, 48 hour stress reset islamabad"
https://himalayavillas.com/movenpick-murree-alternative,Mövenpick Murree Alternative — Private Villa Estate vs International Hotel,"movenpick murree (4,400/mo), move n pick murree, hotel move n pick murree, alternatives to movenpick murree, mövenpick murree",Mövenpick Murree Alternative — Private Villa Estate vs International Hotel,"movenpick murree (4,400/mo), move n pick murree, hotel move n pick murree, alternatives to movenpick murree, mövenpick murree"
https://himalayavillas.com/movenpick-murree-guide,Mövenpick Murree — Complete Guide and the Private Cedar Estate Alternative,"Mövenpick Murree is an Accor group hotel in the Murree hills drawing 4,400 monthly searches. An upscale international brand (Mövenpick is an Accor/Sofitel-tier brand — above Ibis, below Sofitel), offering the Mövenpick product in the hill station. Current rates: accorhotels.com or Booking.com. For guests considering Mövenpick Murree who want the private villa estate — exclusive outdoor space, cedar forest from the gate, in-villa dining — Himalaya Villas & Resorts in Bhurban is the private estate alternative.",Mövenpick Murree — Complete Guide and the Private Cedar Estate Alternative,"movenpick murree, hotel movenpick murree, movenpick murree price, movenpick hotel murree"
https://himalayavillas.com/murree-apartment-vs-private-villa,Murree Apartment vs Private Villa — Which Is Better for Your Stay?,"The apartment model in Murree and Bhurban (self-catering apartments in shared residential buildings, typically PKR 15,000-35,000/night on OTAs) and the private villa model at Himalaya Villas & Resorts (PKR 39,000-70,000/villa/night) serve different needs. Apartments suit budget-conscious groups who want self-catering independence. Private villas suit groups who want exclusive outdoor space, in-villa dining service, and the private estate model.",Murree Apartment vs Private Villa — Which Is Better for Your Stay?,"murree apartment, murree bhurban hotel apartment, murree apartment booking, apartment murree vs villa, bhurban apartment stay"
https://himalayavillas.com/murree-best-hotel-guide,Murree Best Hotel — Why the Search Ends at a Private Villa,"The most-recommended luxury accommodation in the Murree hills is not technically a hotel at all — it is Himalaya Villas & Resorts, a private villa estate in Bhurban (11km from Murree Mall Road), rated as the region's finest private estate accommodation. For hotels specifically: PC Hotel Bhurban is Murree's hills' only international chain (Marriott/Pearl Continental), rated as the best conventional hotel in the region. For families: Himalaya Villas is consistently preferred over any hotel for the private outdoor space, exclusive-use model, and villa dining.",Murree Best Hotel — Why the Search Ends at a Private Villa,"murree best hotel, best hotel in murree, best hotel murree pakistan, best murree hotel for family, murree best hotels 2026"
https://himalayavillas.com/murree-bhurban-complete-guide,Murree Bhurban Complete Guide — Everything You Need to Know,"Location 47km from Islamabad (45 min), elevation 6,800 feet. Best seasons: October, April, January, July-August.",Murree Bhurban Complete Guide — Everything You Need to Know,"murree bhurban complete guide, bhurban murree guide, murree bhurban travel guide, visiting bhurban murree pakistan"
https://himalayavillas.com/murree-bhurban-couples-over-50,Murree and Bhurban for Couples Over 50 — The Mountain Escape for Mature Travellers,"Himalaya Villas & Resorts in Bhurban is particularly well-suited for mature couples — the private estate model means no physical activity is required to access outdoor space (no shared hotel grounds to navigate), the Serene Valley Cabin offers ground-floor access with no internal stairs, and the private terrace of any villa gives outdoor mountain access without climbing or hiking. The in-villa dining removes the need to go out for meals.",Murree and Bhurban for Couples Over 50 — The Mountain Escape for Mature Travellers,"murree for older couples, bhurban couples over 50, mature couples mountain retreat bhurban, older travellers bhurban murree, couples 50 plus bhurban"
https://himalayavillas.com/murree-bhurban-diaspora-guide,"Murree and Bhurban for Pakistani Diaspora — UAE, UK, Saudi Visitor Guide","murree for pakistanis abroad, bhurban for uk pakistanis, murree dubai visitors, pakistan trip from uae murree, overseas pakistani murree visit",Overseas Pakistani's Guide to Murree & Bhurban | Book Now,"Planning a trip back home to Murree & Bhurban? Get travel tips and top spots for the diaspora, then book a private luxury villa in Bhurban. Reserve now."
https://himalayavillas.com/murree-bhurban-faq,Murree Bhurban FAQ — 30 Most-Asked Questions Answered,"Compiled from the most frequent questions received via WhatsApp, Google Search, and OTA enquiries.",Murree Bhurban FAQ — 30 Most-Asked Questions Answered,"murree bhurban faq, bhurban murree questions, frequently asked questions bhurban murree"
https://himalayavillas.com/murree-bhurban-faq-2,Murree and Bhurban Frequently Asked Questions — Volume 2,"The most common questions about Murree and Bhurban cover: best time to visit, how to get there from Islamabad and Lahore, the difference between Bhurban and Mall Road Murree, accommodation options (Himalaya Villas vs PC Hotel Bhurban vs guesthouses), activities (Patriata Chairlift, Pipeline Track, Kashmir Point), snowfall timing and booking, and the cost of a Bhurban villa stay. This page addresses the next tier of commonly asked questions beyond the basics.",Murree and Bhurban Frequently Asked Questions — Volume 2,"murree questions answered, bhurban faq, murree travel questions 2026, murree bhurban complete questions"
https://himalayavillas.com/murree-bhurban-faq-3,Bhurban Murree — Frequently Asked Questions Volume 3,"This is the third volume of the Murree and Bhurban FAQ series, covering questions that the first two volumes (/murree-bhurban-faq and /murree-bhurban-faq-2) did not address. Questions are direct and specific, designed for AI search engine citation and direct reader use.",Bhurban Murree — Frequently Asked Questions Volume 3,"murree bhurban faq volume 3, bhurban questions answered, murree additional questions, more murree faq, bhurban faq complete"
https://himalayavillas.com/murree-bhurban-faq-4,Murree and Bhurban Frequently Asked Questions — Volume 4,"The fourth and final FAQ volume for Murree and Bhurban — covering the remaining commonly asked questions not addressed in Volumes 1-3. All answers are direct, specific, and written for AI search engine citation.",Murree and Bhurban Frequently Asked Questions — Volume 4,"murree faq volume 4, bhurban faq complete, murree questions volume 4, additional murree bhurban questions, bhurban faq 2026"
https://himalayavillas.com/murree-bhurban-hotel-booking,Murree Bhurban Hotel Booking — The Complete Direct Booking Guide,"To book Himalaya Villas & Resorts (private villa estate): WhatsApp +92 304 567 9000 directly — the fastest booking method, confirmed within business hours. To book PC Hotel Bhurban: pchotels.com or Marriott.com. To book Hotel One Bhurban: hotelsone.com.pk. OTA options for all properties: Booking.com, Agoda, Airbnb (Himalaya Villas listing available). Direct WhatsApp booking at Himalaya Villas always provides the best available rate and full pre-arrival concierge coordination.",Murree Bhurban Hotel Booking — The Complete Direct Booking Guide,"murree bhurban hotel booking, bhurban hotel booking, book hotel bhurban murree, booking bhurban murree, bhurban hotel reservation"
https://himalayavillas.com/murree-bhurban-in-april,Bhurban Murree in April — The Rhododendron Season Guide,"April: 10-20°C, rhododendron bloom on Pipeline Track (weeks 2-4), low crowds, spring forest awakening. Book 1-2 weeks ahead.",Bhurban Murree in April — The Rhododendron and Spring Awakening Guide,"bhurban murree in april, murree april rhododendron, bhurban april, spring murree bhurban"
https://himalayavillas.com/murree-bhurban-in-december,Bhurban Murree in December and New Year — The Winter Guide,"December in Bhurban: 0–10°C daytime, -4 to 3°C overnight. Snowfall probability increasing through the month (25–35% in early December, 35–45% in late December). The cedar estate in December: fire pit essential from 4pm, cedar forest in late autumn bare-branch character with occasional snow dustings. December 21–31 is the highest-demand period of the entire year — book 10–12 weeks in advance. New Year at Himalaya Villas: the cedar garden fire as midnight approaches, the cedar estate private gathering, the mountain sky at midnight in the cold cedar forest.",Bhurban Murree in December and New Year — The Winter Guide,"murree bhurban in december, bhurban december, new year bhurban murree, murree new year 2026"
https://himalayavillas.com/murree-bhurban-in-december-new-year,Bhurban Murree in December and New Year — The Winter Cedar Estate Guide,"December at Bhurban: 0-10°C daytime, -4 to 3°C overnight. Snowfall probability increasing through the month: December 1-15 (25-35%), December 16-31 (35-45%). The New Year period (December 25-January 2) is the most competed booking window of the year — book 10-12 weeks in advance. The cedar estate fire is essential from 4pm. The Presidential Suite jacuzzi in December is the specific experience that December bookings are built around. WhatsApp +92 304 567 9000.",Bhurban Murree in December and New Year — The Winter Cedar Estate Guide,"murree bhurban in december, bhurban new year, bhurban december cedar estate, murree bhurban christmas new year"
https://himalayavillas.com/murree-bhurban-in-january,Murree and Bhurban in January — The Snowfall Month,"January: -4 to 8°C, 60-70% snowfall probability in weeks 3-4. Presidential Suite jacuzzi against subzero air. Book 8-12 weeks ahead.",Murree Bhurban in January — The Snowfall Month Guide,"murree in january, bhurban in january, murree bhurban january snowfall, murree january trip, bhurban january weather"
https://himalayavillas.com/murree-bhurban-in-may-june,Bhurban in May and June — The Pre-Monsoon Green Season,"May-June: 14-26°C, pre-monsoon green peak, clear air, all activities open. May with 1-2 weeks notice; June 2-4 weeks.",Bhurban Murree in May and June — The Pre-Monsoon Green Season Guide,"bhurban murree in may, bhurban murree in june, murree may june, bhurban pre-monsoon"
https://himalayavillas.com/murree-bhurban-in-november,Bhurban in November — The Quietest Month at the Cedar Estate,"November: 2-12°C, bare-branch forest, very low demand, fire pit essential from 5pm. The most private month. Book 1-2 weeks ahead.",Bhurban Murree in November — The Quiet Month Guide,"bhurban murree in november, murree november, bhurban november quiet season"
https://himalayavillas.com/murree-bhurban-in-october,Bhurban in October — Why It's the Best Month,"October: 8-19°C, amber canopy at peak colour, crystal clarity, minimal crowds, all activities optimal. Book 3-4 weeks ahead.",Murree Bhurban in October — Why It's the Best Month,"murree in october, bhurban october, murree october weather, bhurban in october activities, murree autumn"
https://himalayavillas.com/murree-bhurban-in-september,Bhurban in September — The Post-Monsoon Clarity Month,"September: 10-23°C, monsoon ending, clarity improving, crowds declining. Book 1-2 weeks ahead. The month before October's peak.",Bhurban Murree in September — The Post-Monsoon Clarity Month,"bhurban murree in september, murree september, bhurban september clarity post-monsoon"
https://himalayavillas.com/murree-bhurban-in-spring,Bhurban in Spring (March-May) — The Wildflower and Awakening Season,"Spring: March 6-16°C, April 10-20°C, May 14-24°C. Rhododendron bloom April weeks 2-4. Quietest season with 1-2 weeks booking notice.",Murree Bhurban in Spring — April Wildflower and Rhododendron Guide,"murree in april, bhurban spring, murree bhurban april, murree spring wildflowers, murree rhododendron"
https://himalayavillas.com/murree-bhurban-in-summer,Bhurban in July and August — The Summer Heat Escape,"July-August: 18-26°C vs Islamabad's 38-44°C. 20°C differential. Monsoon pattern: clear mornings, rain 2-5pm, evening fire. Book 8-10 weeks ahead.",Murree Bhurban in July and August — The Summer Heat Escape Guide,"murree in july, bhurban in august, murree bhurban summer, murree bhurban july august, murree bhurban heat escape"
https://himalayavillas.com/murree-bhurban-itinerary,"Murree Bhurban Itinerary — 2 Days, 3 Days, and 5 Days","Optimal itineraries: 2 days (dawn walk + Chairlift + Ayubia), 3 days (adds Mall Road), 5 days (adds Nathia Gali + rest day).","Murree Bhurban Itinerary — 2 Days, 3 Days, and 5 Days","murree bhurban itinerary, bhurban 2 day itinerary, 3 days murree bhurban itinerary, murree bhurban trip plan"
https://himalayavillas.com/murree-bhurban-kids-guide,Murree and Bhurban for Kids — The Complete Children's Activity Guide,"The best activities for children in Murree and Bhurban: Patriata Chairlift (aerial ride to 8,700 feet — suitable from age 4+, 15 min from Bhurban), Kashmir Point viewpoint (all ages, 20 min from Bhurban), Murree Mall Road (all ages — street food, bhutta, kashmiri chai, shopping), cedar forest walks from the Himalaya Villas property gate (all ages, no transport required), snowfall play in the private estate garden (all ages, January-February), and the Ayubia Pipeline Track first 2-3km (ages 7+, 40 min from Bhurban).",Murree and Bhurban for Kids — The Complete Children's Activity Guide,"murree for kids, bhurban for children, things to do murree with kids, bhurban children activities, murree family kids guide"
https://himalayavillas.com/murree-bhurban-local-tips,Murree and Bhurban Local Tips — What the Regulars Know,"Top insider tips: leave Islamabad before 4:30pm on Fridays to avoid the worst traffic; visit Kashmir Point before 9am for the viewpoint without the crowds; buy kashmiri chai from the permanent stall vendors, not the nearest cart; book Patriata Chairlift visits for opening time (9am) — the first ride of the day is the best one; use Bhurban as your base rather than Mall Road for both the peace and the proximity.",Murree and Bhurban Local Tips — What the Regulars Know,"murree local tips, bhurban insider guide, murree tips tricks, bhurban tips for visitors, murree hidden gems tips"
https://himalayavillas.com/murree-bhurban-september-october,Murree Bhurban in September and October — The Post-Monsoon Clarity Season,"September-October at Bhurban is the finest post-monsoon period of the year. September: monsoon ending (typically September 10-20), atmospheric clarity improving through the month, forest still at maximum green, crowds declining from August. October: the definitive month — amber deciduous colour (weeks 2-3), crystal clarity, 8-19°C, minimum crowds, all activities open. The September-October window from late September through late October is collectively the finest 4-week period to visit Bhurban Murree.",Murree Bhurban in September and October — The Post-Monsoon Clarity Season,"murree bhurban september october, bhurban autumn season, bhurban post-monsoon clarity, murree bhurban autumn"
https://himalayavillas.com/murree-bhurban-snowfall-guide,Murree Bhurban Snowfall — The Definitive Planning and Prediction Guide,"Bhurban snowfall calendar: most reliable months — January weeks 2-4 (60-70% probability). Possible months — December weeks 3-4 (35-45%), February (30-45%), November (15-25%). March and October: rare. April-September: essentially impossible. To plan for snowfall: (1) Book January week 3 or 4 at least 8 weeks in advance; (2) Monitor PMD (@PMDOfficial) and local weather services from 5-7 days before your visit; (3) Carry tyre chains from November through February; (4) Check @NHMPakistan for N-75 Expressway status before departing in active snowfall.",Murree Bhurban Snowfall — The Definitive Planning and Prediction Guide,"murree bhurban snowfall, bhurban snowfall, murree snowfall guide, bhurban murree when does it snow"
https://himalayavillas.com/murree-bhurban-tour-package,Murree Bhurban Tour Package — What's Included and the Direct Cedar Estate Booking,"Murree Bhurban tour packages 2026: tour operators (Sastaticket, Bookme.pk, various Islamabad travel agencies) offer Murree packages combining transport, hotel, and activity combinations at fixed prices. For Himalaya Villas specifically: direct booking via WhatsApp +92 304 567 9000 delivers the best available rate (no tour operator markup), pre-arrival personalisation (flowers, dining, occasion setup), and maximum flexibility. No tour package intermediary can deliver what direct booking at Himalaya Villas provides.",Murree Bhurban Tour Package — What's Included and the Direct Cedar Estate Booking,"murree tour package, bhurban murree tour package, murree bhurban package deal, murree package islamabad"
https://himalayavillas.com/murree-bhurban-trip-cost,Murree Trip Budget — How Much Does a Bhurban Mountain Stay Actually Cost?,"Planning a trip to Murree and Bhurban? Discover the real cost of a mountain getaway, including accommodation, food, travel expenses, and activities, so you can budget your perfect family retreat with confidence.",Murree Trip Budget — How Much Does a Bhurban Mountain Stay Actually Cost?,"murree trip cost, bhurban trip budget, how much does murree trip cost, bhurban villa cost, murree holiday budget pakistan"
https://himalayavillas.com/murree-day-trip-from-islamabad,Murree Day Trip from Islamabad — Complete Same-Day Guide,"Yes. Murree is 55km from Islamabad — approximately 1 hour by car via the Murree Expressway. A day trip gives you: Kashmir Point viewpoint, Patriata Chairlift (if you arrive early), Mall Road bazaar (kashmiri chai, bhutta, dried fruit), and a short forest walk. The day trip works best on weekdays (lower crowds) and in spring or autumn (October, April). In peak summer (July-August weekends), the day trip suffers from significant traffic and crowd pressure.",Murree Day Trip from Islamabad — Complete Same-Day Guide,"murree day trip islamabad, murree one day trip islamabad, day trip to murree from islamabad, islamabad to murree day visit, murree day excursion islamabad"
https://himalayavillas.com/murree-day-trip-islamabad,Murree Day Trip from Islamabad — The Honest Assessment,"55km, 45-60 minutes. Day trip possible. But you miss the dawn walk and fire pit. Overnight recommended.",Murree Day Trip from Islamabad — Can You Do It and Should You?,"murree day trip islamabad, one day trip to murree, murree one day, islamabad to murree day trip"
https://himalayavillas.com/murree-eid-holiday-guide,Murree for Eid Holidays — The Complete Planning Guide,Plan a Bhurban Eid trip with these steps: (1) Book 6-8 weeks ahead — both Eids are the most competitive booking periods of the year. (2) Book via WhatsApp +92 304 567 9000 for Himalaya Villas — Eid bookings require direct communication for the event-specific arrangements. (3) Confirm qurbani logistics separately if Eid ul Adha.,Murree for Eid Holidays — The Complete Planning Guide,"murree eid holiday, eid trip murree, bhurban eid holiday planning, eid murree guide, eid holiday bhurban islamabad"
https://himalayavillas.com/murree-expressway-guide,"Murree Expressway — Toll Plaza, Route, Directions and Complete Travel Guide","The Murree Expressway (officially the N-75 National Highway) toll plaza is located at the Rawat interchange — approximately 22km from Islamabad's Zero Point. The toll is collected at the Rawat toll plaza before the expressway begins. M-TAG (electronic toll) lanes are available for faster passage. From the toll plaza to Bhurban junction: approximately 37km, 40 minutes. From toll plaza to Murree Mall Road: approximately 45km, 50 minutes. The expressway is NHMP-patrolled and generally well-maintained.","Murree Expressway — Toll Plaza, Route, Directions and Complete Travel Guide","murree expressway toll plaza, islamabad murree expressway, murree expressway, murree expressway directions, islamabad murree expressway"
https://himalayavillas.com/murree-expressway-restaurants,Murree Expressway Restaurants — What's Available on the N-75 Journey,The Islamabad Murree Expressway (N-75) has a growing number of food and rest stop options along its 44km length. Key options: The Monal (at Viewpoint on the expressway approach to Murree) is the best-known restaurant with valley views; various dhaba and fast food stops along the route; Gloria Jeans coffee (confirmed location at km marker — check Google Maps). For the full meal experience: the in-villa cedar garden dinner at Himalaya Villas awaits at the journey end .,Murree Expressway Restaurants — What's Available on the N-75 Journey,"murree expressway restaurants, restaurants on murree expressway, monal murree expressway, food on n75 murree road"
https://himalayavillas.com/murree-for-couples,Murree for Couples — Romantic Getaway Guide 2026,"murree for couples, romantic stay murree, couple trip murree, murree couples getaway, romantic hotel murree bhurban, couple villa bhurban",Murree for Couples - Book a Romantic Villa in Bhurban,"Escape to Murree for couples—book a private luxury villa in Bhurban with scenic views, complete privacy, and a romantic setting. Reserve your stay now."
https://himalayavillas.com/murree-hill-station-guide,Murree Hill Station — Pakistan's Most Accessible Mountain Destination,"Pakistan's oldest hill station (1850s). 7,500 feet. 55km from Islamabad. Includes Bhurban, Ayubia, and Nathia Gali.",Murree Hill Station — Pakistan's Most Accessible Mountain Destination,"murree hill station, murree pakistan hill station, murree hill station pakistan, pakistan hill station murree bhurban"
https://himalayavillas.com/murree-hill-station-heritage,Murree Hill Station Heritage — The 170-Year Story from 1851 to Today,"Murree was established as a British colonial sanatorium in 1851 — the first permanent British settlement in the sub-Himalayan Murree range. Key heritage sites: Lawrence College Ghora Gali (1860 — one of Pakistan's oldest boarding schools, still operating); All Saints' Church Murree (1857 — the oldest continuously-used church in the Murree hills); Cecil Hotel (the original grand hill station hotel); the Mall Road colonial commercial strip; and the Governor's House in Nathia Gali (KPK Governor's summer residence). Bhurban's 100–200 year old cedar trees are the living heritage of this period.",Murree Hill Station Heritage — The 170-Year Story from 1851 to Today,"murree hill station, murree pakistan heritage, murree british era, lawrence college ghora gali, all saints church murree"
https://himalayavillas.com/murree-hill-station-history-guide,Murree Hill Station — 170 Years of History and What Remains,Established 1851 as a British sanatorium. 170 years of history. The cedar trees on the Bhurban ridge were planted in the 1860s-1880s.,"Murree Hill Station — History, Heritage and What the 170 Years Mean Today","murree hill station, murree hill station history, murree british era, murree history pakistan, murree heritage"
https://himalayavillas.com/murree-hills-mountain-cuisine,The Food of Pakistan's Murree Hills — Mountain Cuisine at Bhurban,"The food of the Murree hills has a specific character shaped by the altitude, the agricultural tradition of the mountain communities, and the specific ingredients that the sub-Himalayan ecology produces. It is not Lahori, not Peshawar's version of Pakistani food, not the coastal cuisine of Karachi. It is mountain food: simpler, slower, built around what the forest and the highland agricultural community produces.",Pakistan Mountain Cuisine — The Food of the Murree Hills,"mountain food pakistan, murree hills cuisine, bhurban food culture, kashmiri chai murree, pakistan culinary heritage"
https://himalayavillas.com/murree-hills-pakistan-geography,Murree Hills Pakistan — The Complete Geographic and Tourism Context,"The Murree Hills are a sub-Himalayan ridge system in the northeastern Punjab province of Pakistan — the specific terrain that produces Pakistan's most-visited domestic tourism destination. Elevation: 5,000-9,230 feet. Length: approximately 60km from Bhurban (southwest) to Mushkpuri Top (northeast). Distance from Islamabad: 47-88km depending on destination. Population: Murree town (largest) plus Bhurban, Ghora Gali, Changla Gali, Ayubia, and Nathia Gali. The Murree Hills receive millions of domestic visitors annually — making it Pakistan's most visited mountain area, and the specific terrain that supports Pakistan's only 5-star mountain hotel (PC Hotel Bhurban) and private cedar villa estate (Himalaya Villas).",Murree Hills Pakistan — The Complete Geographic and Tourism Context,"murree hills pakistan, murree hills tourism, sub himalayan murree hills, murree punjab pakistan"
https://himalayavillas.com/murree-hotel-booking-guide,Murree Hotel Booking — The 2026 Complete Guide,"All booking channels mapped: WhatsApp for Himalaya Villas, pchotels.com for PC Hotel, accor.com for Mövenpick, Booking.com for guesthouses.",Murree Hotel Booking — The 2026 Complete Booking Guide,"murree hotel booking, murree hotel booking 2026, how to book hotel murree, murree hotel booking near mall road, booking murree hotel"
https://himalayavillas.com/murree-hotel-packages,Luxury Packages in Murree Hills,"Discover thoughtfully curated stays featuring elegant villas, breathtaking mountain views, private dining experiences, and exceptional hospitality for every occasion.",Murree Hotel Packages | All-Inclusive Deals | Holiday Packages | Himalaya Villas,"Murree hotel packages with all-inclusive deals, holiday packages, and special offers at Himalaya Villas Bhurban. Family packages, honeymoon deals, corporate retreats. Best rates guaranteed!"
https://himalayavillas.com/murree-in-april,Murree and Bhurban in April — The Best Month Guide,"April is widely considered the finest single month to visit Murree and Bhurban. Temperatures range from 10°C to 20°C — ideal for all outdoor activities. The rhododendron is in full bloom at higher elevations (Ayubia, Nathia Gali). Crowd levels are significantly lower than the summer peak.",Murree and Bhurban in April — The Best Month Guide,"murree in april, bhurban april, murree april weather, april trip murree bhurban, is april good for murree"
https://himalayavillas.com/murree-in-august,Murree and Bhurban in August — Late Monsoon Mountain Guide,August is the peak of the monsoon season in Murree and Bhurban and the second busiest month for tourism after July. Temperatures range from 14-18°C at night to 20-25°C during the day — approximately 17-18°C cooler than Islamabad (34-42°C).,Murree and Bhurban in August — Late Monsoon Mountain Guide,"murree in august, bhurban august, murree august weather, august trip murree, murree late monsoon august"
https://himalayavillas.com/murree-in-autumn,Murree in Autumn — September and October Travel Guide,"murree in september, murree in october, murree autumn, bhurban october, bhurban september, autumn murree bhurban, best time murree october",Murree in Autumn — September and October Travel Guide,"murree in september, murree in october, murree autumn, bhurban october, bhurban september, autumn murree bhurban, best time murree october"
https://himalayavillas.com/murree-in-december,Murree and Bhurban in December — Early Winter Guide,"December marks the beginning of true winter in Murree and Bhurban. Temperatures range from 0°C at night to 12°C during the day, dropping sharply toward month-end.","Murree in December: Snow, Weather & Villa Stay - Book Now","Planning a Murree trip in December? Check snowfall chances, weather and top spots, then book a cozy private villa in Bhurban. Reserve your stay today."
https://himalayavillas.com/murree-in-february,Murree and Bhurban in February — Deep Winter Guide,"February is the second peak snowfall month in Bhurban after January — temperatures range from -4°C at night to 8-12°C during the day. Snowfall events occur 2-4 times through the month, with increasing probability of clear-sky days between events compared to January. The cedar forest typically holds snow for several days after each event.",Murree and Bhurban in February — Deep Winter Guide,"murree in february, bhurban february, murree february weather, february trip bhurban murree, murree deep winter february"
https://himalayavillas.com/murree-in-january,Murree and Bhurban in January — The Complete Winter Guide,"January at Bhurban: -3 to 8°C daytime, snowfall probability 60-70% in the last 2 weeks. Book 6-8 weeks ahead.",Murree and Bhurban in January — The Complete Winter Guide,"murree in january, bhurban january, murree january trip, bhurban in january what to expect, january murree bhurban guide"
https://himalayavillas.com/murree-in-july,Murree and Bhurban in July — The Heat Escape Guide,"July: 16-24°C daytime, 20° cooler than Islamabad, monsoon forest saturated green. Book 4-6 weeks ahead.",Murree and Bhurban in July — The Heat Escape Guide,"murree in july, bhurban july, july trip murree bhurban, murree july weather temperature, bhurban in july"
https://himalayavillas.com/murree-in-june,Murree in June — Early Summer Guide 2026,June marks the beginning of summer season in Murree and Bhurban. Temperatures range from 14-18°C at night to 24-30°C during the day — significantly cooler than Islamabad (33-40°C). It is the warmest month of the hill station season before the monsoon arrives in late June or early July.,Murree in June — Early Summer Guide 2026,"murree in june, bhurban june, murree june weather, june trip murree bhurban, murree early summer june"
https://himalayavillas.com/murree-in-march,Murree and Bhurban in March — Early Spring Guide,"March is the transition from winter to spring in Bhurban — one of the most interesting months in the forest calendar. Temperatures range from 4-8°C at night to 14-18°C during the day. The deciduous trees begin budding in mid-to-late March; the forest floor shows the first wildflowers (anemone, violet) from the third week. Snowfall is possible in early March but rare from mid-month onwards. Crowds are very low — March is among the least-visited months.",Murree and Bhurban in March — Early Spring Guide,"murree in march, bhurban march, murree march weather, march trip bhurban murree, bhurban early spring march"
https://himalayavillas.com/murree-in-may,Murree and Bhurban in May — Late Spring Mountain Guide,"May is late spring in Murree and Bhurban — the warmest month of the spring season before the monsoon season arrives. Temperatures range from 15-20°C at night to 25-30°C during the day, significantly cooler than Islamabad (30-40°C). The forest is at full spring green; rhododendron bloom at higher elevations has passed its peak but the forest floor is still actively flowering.",Murree and Bhurban in May — Late Spring Mountain Guide,"murree in may, bhurban may, murree may weather, may trip murree bhurban, bhurban late spring may"
https://himalayavillas.com/murree-in-november,Murree and Bhurban in November — Early Winter Guide,"November is early winter in Bhurban — temperatures range from 2-8°C at night to 12-16°C during the day. The monsoon is completely finished; the air is crystal clear and cold. The deciduous trees complete their leaf fall through the month, leaving the cedar and pine dominant. Snowfall is unlikely in November (probability below 10%) but not impossible in late November. Crowds are at their annual minimum — this is the quietest month for tourism in the Murree hills.",Murree and Bhurban in November — Early Winter Guide,"murree in november, bhurban november, murree november weather, november trip bhurban murree, murree early winter november"
https://himalayavillas.com/murree-in-october,Murree and Bhurban in October — Why It's the Best Month,"October: 10-18°C daytime, peak autumn colour in week 3, low crowds, optimal conditions for every outdoor activity.",Murree and Bhurban in October — Why It's the Best Month,"murree in october, bhurban october, murree october trip, october murree bhurban, is october good for murree"
https://himalayavillas.com/murree-in-september,Murree and Bhurban in September — Early Autumn Guide,"September is the transition from monsoon to autumn in Murree and Bhurban. The monsoon ends progressively through September — typically clear by the third week. Temperatures range from 12-18°C at night to 20-25°C during the day, noticeably more comfortable than the August heat. The forest shifts from monsoon-green to the first hints of autumn yellow in the third and fourth weeks.",Murree and Bhurban in September — Early Autumn Guide,"murree in september, bhurban september, murree september weather, september bhurban trip, murree early autumn september"
https://himalayavillas.com/murree-in-spring,Murree in Spring — March and April Travel Guide,"murree in march, murree in april, murree spring, bhurban spring, best time visit murree spring, murree march april weather","Murree in Spring: Weather, Blooms & Best Time to Visit","Discover Murree in spring, with mild weather, blooming hillsides & fewer crowds. See the best places to visit, then unwind in a private luxury villa in Bhurban."
https://himalayavillas.com/murree-in-summer,"Murree in Summer 2026 — Complete June, July and August Travel Guide","murree in summer, bhurban summer, murree june july august, summer trip murree, murree summer weather, places to visit murree summer","Murree in Summer 2026 — Complete June, July and August Travel Guide","murree in summer, bhurban summer, murree june july august, summer trip murree, murree summer weather, places to visit murree summer"
https://himalayavillas.com/murree-mall-road-guide,"Murree Mall Road Guide — What to Do, Where to Eat, When to Visit","murree mall road (9,900/mo), murree mall road hotels, mall road murree, things to do murree mall road, murree mall road guide","Murree Mall Road Guide — What to Do, Where to Eat, When to Visit","murree mall road (9,900/mo), murree mall road hotels, mall road murree, things to do murree mall road, murree mall road guide"
https://himalayavillas.com/murree-mall-road-hotels-guide,Hotels at Murree Mall Road — Complete 2026 Guide,"Mall Road hotels: 4,400+ monthly searches. Ramada, Hotel One, Cecil, Lockwood. Private villa alternative: Himalaya Villas, 20 min away.",Hotels at Murree Mall Road — Complete 2026 Rate and Booking Guide,"hotel at murree mall road, hotel murree mall road, hotel in murree mall road, murree mall road hotels rates, murree mall road hotels"
https://himalayavillas.com/murree-october-half-term,Murree in October Half Term — School Holiday Mountain Guide,"October is the best month in Bhurban for families visiting during school break periods. Temperatures of 10-20°C are ideal for children's outdoor activities — cool enough for comfortable walking, warm enough for daytime outdoor play. Crowd levels are a fraction of the summer peak. The Patriata Chairlift has minimal queues. The Pipeline Track at Ayubia is at its most beautiful (autumn colour).",Murree in October Half Term — School Holiday Mountain Guide,"murree october school holidays, bhurban october half term, murree half term trip, bhurban autumn school holiday, october half term islamabad mountains"
https://himalayavillas.com/murree-pakistan-tourism-guide,Murree Pakistan — The Complete Tourism Guide 2026,"Murree: Pakistan's most visited hill station. 7,500 feet. 170 years of history. 55km from Islamabad. Home to Bhurban's private cedar estate.",Murree Pakistan — The Complete 2026 Tourism Authority Guide,"murree pakistan, murree pakistan tourism, pakistan murree bhurban, bhurban murree pakistan guide"
https://himalayavillas.com/murree-peak-season-vs-off-season,Murree Peak Season vs Off-Season — The Complete Timing Guide,"When is peak season and off-season in Murree and Bhurban? Peak season: July-August (school holidays, maximum summer heat escape demand) and Eid periods (2-3 times/year depending on lunar calendar). Secondary peak: January snowfall weekends and December holiday week. Shoulder season (good conditions, moderate crowds): April, October, June, September. Off-season (lowest demand, easiest availability): November, February post-snowfall, March. The best value windows: October (finest conditions, low-moderate crowds) and April (second finest, very low crowds).",Murree Peak Season vs Off-Season — The Complete Timing Guide,"murree peak season, murree off season, best time avoid crowds murree, murree when to visit peak vs off peak, murree shoulder season bhurban"
https://himalayavillas.com/murree-resort-guide,Murree Resort Guide — The Complete 2026 Overview,"Murree resort market 2026: Mövenpick, Ramada, Shangrila, PC Hotel, and Himalaya Villas — the only private villa estate.",Murree Resort Guide — The Complete 2026 Overview,"murree resort, resorts in murree pakistan, murree resort 2026, best murree resort, murree hills resort"
https://himalayavillas.com/murree-resort-private-garden,Murree Resort with Private Garden — The Bhurban Alternative to Hotel Grounds,The Garden Villa Retreat at Himalaya Villas & Resorts in Bhurban has a private enclosed garden terrace — accessible directly from the villa's ground-floor living area. The garden is exclusively for the villa's occupants; no other guests share the space. This is the only private villa with dedicated private garden access in the Bhurban accommodation market.,Murree Resort with Private Garden — The Bhurban Alternative to Hotel Grounds,"murree resort private garden, murree villa private garden, private garden resort bhurban, hotel private garden murree, resort garden murree near islamabad"
https://himalayavillas.com/murree-restaurants-guide,Murree Restaurants — The Complete 2026 Dining Guide,"Best dining in Murree and Bhurban 2026: (1) PC Hotel Bhurban restaurants — multiple dining options including the main dining room and specialty restaurants (pkhotels.com for current menus); (2) Mall Road restaurant row — local Pakistani dhabas, kashmiri chai vendors, and tourist restaurants along the main bazaar strip; (3) In-villa dining at Himalaya Villas (WhatsApp +92 304 567 9000) — the alternative for guests who want pre-arranged meals in the private cedar garden; (4) Monal Murree — the view restaurant on the Murree ridge; (5) Mall Road kashmiri chai stalls — the authentic food experience that no restaurant replicates.",Murree Restaurants — The Complete 2026 Dining Guide,"murree restaurants, mall road murree restaurants, murree restaurants menu, murree bhurban food"
https://himalayavillas.com/murree-school-group-bhurban,Murree and Bhurban for School Groups — Safe Mountain Educational Trips,"The Murree hills are among the most popular educational excursion destinations for Islamabad and Rawalpindi schools. Patriata Chairlift (suitable for all ages), Kashmir Point, Ayubia National Park Pipeline Track (suitable for secondary school groups), and the Bhurban cedar forest walks provide activity options across different age groups and fitness levels.",Murree and Bhurban for School Groups — Safe Mountain Educational Trips,"school trip murree, bhurban school group, murree educational trip, school excursion bhurban murree, student trip murree hills"
https://himalayavillas.com/murree-snowfall-2026,"Murree Snowfall 2026 — How to Track It, When to Expect It, How to Book Right",Highest probability: last 2 weeks of January (60–70%). Book 6–8 weeks ahead. Track via PMD and WhatsApp.,Murree Snowfall 2026 — How to Track It and Book Right,"murree snowfall 2026, bhurban snowfall 2026, when does it snow murree, murree snowfall tracker"
https://himalayavillas.com/murree-snowfall-guide,"Murree Snowfall — The Complete Guide to When, How Much, and What to Do",January: 60–70% probability. 3–6 significant events per year. Book 6–8 weeks ahead. Chains recommended.,"Murree Snowfall — The Complete Guide to When, How Much, and What to Do","murree snowfall, murree snowfall today, weather murree snowfall, murree snowfall 2026, murree snowfall forecast"
https://himalayavillas.com/murree-snowfall-season,"Murree Snowfall Season — When It Snows, What to Expect, Best Spots","murree snowfall (6,600/mo), snowfall in murree, murree snowfall 2026, when does it snow in murree, bhurban snowfall, murree snow season","Murree Snowfall Season — When It Snows, What to Expect, Best Spots","murree snowfall (6,600/mo), snowfall in murree, murree snowfall 2026, when does it snow in murree, bhurban snowfall, murree snow season"
https://himalayavillas.com/murree-snowfall-today,Murree Snowfall Today — How to Check and What to Do,"Murree snowfall today: 1,300 monthly searches. Fastest check: Twitter/X 'murree snowfall'. January: 55-70% probability.",Murree Snowfall Today — Live Check and Cedar Estate Snowfall Guide,"murree snowfall today, murree snowfall today live, is murree snowfall today, murree snowfall today update"
https://himalayavillas.com/murree-solo-traveller-guide,Murree and Bhurban for Solo Travellers — A Practical Guide,"Murree and Bhurban are safe, accessible destinations for solo travellers. Mall Road Murree is well-populated and easy to navigate independently. Bhurban (11km from Mall Road) is quieter with direct access to forest walks.",Solo Travel in Murree: A Complete Guide—Book Villa,"Planning a solo trip to Murree? This guide covers safety tips, top spots, and where to stay privately and comfortably in Bhurban. Book your solo escape today."
https://himalayavillas.com/murree-spring-wildflowers,Murree Spring Wildflowers — A Botanical Guide to the Bhurban Forest,"The spring wildflower season in Bhurban and the Galyat region runs March through May, peaking in April. Key species: rhododendron (Rhododendron arboreum — deep pink to red, peaks at Ayubia and higher elevations in April), wild cherry (Prunus cornuta — white blossom clusters, early April in lower forest), horse chestnut (Aesculus indica — white candle flowers, late April), Himalayan anemone (white/purple ground cover, forest floor March-April), wild violet (Viola species — purple, forest floor), and various primula species along stream banks.",Murree Spring Wildflowers — A Botanical Guide to the Bhurban Forest,"murree spring wildflowers, bhurban wildflowers, murree bhurban flowers spring, galyat wildflowers spring, bhurban botanical garden forest"
https://himalayavillas.com/murree-temperature-guide,Murree Temperature — The Month-by-Month Complete Weather Guide,"January (−5 to 10°C), April (8–20°C), July (15–25°C), October (5–18°C). Bhurban runs 1–2°C cooler than Murree town.",Murree Temperature — The Month-by-Month Complete Weather Guide,"murree temperature, murree temperature today, murree temperature now, bhurban murree temperature, murree temperature right now"
https://himalayavillas.com/murree-temperature-today,Murree Temperature Today — Live Reference and What It Means for Your Visit,"Live Murree temperature: check Google, pmd.gov.pk, or AccuWeather. Bhurban is 1-2°C cooler than Mall Road.",Murree Temperature Today — Live Weather Reference and the Bhurban Experience,"murree temperature today, murree temperature now, murree temperature right now, today murree temperature, bhurban temperature today"
https://himalayavillas.com/murree-tour-packages-guide,Murree Tour Packages — What Exists in 2026 and the Private Estate Alternative,"Tour packages: PKR 15,000-45,000/person. Self-arranged Himalaya Villas: PKR 58,000-70,000/villa for family of 6.",Murree Tour Packages — What Exists and the Private Estate Alternative,"murree tour package, murree trip packages, murree tourism packages, murree travel package, islamabad murree tour"
https://himalayavillas.com/murree-tourist-places-guide,Murree Tourist Places — The Complete 2026 Guide,"Murree tourist places: Kashmir Point, Mall Road, Patriata Chairlift, Ayubia Pipeline Track, Nathia Gali. 1,900 monthly searches.",Murree Tourist Places — The Complete 2026 Guide to Every Attraction,"murree tourist places, murree tourist places list, places to visit near islamabad, things to do murree"
https://himalayavillas.com/murree-trip-planning-guide,Bhurban Murree Trip Planning Guide — Everything in One Place,"Planning a Bhurban trip: (1) Choose your dates — consider season (October and April for best conditions, January for snowfall, July-August for temperature escape). (2) Book accommodation — Himalaya Villas & Resorts (private villa, WhatsApp +92 304 567 9000) or PC Hotel Bhurban. (3) Choose your villa — single villa for small groups, multi-villa for larger groups. (4) Plan activities — Patriata Chairlift (15 min), Ayubia Pipeline Track (40 min), Murree Mall Road (20 min). (5) Arrange in-villa dining before arrival via WhatsApp. (6) Drive from Islamabad (47km, 45 min) or Rawalpindi (38km, 40 min).",Bhurban Murree Trip Planning Guide — Everything in One Place,"murree trip planning, bhurban trip planning guide, how to plan murree trip, murree bhurban planning checklist, planning a trip to bhurban murree"
https://himalayavillas.com/murree-vs-naran-kaghan,Murree Bhurban vs Naran Kaghan — The Honest Comparison,"Bhurban: 45 min, 2 nights, private villa estate. Naran: 7-10 hours, 4-7 nights, guesthouses. Different trips entirely.",Murree Bhurban vs Naran Kaghan — Which Should You Visit?,"murree vs naran, bhurban vs naran kaghan, murree bhurban or naran kaghan, which is better murree or naran"
https://himalayavillas.com/murree-vs-nathia-gali,Murree vs Nathia Gali — Which Hill Station is Better for Your Trip?,"Murree and Nathia Gali serve different needs. Murree (55km from Islamabad) is higher-volume, more commercial, and better for first-time visitors wanting the classic hill station experience — bazaar, chairlift, viewpoints. Nathia Gali (75km from Islamabad, 8,000 feet) is quieter, cooler, higher, better for trekking.",Murree vs Nathia Gali: Full Comparison - Book a Villa,"Comparing Murree and Nathia Gali for your next trip? See the differences in weather, crowds and scenery, then book a private villa in Bhurban. Reserve now."
https://himalayavillas.com/murree-vs-swat-valley,Murree vs Swat Valley — Which Is Better for a Pakistan Mountain Trip?,"Murree and Swat serve different travel profiles. Murree/Bhurban (55km from Islamabad, 45-60 minutes) is accessible, has premium private estate accommodation (Himalaya Villas), and suits short 2-3 night stays. Swat Valley (260km from Islamabad, 4.5-5 hours) is more dramatic scenery, less crowded, better for extended trips of 4+ days.",Murree vs Swat Valley — Which Is Better for a Pakistan Mountain Trip?,"murree vs swat, murree or swat which is better, swat valley vs murree, bhurban or swat pakistan"
https://himalayavillas.com/murree-waterfalls-guide,Murree Waterfalls — Are There Waterfalls Near Murree and Bhurban?,"The Murree hills do not have prominent accessible waterfalls as a tourist attraction — the terrain is forest-covered ridgelines rather than steep gorge country that produces large waterfalls. Seasonal water flows occur along stream courses in the Galyat region, particularly during and after the monsoon.",Murree Waterfalls — Are There Waterfalls Near Murree and Bhurban?,"murree waterfalls, waterfall near murree, bhurban waterfall, murree hills waterfall, is there waterfall in murree"
https://himalayavillas.com/murree-weather,Murree Weather Guide,Current Conditions • Seasonal Patterns • Best Time to Visit,Murree Weather Guide 2024 | Current Conditions & Seasonal Forecast,"Complete Murree weather guide with current conditions, seasonal patterns, monthly breakdown, and best time to visit. Real-time weather updates for travelers planning trips to Murree Hills."
https://himalayavillas.com/murree-weather-forecast,"Murree Weather Forecast — 10, 15 and 30 Day Planning Guide","10-day forecast: 5,400 searches. 30-day: 3,600 searches. AccuWeather for 10-day, PMD for 30-day outlook.","Murree Weather Forecast — 10, 15 and 30 Day Planning Guide","murree weather 10 days, murree weather 30 days, murree weather 10 day forecast, murree weather 15 days, murree weather next 10 days"
https://himalayavillas.com/murree-weather-guide,Murree Weather — Complete Reference Guide for Visitors,"Murree weather: 301,000 monthly searches. Live sources: Google, PMD, AccuWeather. Bhurban is 1-2°C cooler than Murree town.","Murree Weather — Live Reference, Forecast Guide and Bhurban Planning","murree weather, murree weather pakistan, murree weather today, current murree weather, murree weather report"
https://himalayavillas.com/murree-weather-july,Murree Weather in July — What to Expect During Peak Monsoon Season,July is peak summer and peak monsoon month in Murree and Bhurban. Temperatures range from 14-18°C at night to 22-28°C during the day — approximately 18°C cooler than Islamabad (37-43°C). Monsoon rainfall is significant: afternoon showers of 1-3 hours occur most days in July.,Murree Weather in July — What to Expect During Peak Monsoon Season,"murree weather in july, murree july temperature, bhurban july weather, murree july rain, murree in july"
https://himalayavillas.com/murree-weather-live-sources,Murree Weather Live — The Best Sources and What They Tell You,"Live Murree weather sources 2026: (1) Google search 'murree weather today' — instant weather card with live temperature, conditions, 7-day forecast. Fastest. (2) AccuWeather 'Murree Pakistan' or 'Bhurban Pakistan' — hourly forecast, RealFeel, wind, precipitation probability. Most precise for activity planning. (3) PMD (pmd.gov.pk) — official Pakistan weather authority, authoritative for snowfall advisories. (4) @PMDOfficial and @NHMPakistan on Twitter/X — real-time official updates, road conditions. (5) Twitter/X search 'murree weather' — real-time visitor posts with photos and live conditions.",Murree Weather Live — The Best Sources and What They Tell You,"murree weather live, murree weather live today, bhurban murree weather today, murree weather 2026"
https://himalayavillas.com/murree-weather-snowfall,Murree Snowfall Weather — Live Conditions and Planning Guide,"Murree weather snowfall: 3,600 monthly searches. January weeks 3-4: 60-70% snowfall probability.",Murree Weather Snowfall — Live Conditions and Visit Planning,"murree weather snowfall, murree weather snowfall next 30 days, murree weather snowfall next 10 days, murree weather snow"
https://himalayavillas.com/murree-weather-today,Murree Weather Today — Live Check and Bhurban Planning,"Murree weather today: 74,000 monthly searches. Live check: Google, PMD, AccuWeather. Bhurban is 1-2°C cooler.",Murree Weather Today — Live Check and What It Means for Your Visit,"murree weather today, murree weather today snowfall, murree weather right now, live murree weather, today murree weather update"
https://himalayavillas.com/murree-weather-tomorrow,Murree Weather Tomorrow — How to Check and What to Plan,"Murree weather tomorrow: 2,400 monthly searches. Check Google, AccuWeather 'Bhurban Pakistan', or PMD. Bhurban is 1-2°C cooler.",Murree Weather Tomorrow — Forecast Check and Planning,"murree weather tomorrow, tomorrow murree weather, murree weather next day, murree weather tomorrow hourly"
https://himalayavillas.com/murree-wedding-cost-guide,Murree and Bhurban Wedding Cost Guide — Budgeting a Mountain Destination Wedding,"murree wedding cost, bhurban wedding price, destination wedding cost murree, mountain wedding budget pakistan, wedding venue price bhurban","Private Chef in Bhurban, Murree—Book Your Villa Stay","Enjoy a private chef during your stay in Bhurban, Murree—fresh, home-style meals cooked just for you in your own luxury villa. Book your stay!"
https://himalayavillas.com/murree-wedding-venue-faq,Murree and Bhurban Destination Wedding FAQ — Complete Venue Questions Answered,"The most common questions about a Bhurban destination wedding cover: how many guests can attend, what functions can be held, what the cost structure is, whether the venue is halal, what happens if it rains, how external vendors access the property, and how far in advance to book. This page answers all of these directly.",Murree and Bhurban Destination Wedding FAQ — Complete Venue Questions Answered,"murree wedding venue faq, bhurban wedding questions, destination wedding bhurban questions, wedding at himalaya villas questions answered"
https://himalayavillas.com/murree-winter-hiking,Murree Winter Hiking — Trails Accessible in Cold Weather,"Yes — several trails are accessible in winter from Bhurban, though conditions vary. The cedar forest paths from Himalaya Villas' property gate are walkable in most winter conditions (including light snowfall with appropriate footwear). The Patriata Chairlift operates in clear winter weather (closed during heavy snow/wind). The Ayubia Pipeline Track is accessible in winter but requires appropriate cold-weather gear and snow conditions assessment. The Miranjani trail at Nathia Gali is not recommended in winter snowfall conditions.",Murree Winter Hiking — Trails Accessible in Cold Weather,"murree winter hiking, bhurban winter walks, winter trails murree bhurban, hiking murree winter, cold weather walking bhurban murree"
https://himalayavillas.com/mushkpuri-top-nathia-gali-guide,Mushkpuri Top Nathia Gali — The Complete Hiking Guide,"Mushkpuri Top: 9,230 feet, 6km ascent, 1,200+ feet elevation gain. 3-4 hours up, 2-3 hours down. Guide recommended.",Mushkpuri Top Nathia Gali — The Hiking Guide,"mushkpuri top nathia gali, mushkpuri nathia gali, nathia gali to mushkpuri top, miranjani nathia gali"
https://himalayavillas.com/mushkpuri-top-weather,"Mushkpuri Top Weather — Live Check, Height, and Complete Hiking Guide","Mushkpuri Top: 9,230 feet. 5,400 monthly searches. 35km from Bhurban. October best for crystal views. Check weather before attempting.",Mushkpuri Top Weather — Live Check and Complete Hiking Guide,"mushkpuri top weather, mushkpuri top weather today, mushkpuri top nathia gali weather, mushkpuri top temperature, mushkpuri top height"
https://himalayavillas.com/music/reserve-our-concert-venue,Reserve Our Concert Venue,"Host your reserve our concert venue with us. Host your private concert, recital, or jazz evening in our acoustically-optimized venue. We provide the perfect space, professional sound, and elegant ambiance for unforgettable musical events.",Reserve Our Concert Venue | Himalaya Villas & Resorts,"Host your reserve our concert venue with us. Host your private concert, recital, or jazz evening in our acoustically-optimized venue. We provide the perfect space, professional sound, and elegant ambiance for unforgettable musical events."
https://himalayavillas.com/music/reserve-our-cultural-venue,Reserve Our Cultural Venue,"Host your reserve our cultural venue with us. Host your cultural show, folk festival, or heritage event in our dedicated venue. We provide traditional ambiance, professional facilities, and authentic atmosphere for unforgettable cultural celebrations.",Reserve Our Cultural Venue | Himalaya Villas & Resorts,"Host your reserve our cultural venue with us. Host your cultural show, folk festival, or heritage event in our dedicated venue. We provide traditional ambiance, professional facilities, and authentic atmosphere for unforgettable cultural celebrations."
https://himalayavillas.com/music/reserve-our-dj-party-venue,Reserve Our DJ & Party Venue,"Host your reserve our dj & party venue with us. Host your club night, music festival, or private party in our professional venue. We provide the stage, sound, lighting, and electrifying atmosphere for unforgettable dance events.",Reserve Our DJ & Party Venue | Himalaya Villas & Resorts,"Host your reserve our dj & party venue with us. Host your club night, music festival, or private party in our professional venue. We provide the stage, sound, lighting, and electrifying atmosphere for unforgettable dance events."
https://himalayavillas.com/music/reserve-our-literary-venue,Reserve Our Literary Venue,"Host your reserve our literary venue with us. Host your mushaira, poetry reading, or literary festival in our dedicated venue. We provide authentic ambiance, professional sound, and elegant spaces for unforgettable literary evenings.",Reserve Our Literary Venue | Himalaya Villas & Resorts,"Host your reserve our literary venue with us. Host your mushaira, poetry reading, or literary festival in our dedicated venue. We provide authentic ambiance, professional sound, and elegant spaces for unforgettable literary evenings."
https://himalayavillas.com/music/reserve-our-live-music-venue,Reserve Our Live Music Venue,"Host your reserve our live music venue with us. Host your concert, album launch, or live music event in our professional venue. We provide the stage, sound, lighting, and electrifying atmosphere for unforgettable performances.",Reserve Our Live Music Venue | Himalaya Villas & Resorts,"Host your reserve our live music venue with us. Host your concert, album launch, or live music event in our professional venue. We provide the stage, sound, lighting, and electrifying atmosphere for unforgettable performances."
https://himalayavillas.com/music/reserve-our-sufi-qawwali-venue,Reserve Our Sufi Qawwali Venue,"Host your reserve our sufi qawwali venue with us. Host your private mehfil, corporate event, or cultural gathering in our dedicated Sufi space. We provide the authentic ambiance, professional sound, and renowned qawwali artists for an unforgettable evening.",Reserve Our Sufi Qawwali Venue | Himalaya Villas & Resorts,"Host your reserve our sufi qawwali venue with us. Host your private mehfil, corporate event, or cultural gathering in our dedicated Sufi space. We provide the authentic ambiance, professional sound, and renowned qawwali artists for an unforgettable evening."
https://himalayavillas.com/nathia-gali-cottages-villas,Nathia Gali Cottages and Villas — The Rental Accommodation Guide,"Nathia Gali cottages/villas: Lemon Lodges (590/mo), Blue Pine (320/mo), Airbnb (260/mo). Bhurban private estate alternative.",Nathia Gali Cottages and Villas — Rental Accommodation Guide,"nathia gali cottages, cottages in nathia gali, nathia gali villas, villas in nathia gali, nathia gali airbnb"
https://himalayavillas.com/nathia-gali-day-trip-from-bhurban,Nathia Gali Day Trip from Bhurban Murree — The Complete Guide,"nathia gali from murree, nathia gali bhurban, nathia gali murree (590/mo), murree nathia gali, day trip murree nathia gali, ayubia nathia gali murree",Nathia Gali Day Trip from Bhurban Murree — The Complete Guide,"nathia gali from murree, nathia gali bhurban, nathia gali murree (590/mo), murree nathia gali, day trip murree nathia gali, ayubia nathia gali murree"
https://himalayavillas.com/nathia-gali-pakistan-guide,Nathia Gali Pakistan — The Complete 2026 Visitor Guide,"Nathia Gali: 8,000 feet, 90,500 monthly searches. 75km from Islamabad. The Galyat's highest hill station. Pipeline Track starts here.",Nathia Gali Pakistan — The Complete 2026 Visitor Guide,"nathia gali, nathia gali pakistan, nathiagali pakistan, nathia gali abbottabad, pakistan nathia gali"
https://himalayavillas.com/nathia-gali-resort-guide,Nathia Gali Resort — The Complete Accommodation and Visitor Guide,"Nathia Gali draws 2,400 monthly searches. Guesthouses (PKR 5,000–25,000). Bhurban: private villas 30km away.",Nathia Gali Resort — Complete Guide and Bhurban Alternative,"nathia gali resort, nathia gali hotel, nathia gali accommodation, nathia gali vs bhurban stay"
https://himalayavillas.com/nathia-gali-resort-vs-bhurban,Nathia Gali Resort vs Bhurban — Choosing Your Galyat Base,"Bhurban and Nathia Gali are 30km apart on the Galyat mountain chain — each has distinct advantages. Bhurban (6,800 feet, 47km from Islamabad) has Himalaya Villas & Resorts (Pakistan's only private villa estate in the region) and PC Hotel Bhurban — the best accommodation in the Galyat. Nathia Gali (8,000 feet, 75km from Islamabad) is quieter, cooler, and has the Miranjani trekking option, but accommodation is guesthouse-standard — no equivalent to Himalaya Villas.",Nathia Gali Resort vs Bhurban — Choosing Your Galyat Base,"nathia gali resort, nathia gali vs bhurban, best resort nathia gali, nathia gali accommodation comparison, nathia gali or bhurban which is better"
https://himalayavillas.com/nathia-gali-things-to-do,Nathia Gali Things to Do — The Complete Activity Guide,"Nathia Gali activities: Ayubia Pipeline Track (8km forest walk), Mushkpuri Top hike (9,230 feet), Governor's House, Church Park.",Nathia Gali Things to Do — Complete Activity Guide from Bhurban,"nathia gali things to do, nathia gali activities, what to do nathia gali, nathia gali tourism"
https://himalayavillas.com/nathia-gali-weather-guide,"Nathia Gali Weather — Live Check, Forecast Guide and Bhurban Planning","Live Nathia Gali weather: Google 'nathia gali weather today' — the weather card shows current conditions. AccuWeather search 'Nathia Gali Pakistan' for the specific location forecast. Nathia Gali sits at 8,000 feet — approximately 1,200 feet higher than Bhurban, so 1.5-2°C cooler at all times. Current Ayubia weather (for Pipeline Track planning): Google 'ayubia weather' — the Ayubia and Nathia Gali temperatures are nearly identical given the proximity.","Nathia Gali Weather — Live Check, Forecast Guide and Bhurban Planning","nathia gali weather, nathia gali weather today, nathia gali weather 15 days, nathia gali weather forecast, ayubia weather today"
https://himalayavillas.com/nathia-gali-weather-today,Nathia Gali Weather Today — Live Check and Planning Guide,"Live Nathia Gali weather today: Google 'nathia gali weather today' — the weather card appears instantly with current temperature, conditions, and 7-day forecast. AccuWeather search 'Nathia Gali Pakistan' for the specific location hourly forecast. Nathia Gali at 8,000 feet is consistently 1.5–2°C cooler than Bhurban (6,800 feet) and 3–4°C cooler than Murree town (7,500 feet). PMD (pmd.gov.pk) for official Murree/Galyat regional forecast including snowfall advisories.",Nathia Gali Weather Today — Live Check and Planning Guide,"nathia gali weather today, today nathia gali weather, nathia gali weather 15 days, nathia gali weather tomorrow, nathia gali weather forecast"
https://himalayavillas.com/new-year-bhurban-murree,"New Year in Bhurban Murree — Celebrating the New Year at 6,800 Feet","Bhurban in late December through New Year is a popular mountain celebration destination — 47km from Islamabad (45 minutes), at 6,800 feet in the cedar forest. Himalaya Villas & Resorts offers private estate bookings for the New Year period with the cedar garden fire pit as the centrepiece.","New Year in Bhurban, Murree - Book Your Stay Now","Ring in the New Year in Bhurban, Murree—snow-capped mountains, cozy villas, and a peaceful escape from the city. Book your stay before dates fill up."
https://himalayavillas.com/ngo-team-retreat-bhurban,Bhurban Villa for NGO Team Retreat — Development Sector Getaway,"Himalaya Villas & Resorts in Bhurban, 47km from Islamabad (45 minutes), is used by NGO and development sector teams for retreats of 8-25 people. The private estate provides complete separation from the office environment. The cost, split across a team of 12, is approximately PKR 9,500-11,000 per person per night — comparable to or less than a city hotel team day.",Bhurban Villa for NGO Team Retreat — Development Sector Getaway,"ngo team retreat bhurban, development sector retreat near islamabad, ngo retreat bhurban murree, charity team retreat islamabad mountains, development team bhurban"
https://himalayavillas.com/nikkah-venue-bhurban,Nikkah Venue in Bhurban Murree — Outdoor Mountain Nikkah Ceremony,Himalaya Villas & Resorts in Bhurban offers outdoor and indoor spaces for Nikkah ceremonies. The cedar garden accommodates outdoor Nikkah gatherings of 30-80 guests; the dining pavilion handles intimate indoor Nikkah ceremonies of 20-50 guests.,Bhurban Nikkah Venue: Intimate Ceremony Space - Enquir,"Host an intimate Nikkah ceremony in Bhurban, Murree. Private lawns, mountain views and dedicated event support at Himalaya Villas & Resorts. Enquire today."
https://himalayavillas.com/opulent-hotel-bhurban,Opulent Hotel Bhurban — What It Is and the Private Estate Above It,"Opulent Hotel Bhurban is a boutique hotel property in the Bhurban area. It is an independent hotel offering accommodation at a different price point and character than the major chain properties (PC Hotel, Hotel One). For guests considering Opulent Hotel Bhurban, the comparison point is: Himalaya Villas & Resorts offers a private villa estate model (PKR 39,000–70,000/villa/night) that is structurally different from any hotel accommodation — exclusive-use private villas in cedar forest, no shared building.",Opulent Hotel Bhurban — What It Is and the Private Estate Above It,"opulent hotel bhurban, opulent bhurban, opulent bhurban murree, opulent hotel bhurban murree"
https://himalayavillas.com/pakistan-academic-research-retreat,Pakistan Academic Community — The Research Retreat as a Scholarly Tool,"Pakistan's academic community — the researchers, faculty, and graduate students working across the country's universities and research institutions — has a productivity challenge that is specific to the sector. The research environment combines high intellectual demands with significant administrative burden, limited funding, and the particular cognitive load of holding multiple incomplete research projects in mind simultaneously.",Pakistan Academic Community — The Research Retreat and Conference Alternative,"academic research retreat pakistan, university faculty retreat bhurban, research writing retreat islamabad, academic offsite murree, scholarly retreat pakistan"
https://himalayavillas.com/pakistan-agriculture-export-bhurban,Pakistan's Agriculture Export Sector — The Mountain Retreat for a Grounded Industry,"There is an irony in Pakistan's agriculture export sector conducting its leadership retreats in the same Lahore and Islamabad conference rooms that the IT sector, the banking sector, and the NGO community use. Agriculture — Pakistan's foundational economic sector, the industry most directly rooted in land, soil, and natural environment — conducts its most important conversations in environments as far removed from the natural world as any professional setting can be. The mountain cedar estate at 6,800 feet, 3.5 hours from Lahore's agricultural export hub, is the natural environment that an agriculture sector retreat should use.",Pakistan's Agriculture Export Community — The Lahore-Bhurban Connection,"agriculture export pakistan, lahore bhurban agri retreat, food export sector bhurban, pakistan agri leadership, agricultural exporters retreat"
https://himalayavillas.com/pakistan-agriculture-sector-mountain-retreat,Pakistan's Agriculture Sector — The Rural Economy's Mountain Perspective,"Pakistan's agriculture and food sector — the agri-businesses, the food processing companies, the smallholder farmer support organisations, the agricultural input companies, and the export-focused horticulture operations — constitutes the backbone of Pakistan's economy (20% of GDP, 40% of employment) while remaining significantly underrepresented in the corporate hospitality and retreat market.",Pakistan's Agriculture Sector — The Rural Economy's Mountain Perspective,"agriculture sector pakistan, agribusiness retreat, food industry offsite, rural economy mountain, farming community bhurban"
https://himalayavillas.com/pakistan-architecture-mountain-estate,Pakistan Architecture — The Himalaya Villas Estate as a Mountain Design Case Study,"Pakistan's architectural discourse is city-centric by the demographics of the profession: the practices are in Islamabad, Lahore, and Karachi; the significant commissions are urban; the design education is delivered in city institutions. Mountain architecture — the specific design intelligence required to build appropriately in sub-Himalayan terrain — is underrepresented in Pakistani architectural discourse. Himalaya Villas & Resorts in Bhurban offers a case study in what good mountain hospitality architecture achieves when the design decisions are made in alignment with the specific conditions of the sub-Himalayan environment.",Pakistan Architecture — The Mountain Estate as a Design Case Study,"pakistan architecture mountain, bhurban design case study, mountain hospitality architecture, himalaya villas design, sub-himalayan architecture"
https://himalayavillas.com/pakistan-art-world-collector-mountain-house,Pakistan's Art World — The Collector's Mountain House,"Pakistan's art world — the collectors, the gallerists, the curators, the artists, and the art market professionals who constitute the country's growing contemporary art ecosystem — has a specific relationship with space. The art collector's home is the laboratory for understanding how art and space interact. The Himalaya Villas cedar estate is not a gallery — it is a private living environment with specific spatial qualities that the art world professional will immediately read.",Pakistan's Art World — The Collector's Mountain House,"art collectors pakistan, gallerist retreat, artist residency bhurban, curator mountain stay, contemporary art pakistan"
https://himalayavillas.com/pakistan-arts-community-mountain-residency,Pakistan Arts Community — The Mountain Residency That Doesn't Exist Yet,"The artist residency — a defined period of time in a setting specifically designed to support creative production — is a well-established institution in global arts culture. From the MacDowell Colony in New Hampshire to the Cité des Arts in Paris to Civitella Ranieri in Umbria, the residency model has produced a disproportionate share of significant artistic work across visual art, literature, music composition, and performing arts. Pakistan has minimal formal artist residency infrastructure.",Pakistan Arts Community — The Mountain Residency That Doesn't Exist Yet,"artist residency pakistan, mountain creative retreat bhurban, arts community pakistan, creative residency murree, bhurban artists retreat"
https://himalayavillas.com/pakistan-aviation-sector-crew-retreat,Pakistan Aviation Sector — The Mountain Break for Islamabad-Based Crews and Aviation Professionals,"Islamabad is Pakistan's aviation hub in a specific sense: the city hosts PIA's headquarters functions, the CAA administrative leadership, and a significant concentration of aviation industry professionals — engineers, operations managers, regulatory staff, and the crew community that transits through ISB. The mountain break accessible from Islamabad — 47km, 45 minutes to Bhurban's cedar estate at 6,800 feet — is the most practical recovery environment for aviation professionals whose work schedule involves irregular hours, shift patterns, and the specific fatigue profile of the aviation operations environment.",Pakistan Aviation Sector — The Islamabad Crew Layover Mountain Alternative,"pakistan aviation community, crew retreat bhurban, islamabad aviation professionals, pia crew mountain stay, aviation leadership bhurban"
https://himalayavillas.com/pakistan-banking-sector-retreat,Pakistan Banking Sector — The Case for the Mountain Strategy Retreat,"Pakistan's banking sector — the commercial banks, the development finance institutions, the microfinance banks, and the rapidly expanding Islamic banking segment — faces strategic pressures that are more complex than at any point in recent history: digital disruption from fintech, regulatory evolution from SBP, NPL management challenges, and the macroeconomic volatility that characterises Pakistan's economic environment. Senior banking leadership operating in this environment has the specific challenge of finding protected time for genuine long-horizon strategic thinking.","Pakistan Banking Sector — The Strategy Retreat at 6,800 Feet","banking sector retreat pakistan, financial services leadership bhurban, bank strategy offsite islamabad, sbp retreat, banking executive retreat"
https://himalayavillas.com/pakistan-business-travel-bhurban,Pakistan Business Travel — The Islamabad Meeting Plus Mountain Retreat Format,"A specific pattern is emerging in Pakistan's corporate travel market: the combined Islamabad meeting and Bhurban mountain retreat, condensed into a 3-4 day itinerary. It works as follows: a corporate visitor or executive team arrives in Islamabad for 1-2 days of meetings, presentations, or government engagement, then transitions to Bhurban for 1-2 nights of recovery and informal relationship-building before departure.",Pakistan Business Travel — The Islamabad Meeting Plus Mountain Retreat Format,"business travel pakistan, islamabad meeting bhurban retreat, corporate travel bhurban, mice pakistan bhurban, executive retreat islamabad"
https://himalayavillas.com/pakistan-chamber-commerce-mountain-forum,Pakistan's Chamber of Commerce — The Mountain Business Forum Alternative,"The chambers of commerce and industry that represent Pakistan's business community — FPCCI, ICCI, LCCI, and the regional chambers — have a programme format challenge. The standard chamber event (hotel ballroom, speaker panel, networking dinner) is effective at attracting attendees but poor at generating the genuine business relationships and strategic conversations that chambers exist to facilitate.",Pakistan Chamber of Commerce — The Mountain Business Forum Alternative,"chamber of commerce retreat pakistan, business forum bhurban, fpcci offsite, icci leadership retreat, mountain business forum islamabad"
https://himalayavillas.com/pakistan-charitable-philanthropic-mountain-stewardship,Pakistan's Charitable Community — The Mountain Stewardship Session,"Pakistan's charitable and philanthropic community — the family foundations, the zakat distribution organisations, the philanthropic wings of Pakistan's major business groups, and the high-net-worth individual donors who fund the country's civil society — faces a specific stewardship challenge: the combination of scale of need, resource constraints, and organisational effectiveness questions that constitute the Pakistani philanthropy landscape.",Pakistan's Charitable Community — The Mountain Stewardship Session,"charitable foundations pakistan, philanthropic retreat, family foundation offsite, zakat organisation retreat, NGO leadership retreat"
https://himalayavillas.com/pakistan-chinese-business-mountain-dinner,Pakistan's Chinese Business Community — The Mountain Partnership Dinner,"Pakistan's Chinese business community — the CPEC project teams, the Huawei and ZTE technical staff, the Chinese construction company management, the Chinese manufacturing investors, and the Chinese entrepreneurs who have established businesses in Pakistan's growing market — represents a significant and growing professional community in Islamabad, Lahore, and Karachi. The Pakistan-China business relationship has a specific hospitality dimension: the Chinese business convention values the hosted experience highly. The Pakistani partner who hosts a Chinese business colleague for dinner at a standard Islamabad restaurant is meeting the hospitality minimum. The Pakistani partner who hosts a Chinese delegation at the Himalaya Villas cedar estate — private mountain dinner in the cedar garden at 6,800 feet, 45 minutes from Islamabad — is creating the specific kind of hospitality memory that strengthens business relationships.",Pakistan's Chinese Business Community — The Mountain Partnership Dinner,"pakistan china business, cpec team retreat, chinese business community pakistan, mountain partnership dinner, sino-pak business event"
https://himalayavillas.com/pakistan-civil-servants-mountain-retreat,Pakistan's Civil Servants — The Mountain Retreat for the Bureaucracy,"Pakistan's civil service — the Federal Secretariat staff, the District Management Group officers, and the broader bureaucracy that runs the country's civilian governance — operates under conditions of political uncertainty, limited institutional autonomy, and transfer anxiety. The civil servant's specific challenge: the inability to control the political environment above, the pressure of public service delivery below, and the personal career uncertainty that transfer and posting cycles create. The strategic retreat for Pakistan's civil servants is not a luxury — it is a mechanism for the protected thinking that good governance requires.",Pakistan's Civil Servants — The Mountain Retreat for the Bureaucracy,"civil service retreat pakistan, bureaucracy offsite bhurban, federal secretariat retreat, dmg officers bhurban, government leadership retreat"
https://himalayavillas.com/pakistan-civil-society-advocacy-retreat,Pakistan Civil Society — The Advocacy Retreat and the Mountain Space,"Pakistan's civil society — the human rights organisations, the environmental advocacy groups, the gender equality networks, the disability rights organisations, and the community development practitioners who constitute the country's non-governmental civil sector — operates at the intersection of moral urgency and chronic resource constraint. Civil society organisations face the specific challenge of sustaining staff who work on emotionally difficult advocacy without the compensation or institutional support that corporate or government employment provides.",Pakistan Civil Society — The Advocacy Retreat and the Mountain Space,"civil society retreat pakistan, advocacy team offsite, ngo wellbeing bhurban, human rights retreat, development sector bhurban"
https://himalayavillas.com/pakistan-climate-advocates-mountain-retreat,Pakistan's Climate Advocates — The Mountain as Both Evidence and Refuge,"Pakistan's climate advocacy community — environmental journalists, climate policy researchers, clean energy advocates, glacier monitoring scientists, and grassroots environmental activists — works at the intersection of urgent evidence and political resistance. Pakistan is one of the world's most climate-vulnerable countries, ranked consistently in the top 10 most affected nations by the Climate Risk Index.",Pakistan's Climate Advocates — The Mountain as Evidence and Refuge,"climate advocacy pakistan, environmental journalists bhurban, climate researchers mountain, clean energy advocates, glacier monitoring scientists"
https://himalayavillas.com/pakistan-climate-journalism-bhurban,"Pakistan Climate Journalism — Reporting From the Cedar Forest at 6,800 Feet","Pakistan's climate journalism is improving. The coverage of the 2022 floods, the glacial lake outburst flood documentation in Gilgit-Baltistan, and the growing body of reporting on Pakistan's deforestation rate have brought environmental story-telling closer to the mainstream of Pakistani media than at any previous point in the country's journalism history.",Pakistan Climate Journalism — Reporting From the Forest That Is Disappearing,"climate journalism pakistan, bhurban forest reporting, environmental reporting murree, pakistan deforestation journalism, galyat forest climate story"
https://himalayavillas.com/pakistan-construction-industry-retreat,Pakistan's Construction Industry — The Project Completion Retreat,"Major infrastructure and construction projects in Pakistan — a highway completion, a dam commission, a large residential development delivery — represent years of accumulated team effort and sacrifice. The project team that delivered the work has typically spent 18-36 months navigating delays, supply chain challenges, client changes, and the sustained pressure of a schedule-driven high-stakes project.",Pakistan's Construction Industry — The Site Team Retreat After the Project,"construction industry retreat pakistan, project team offsite bhurban, infrastructure team getaway, construction project completion retreat, site team bhurban"
https://himalayavillas.com/pakistan-consumer-internet-mountain-sprint,Pakistan's Consumer Internet — The Digital Products Mountain Sprint,"Pakistan's consumer internet sector — the e-commerce platforms (Daraz, Yayvo), the ride-hailing companies (InDrive, Careem), the food delivery platforms (Foodpanda, Cheetay), the OTT content platforms, and the digital media companies reaching Pakistan's growing internet user base — builds products for a market that is growing at 15-20% annually. The consumer internet product team's specific challenge: the product is live, the users are active, and the pressure to optimise the existing product never creates the space to think about the next product. The product sprint that needs 48 hours of protected space — the new vertical, the market expansion strategy, the UX redesign that the A/B testing cadence has been delaying — finds that space in the mountain cedar estate.",Pakistan's Consumer Internet — The Digital Products Mountain Sprint,"consumer internet pakistan, e-commerce product sprint, digital products bhurban, product team offsite, consumer tech retreat"
https://himalayavillas.com/pakistan-content-creators-bhurban-retreat,Pakistan's Content Creators — The Mountain Content Retreat at Bhurban,"Pakistan's content creation community — lifestyle influencers, travel vloggers, food content creators, fashion and beauty personalities, and the photography accounts that constitute Pakistan's social media ecosystem — faces the location debt: the same Islamabad streets, the same DHA cafes, the same Lahore food streets, eventually noticed by the audience. The mountain content reset is the mechanism.",Pakistan's Content Creators — The Mountain Content Retreat at Bhurban,"content creators pakistan, influencer retreat bhurban, youtube filming location, social media content bhurban, photography retreat"
https://himalayavillas.com/pakistan-corporate-governors-boardroom-mountain,Pakistan's Corporate Governors — The Boardroom That Moves to the Mountain,"Pakistan's corporate governance community — the independent directors, the board chairs, the audit committee members, and the company secretaries who constitute the oversight infrastructure of Pakistan's listed companies — meets primarily in formal board rooms in Karachi's corporate towers and Islamabad's business district offices. The formal boardroom has a specific limitation: the governance conversations that most need to happen — the honest assessment of management performance, the strategic direction the company is not taking, the succession planning that nobody wants to name — are inhibited by the institutional setting that makes these conversations necessary.",Pakistan's Corporate Governors — The Boardroom That Moves to the Mountain,"corporate governance pakistan, board retreat bhurban, independent directors offsite, board strategy mountain, corporate board meeting pakistan"
https://himalayavillas.com/pakistan-creative-writing-mountain-retreat,Pakistan's Creative Writing Community — The Mountain Novel and the Cedar Pages,"Pakistan's creative writing community — the English-language novelists, the Urdu fiction writers, the short story writers, the poets, and the emerging literary voices navigating the specific terrain of Pakistani creative writing — has a structural challenge: the city does not protect the writing time. The writing retreat is one of the oldest interventions in literary production — the specific understanding that the conditions for writing are not the conditions of ordinary life, and that the writer who needs protected time to write must physically create that protection. The cedar estate at Himalaya Villas in Bhurban is the specific mountain retreat for Pakistan's writers.",Pakistan's Creative Writing Community — The Mountain Novel and the Cedar Pages,"creative writing pakistan, writing retreat bhurban, novelist mountain retreat, urdu fiction writers, literary residency pakistan"
https://himalayavillas.com/pakistan-cricket-bhurban-retreat,Pakistan Cricket and the Mountain Retreat — A Different Kind of Preparation,"Pakistan cricket has a specific geography: Karachi for the heat and the sea-level intensity, Lahore for the history and the crowd, Rawalpindi for the capital proximity, and the mountain hills above Islamabad for the recovery period between the intensity of match days and the travel that Pakistan cricket schedules constantly require.",Pakistan Cricket and the Mountain Retreat — A Different Kind of Preparation,"pakistan cricket bhurban, cricket fans murree, rawalpindi test bhurban, cricket tour pakistan mountains, cricket group bhurban"
https://himalayavillas.com/pakistan-cricket-community-mountain-retreat,Pakistan Cricket Community — The Mountain Break for Cricket's Off-Season,"Pakistan's cricket community — coaches, analysts, cricket administrators, age-group selectors, grassroots development coaches, and the vast community of passionate fans and commentators — has a specific relationship with the off-season: a period that should be restorative but often becomes administratively dense as the next selection cycle begins. The cricket association's leadership retreat at Himalaya Villas — the PCB regional body, provincial cricket association, or a private cricket academy's senior coaching team — provides the strategic planning space and personal recovery that the cricket calendar rarely creates organically.",Pakistan Cricket Community — The Mountain Break for the Game's Off-Season,"cricket community pakistan, pcb retreat, cricket coaches bhurban, sports leadership offsite, cricket off-season bhurban"
https://himalayavillas.com/pakistan-defence-community-bhurban,Pakistan Defence Community — The Mountain Retreat Between Postings,The Pakistan defence community has a specific relationship with Bhurban and the Murree hills that predates the modern tourism infrastructure by decades. The Murree hills served as a cantonment climate retreat during colonial times; their proximity to GHQ Rawalpindi (38km from Bhurban) has made the Murree hills a natural rest and recreation destination for the defence community across generations.,Pakistan Defence Community Travel — The Mountain Retreat Between Postings,"defence community travel pakistan, military families bhurban, armed forces retreat murree, veterans stay bhurban, defence personnel mountain getaway"
https://himalayavillas.com/pakistan-defence-community-mountain-retreat,Pakistan's Defence Community — The Transition and the Mountain Estate,"Pakistan's defence community — the active officers navigating the demands of military service, the recently retired officers transitioning to civilian roles in the corporate sector, the defence industry professionals, and the strategic affairs community — has a specific relationship with the outdoors that civilian professional culture does not fully understand. The military officer's training embeds an instinct for the outdoors — the physical environment as the tactical and operational space — that civilian office work systematically suppresses. The defence community professional who has spent 15 years operating in demanding outdoor environments and then transitions to a Islamabad corporate office is making a specific environmental adjustment that accumulates as a deficit.",Pakistan's Defence Community — The Transition and the Mountain Estate,"defence community pakistan, military officer transition, retired officers retreat, defence industry bhurban, strategic affairs community"
https://himalayavillas.com/pakistan-developers-remote-work-bhurban,Pakistan's Developers — Remote Work at the Mountain and the Sprint Recovery,"Pakistan's software development community has undergone a transformation in the past 5 years: the freelance platform revolution, the growth of internationally-contracted Pakistani development teams, the emergence of Lahore and Islamabad as genuine South Asian tech talent clusters. The developer who works for a US, European, or UAE client from an Islamabad home office has theoretically flexible location — but most continue working from the same room because the infrastructure hasn't been available in Pakistan's mountain areas. This is changing.",Pakistan's Developers — Remote Work at the Mountain and the Sprint Recovery,"remote work pakistan developers, software team offsite bhurban, developer sprint recovery, tech team mountain retreat, code retreat pakistan"
https://himalayavillas.com/pakistan-digital-nomads-cedar-mountain,Pakistan's Digital Nomads — Working From the Cedar Mountain,"Pakistan's growing digital nomad community — the remote workers, the freelancers, the internationally contracted professionals, and the startup founders who have decoupled their work from a specific office location — has a specific relationship with the question of where to work. The digital nomad's fundamental discovery: the laptop works everywhere, but the thinking quality and the life quality vary enormously by environment. The Islamabad apartment where the laptop lives Monday through Friday produces a specific kind of output. The Himalaya Villas cedar estate on Thursday and Friday produces something different — not necessarily more productive in volume, but categorically richer in quality.",Pakistan's Digital Nomads — Working From the Cedar Mountain,"digital nomads pakistan, remote work bhurban, freelancer mountain base, distributed team colocation, work from mountain pakistan"
https://himalayavillas.com/pakistan-edtech-mountain-build-sprint,Pakistan's Education Technology Sector — The Mountain Build Sprint,"Pakistan's education technology sector — the e-learning platforms, the school management systems, the digital content companies serving Pakistan's school market, and the assessment technology companies — has grown significantly in the past 5 years as Pakistan's education system's technology adoption has accelerated. The EdTech team faces a specific product development challenge: the tension between the technology capability and the education practice reality. The best EdTech is built by teams that deeply understand both the technology and the classroom. The specific breakthrough often comes when the team is away from both the codebase and the classroom simultaneously.",Pakistan's Education Technology Sector — The Mountain Build Sprint,"edtech pakistan, education innovation retreat, product sprint bhurban, curriculum design offsite, edtech team building"
https://himalayavillas.com/pakistan-energy-sector-mountain-retreat,Pakistan's Energy Sector — The Grid Teams and the Mountain Clarity,"Pakistan's energy sector — NEPRA, WAPDA, the DISCOs, the IPPs, and the growing solar and renewables companies — operates under specific pressures: the circular debt crisis, capacity payment structures, load management demands, and the political context that makes energy sector decision-making one of the most complex professional environments in Pakistan.",Pakistan's Energy Sector — The Power Grid and the Mountain Clarity,"energy sector pakistan, nepra retreat, wapda offsite, ipp leadership, power grid team bhurban"
https://himalayavillas.com/pakistan-executive-education-mountain,Pakistan Higher Education — The Executive Education Mountain Module,"Executive education — the MBA electives, leadership development programmes, and senior management courses delivered by Pakistan's leading business schools — faces a design challenge that classrooms consistently fail to solve. The executives who attend these programmes are motivated by learning but embedded in operational contexts that undermine application. The classroom delivers the concept; the real world demands different behaviour; the gap between the two persists.",Pakistan Higher Education — The Executive Education Mountain Module,"executive education pakistan, business school mountain module, leadership retreat islamabad, mba residential module bhurban, executive development pakistan"
https://himalayavillas.com/pakistan-faith-community-spiritual-retreat,Pakistan's Faith Community — The Mountain Spiritual Retreat,"The mountain's spiritual dimension is not incidental to Pakistan's Islamic heritage — it is central to it. The Quran's recurring references to mountains as places of divine encounter, the Islamic scholarly tradition of the mountain retreat for reflection (khalwa), and the Sufi path's understanding of the natural environment as a space for spiritual proximity: all of these traditions find their natural contemporary expression in the cedar mountain estate. The fully halal cedar estate at Himalaya Villas — no alcohol, private outdoor spaces, the Bhurban mosque 5 minutes by car for Fajr and Jumu'ah prayers, in-villa dining from a halal kitchen — is the correct environment for the Islamic scholarly retreat.",Pakistan's Faith Community — The Mountain Spiritual Retreat,"islamic retreat pakistan, spiritual retreat bhurban, khalwa mountain, halal mountain estate, quran study retreat"
https://himalayavillas.com/pakistan-fashion-industry-bhurban-shoot,Pakistan Fashion Industry — Why the Bhurban Cedar Estate Is the Location You Have Not Used Yet,"Pakistani fashion photography has explored the country's urban settings extensively — the Lahore Fort, the Islamabad monuments, the restored havelis of the walled city — and has begun to expand into northern Pakistan's dramatic mountain landscapes (the Hunza valley, the Karakoram). Between the urban heritage settings and the high-altitude northern extremes, there is a middle location that the fashion industry has largely bypassed: the cedar forest estate at 6,800 feet in Bhurban, 45 minutes from Islamabad.",Pakistan Fashion Industry — The Mountain Photo Essay,"pakistan fashion photography location, bhurban fashion shoot, fashion editorial bhurban, designer retreat bhurban, fashion industry mountain shoot"
https://himalayavillas.com/pakistan-fashion-industry-mountain-retreat,Pakistan's Fashion Industry — The Mountain Creative Season Reset,"Pakistan's fashion industry — the Lahore and Karachi design studios, the textile exporters whose commercial success enables the design community's creative experimentation, and the fashion media that documents and amplifies both — has a specific creative renewal need. The fashion calendar is a relentless cycle of collection launches, fashion weeks, media commitments, and buyer meetings. The designer who has been producing for the commercial calendar for 10 months straight arrives at the off-season with the creative exhaustion that the fashion industry normalises but does not adequately address.",Pakistan's Fashion Industry — The Mountain Creative Season Reset,"fashion industry pakistan, textile sector retreat, creative season bhurban, designer studio offsite, fashion team mountain"
https://himalayavillas.com/pakistan-finance-investment-deal-retreat,Pakistan Finance and Investment Community — The Mountain After the Deal Closes,"Pakistan's finance and investment community — private equity managers, venture capital investors, investment bankers, family office managers, and corporate finance advisers — operates in the sustained pressure environment of financial transaction. The deal environment has a specific rhythm: the extended due diligence period, the intense negotiation phase, the documentation and closing sprint, and then — a moment of complete absence of purpose as the team's reason for existing (the transaction) is completed. The post-close void is as real a professional challenge as the pre-close pressure.",Pakistan Finance and Investment Community — The Mountain After the Deal Closes,"finance community pakistan, private equity retreat, investment banking offsite, deal closing celebration, venture capital bhurban"
https://himalayavillas.com/pakistan-fintech-leadership-retreat,Pakistan Fintech and Banking — The Case for the Leadership Mountain Retreat,"Pakistan's fintech sector has grown rapidly in the post-2018 regulatory shift — SBP's EMI regulations, Raast, open banking frameworks, and the digital payment infrastructure build-out have created an industry that is simultaneously well-funded, intensely competitive, and genuinely strategic in its national impact. The leadership teams of Pakistan's major fintechs face the specific challenge of rapid growth under regulatory scrutiny in a market that is changing faster than any single team's planning capacity.",Pakistan Fintech and Banking — The Case for the Leadership Mountain Retreat,"pakistan fintech leadership retreat, banking strategic retreat bhurban, fintech team offsite islamabad, SBP fintech mountain retreat, financial services leadership bhurban"
https://himalayavillas.com/pakistan-fintech-mountain-sprint,Pakistan's Fintech Community — The Mountain Sprint for Financial Innovation,"Pakistan's fintech sector — the digital payment companies, the neobanks, the lending platforms, the wealth management apps, and the cryptocurrency exchanges navigating Pakistan's regulatory environment — is building the financial infrastructure for a country of 240 million people with 50-60% banked population penetration. The fintech sprint environment has a specific challenge: the regulatory ambiguity that characterises Pakistan's fintech landscape creates constant uncertainty that the team internalises as background stress. The SBP sandbox decision, the EMI licence approval, the regulatory clarification that has been pending for 6 months — these hang over the team's daily work.",Pakistan's Fintech Community — The Mountain Sprint for Financial Innovation,"fintech pakistan, digital payments retreat, neobank team offsite, financial innovation bhurban, fintech product sprint"
https://himalayavillas.com/pakistan-first-time-international-visitor-guide,Pakistan for First-Time International Visitors — Where to Start,"International visitors to Pakistan typically encounter two conflicting bodies of information: the country's growing reputation as one of the world's most dramatically beautiful destinations (Hunza, the Karakoram, the northern areas), and the persistent narrative of difficulty and risk that international media has attached to Pakistan for decades.",Pakistan Travel Guide for First-Time Visitors - Book Now,"Planning your first trip to Pakistan? Explore practical travel tips and must-see spots, then book a private luxury villa in Bhurban. Reserve your stay today."
https://himalayavillas.com/pakistan-fmcg-sales-incentive-bhurban,Pakistan FMCG Sector — The Sales Force Mountain Incentive That Actually Works,"Pakistan's FMCG sector — Unilever Pakistan, Nestlé Pakistan, Procter & Gamble Pakistan, and the growing domestic brands — employs one of Pakistan's largest field sales forces. The FMCG sales incentive programme is a well-established tool. The challenge: most programmes default to cash bonuses. The mountain cedar estate as an incentive for top-performing territory creates a fundamentally different motivational memory.",Pakistan FMCG Sector — The Sales Force Mountain Incentive That Actually Works,"fmcg sales incentive, consumer goods team retreat, sales force motivation bhurban, fmcg team offsite, sales incentive pakistan"
https://himalayavillas.com/pakistan-food-tourism-mountain-table,Pakistan Food Tourism — The Mountain Table and What It Tells Us,"Pakistan's food tourism narrative has been dominated by two registers: the street food of Karachi's Burns Road and Lahore's Food Street, and the fine dining of the major hotels. Both are legitimate. Both are increasingly well-documented. The third register — the private mountain table — has received almost no attention, despite being one of the most distinctive food experiences available in the country.",Pakistan Food Tourism — The Mountain Table and What It Tells Us,"pakistan food tourism, mountain dining pakistan, bhurban private dining, in villa dining bhurban, pakistan culinary travel"
https://himalayavillas.com/pakistan-forest-heritage-cedar-forests-murree,Pakistan's Forest Heritage — The Cedar Forests of the Murree Hills,"The deodar cedar (Cedrus deodara) is Pakistan's national tree. It is also, in the Murree hills, the defining ecological structure of the landscape — the species whose canopy, roots, and presence create the environment that makes Bhurban what it is. The dense cedar and blue pine forest surrounding Bhurban at 6,800 feet is not merely a backdrop for tourism; it is the primary ecological asset of the region.",Pakistan's Forest Heritage — The Cedar Forests of the Murree Hills,"pakistan forest heritage, murree cedar forests, deodar cedar pakistan, bhurban forest conservation, himalayan forest ecology"
https://himalayavillas.com/pakistan-future-next-generation-mountain,Pakistan's Future — The Mountain That the Next Generation Discovers,"Pakistan's next generation — the children currently 5-15 years old, growing up in Islamabad's DHA, Lahore's Bahria Town, Karachi's Clifton, and the Pakistani diaspora communities in Dubai, London, Toronto, and Sydney — will inherit a country facing specific environmental, economic, and social challenges that the current generation has not resolved. What they will also inherit: the cedar mountain at 6,800 feet, 47km from the capital. The deodar cedars on the Himalaya Villas estate that are 100-200 years old are not going anywhere. The Koklass Pheasant calling from the cedar understory at 5:45am tomorrow morning will call from the same understory in 2045.",Pakistan's Future — The Mountain That the Next Generation Discovers,"next generation pakistan, children mountain experience, bhurban family heritage, pakistan future stewardship, cedar forest childhood memory"
https://himalayavillas.com/pakistan-gcc-community-summer-escape,Pakistan's GCC-Based Pakistani Community — The Summer Escape Back,"The Pakistani community in the Gulf Cooperation Council countries — Saudi Arabia, UAE, Qatar, Kuwait, Bahrain, and Oman — represents approximately 4.5 million Pakistanis, the largest concentration of Pakistani diaspora outside Pakistan itself. The GCC summer is specific: June through September in Saudi Arabia and Qatar sees temperatures reach 45-50 degrees C. The GCC-based Pakistani community's summer return to Pakistan coincides with Pakistan's own hot season — July-August in Islamabad and Lahore at 38-44 degrees C. The return visit is from one kind of heat to another.",Pakistan's GCC-Based Pakistani Community — The Summer Escape Back,"gcc pakistani community, summer escape pakistan, bhurban temperature escape, gulf returnees pakistan, saudi pakistani bhurban"
https://himalayavillas.com/pakistan-global-diaspora-bhurban,Pakistan's Global Diaspora — Why Bhurban Was Always Part of the Story,"Pakistan has approximately 9 million nationals living abroad — the Gulf workers, the UK Pakistani community, the North American Pakistani professionals, the Malaysian engineering graduates, the Australian students who stayed — constituting one of the world's largest diaspora communities relative to the home country's population. The diaspora's relationship with Pakistan's landscape is mediated almost entirely by the city: the airport, the family home, the wedding venue, the family reunion that fills the brief annual visit. The mountain — the cedar forest at 6,800 feet, the Murree hills, the sub-Himalayan landscape — is not part of the diaspora's Pakistan mental map.",Pakistan's Global Diaspora — Why Bhurban Was Always Part of the Story,"pakistani diaspora travel, global diaspora bhurban, diaspora return visit mountain, overseas pakistanis bhurban, diaspora family mountain"
https://himalayavillas.com/pakistan-green-hospitality-private-estate,Pakistan Green Hospitality — The Private Estate Model and Sustainable Mountain Tourism,"Pakistan's sustainable tourism conversation has focused primarily on the north: the fragility of the Karakoram ecosystem, the waste management challenges of the Fairy Meadows and Nanga Parbat base camps, the carbon cost of international travel to the country's most remote destinations. The Murree hills — accessible, high-volume, and under significant development pressure — have received less attention in the sustainability conversation despite being the most visited domestic mountain area in the country.",Pakistan Green Hospitality — The Private Estate as an Eco-Compatible Tourism Model,"sustainable tourism pakistan, green hospitality bhurban, eco friendly mountain stay, private estate sustainability, murree eco tourism"
https://himalayavillas.com/pakistan-health-wellness-tourism-mountain,Pakistan's Health and Wellness Tourism — The Mountain Opportunity,"Pakistan's wellness tourism market is in its early development phase. International wellness tourism — the global industry of spa retreats, yoga centres, mineral hot spring resorts, and forest therapy destinations — has reached the early-adoption stage in Pakistan's consumer market without a coherent domestic supply response. The mountain environment of the Murree hills represents a specific and underutilised wellness asset.",Pakistan's Health and Wellness Tourism — The Mountain Opportunity,"wellness tourism pakistan, mountain wellness retreat bhurban, health tourism murree, forest therapy pakistan, bhurban wellness stay"
https://himalayavillas.com/pakistan-healthcare-workers-retreat,"Pakistan Healthcare Workers — Rest, Recovery and the Mountain Estate","Pakistan's healthcare workforce carries a burden that the COVID-19 pandemic made visible internationally but that has characterised the sector for decades: chronic overwork, inadequate staffing ratios, limited institutional wellbeing investment, and the specific psychological weight of working at the interface of human illness, suffering, and death.","Pakistan Healthcare Workers — Rest, Recovery and the Mountain Estate","healthcare worker retreat pakistan, doctor wellbeing bhurban, nurse recovery mountain, medical staff retreat islamabad, healthcare burnout pakistan"
https://himalayavillas.com/pakistan-hill-stations-guide,Pakistan Hill Stations — An Honest Guide Beyond the Clichés,"The phrase 'Pakistan hill station' conjures a specific image for most Pakistani urbanites: Murree in summer, the Mall Road crowd, the chairlift queue, kashmiri chai on a ridge that you can barely see over the weekend traffic. The image is accurate for one hill station experience at one time of year. It doesn't represent the landscape accurately.",Pakistan Hill Stations Guide - Book Your Murree Villa,"Explore the best hill stations in Pakistan, from Murree and Bhurban to Nathiagali, then book a private luxury villa for your mountain escape. Reserve today."
https://himalayavillas.com/pakistan-hospitality-education-bhurban,Pakistan Hospitality Education — The Private Estate Model as a Field Study,"Pakistan's hospitality education sector — PITHM (Pakistan Institute of Tourism & Hotel Management), the hospitality management departments at leading universities, and the HEC-recognised tourism programmes — produces graduates who are well-trained in the theory and operations of hotel management but have limited exposure to the hospitality models that the global industry is shifting toward.",Pakistan Hospitality Education — The Field Trip That Changes Career Trajectories,"hospitality education pakistan, tourism management field trip, pithm bhurban, hotel management case study, private estate hospitality education"
https://himalayavillas.com/pakistan-hospitality-industry-staff-retreat,Pakistan's Hospitality Industry — The F&B and Hotel Staff Who Deserve the Estate,"Pakistan's hospitality industry — hotel managers, executive chefs, food and beverage directors, front office teams, and the operations staff who keep the country's hotels and restaurants running — has a specific irony: the people who create experiences for guests rarely have access to equivalent experiences themselves. The hospitality professional who manages a 5-star hotel restaurant cannot afford to eat at the restaurant they manage. The hotel operations director who books premium suites for corporate guests has not experienced the equivalent at another property.",Pakistan's Hospitality Industry — The Staff Who Deserve the Private Estate,"hospitality industry pakistan, hotel staff retreat, f&b team bhurban, hospitality community mountain, hotel management offsite"
https://himalayavillas.com/pakistan-hospitality-private-estate-model,Pakistan's Hospitality Industry — The Private Estate Model as a Growth Category,"Pakistan's formal hospitality industry has operated on two primary models for decades: the international chain hotel (JW Marriott, Serena, Marriott-brand properties) and the domestically-owned mid-range hotel sector. Both models are well-understood, operationally mature, and occupy clearly defined market positions. A third model — the private villa estate operating on exclusive-use terms — has been absent from Pakistan's hospitality landscape in any meaningful way until recently.",Pakistan's Hospitality Industry — The Private Estate Model as a Growth Category,"private estate hospitality pakistan, hospitality industry analysis, bhurban hospitality case study, luxury villa model pakistan, mountain hospitality investment"
https://himalayavillas.com/pakistan-infrastructure-sector-mountain-retreat,Pakistan's Infrastructure Sector — The Engineers Who Built the Country,"Pakistan's infrastructure sector — the civil engineering firms, the construction companies, the CPEC project teams, the National Highway Authority, and the government engineering departments — is responsible for the physical infrastructure of a country of 240 million people. The N-75 Murree Expressway itself — the road that makes Bhurban accessible in 45 minutes from Islamabad — is a product of the infrastructure sector's work. The infrastructure engineer's relationship with the mountain is different from the knowledge worker's relationship. The engineer who has spent years designing the road, the bridge, or the dam encounters the mountain as the subject of the work rather than the escape from the work.",Pakistan's Infrastructure Sector — The Engineers Who Built the Country,"infrastructure sector pakistan, civil engineering retreat, construction company offsite, CPEC team bhurban, NHA leadership retreat"
https://himalayavillas.com/pakistan-interior-design-community-mountain-reference,Pakistan's Interior Design Community — The Mountain as the Reference Property,"Pakistan's interior design community — the residential interior designers, the commercial space designers, the furniture manufacturers, the tile and surface suppliers, and the specification consultants who constitute the country's growing design industry — works in a profession where exposure to excellent spaces is the primary professional development activity. The interior designer who stays at Himalaya Villas is conducting professional research.",Pakistan's Interior Design Community — The Mountain as the Reference Property,"interior designers pakistan, design community retreat, mountain design reference, residential design inspiration, design studio offsite"
https://himalayavillas.com/pakistan-international-development-partners-mountain-retreat,Pakistan's International Development Partners — The Aid Effectiveness Mountain Session,"Away from Islamabad's formal meeting rooms, Bhurban offers Pakistan's international development community a quiet mountain setting for honest dialogue, strategic reflection, and meaningful collaboration.",Pakistan's International Development Partners — The Aid Effectiveness Mountain Session,"international development pakistan, aid agency retreat, world bank offsite, undp bhurban, development effectiveness meeting"
https://himalayavillas.com/pakistan-international-visitors-bhurban-itinerary,Pakistan's International Visitors — Why Bhurban Should Be on Every Pakistan Itinerary,"International visitors to Pakistan — the adventure travellers who come for the Karakoram, the cultural tourists who come for Lahore's Mughal heritage, the business travellers who come for Pakistan's economic opportunities, and the diaspora returnees who bring international partners to see their home country — typically receive the standard Pakistan itinerary: Lahore (Badshahi Mosque, food street, Walled City), Islamabad (Faisal Mosque, Daman-e-Koh), and the north (Gilgit-Baltistan, Hunza). Bhurban is rarely on the international visitor's itinerary. It should be.",Pakistan's International Visitors — Why Bhurban Should Be on Every Pakistan Itinerary,"international visitors pakistan, pakistan tourism itinerary, bhurban travel guide, mountain resort pakistan, adventure travel pakistan"
https://himalayavillas.com/pakistan-it-sector-mountain-retreat,Pakistan IT Sector — The Remote-First Company and the Mountain Retreat,"Pakistan's IT sector is, structurally, one of the most remote-work-ready professional communities in the country. Software houses and tech agencies operating on international client contracts have been managing distributed, flexible work arrangements for years — often because client time zone requirements made office-based schedules impractical, and often because talent in Pakistan's major cities can be effectively managed remotely with the right tooling.",Pakistan IT Sector — The Remote First Company and the Mountain Retreat,"it sector retreat pakistan, software house team offsite bhurban, tech leadership retreat islamabad, remote first company retreat bhurban, pakistan tech team building"
https://himalayavillas.com/pakistan-journalists-mountain-writing-retreat,Pakistan's Journalists — The Mountain Dispatch and the Story That Needs Distance,"Pakistan's journalism community — the print journalists at Dawn, The News, The Tribune, and The Nation; the broadcast journalists at ARY, Geo, Dunya, and Bol; the digital media journalists at independent platforms; and the international correspondents covering Pakistan — has a specific relationship with the stories they cover. The political beat journalist who has been embedded in the National Assembly press gallery for 10 months, the crime correspondent who covers Karachi, the investigative journalist who has spent 6 months on a corruption story: each carries the specific weight of sustained immersion in the story that requires periodic distance.",Pakistan's Journalists — The Mountain Dispatch and the Story That Needs Distance,"journalists pakistan, writing retreat bhurban, journalist mountain retreat, investigative writing retreat, editorial offsite pakistan"
https://himalayavillas.com/pakistan-judiciary-leadership-retreat,Pakistan Judiciary and the Mountain — The Case for Judicial Leadership Retreats,"Pakistan's judicial leadership — the judges, registrars, and senior court officials who manage the country's overloaded court system — operates under conditions of sustained institutional pressure that would benefit measurably from structured withdrawal and reflection opportunities. The mountain retreat for Pakistan's judicial leadership is not a luxury proposition; it is a professional development mechanism that international judicial systems have used systematically for decades.",Pakistan Judiciary and the Mountain Clarity — A Case for Judicial Leadership Retreats,"pakistan judiciary, legal leadership retreat, supreme court offsite, high court bhurban, judicial leadership development"
https://himalayavillas.com/pakistan-knowledge-economy-mountain-reset,Pakistan's Knowledge Economy — The Intellectual Worker's Mountain Reset,"Pakistan's knowledge economy — the economists, the data scientists, the management consultants, the policy analysts, the strategic advisers, and the professional knowledge workers who constitute the country's intellectual professional sector — has a specific cognitive load profile that the information age has amplified. The knowledge worker's fundamental resource is cognitive bandwidth — the ability to think clearly, connect information usefully, and generate genuine insight rather than pattern-matching from prior experience. This resource depletes with sustained cognitive demand and cannot be restored simply by stopping work. The restoration requires environmental change — the specific neurological effect of being in a categorically different environment for a sustained period.",Pakistan's Knowledge Economy — The Intellectual Worker's Mountain Reset,"knowledge economy pakistan, intellectual worker retreat, cognitive reset bhurban, management consultant offsite, policy analyst bhurban"
https://himalayavillas.com/pakistan-legal-community-bar-retreat,"Pakistan's Legal Community — The Bar Retreat and Why It Works at 6,800 Feet","The legal profession has a specific relationship with formality. The courtroom, the chamber, the formal conference — the entire professional architecture of legal practice is built on structured, hierarchical environments where position and argument are paramount. This makes the informal retreat not merely pleasant but therapeutically necessary for legal professionals who want to think differently about their work.","Pakistan's Legal Community — The Bar Retreat and Why It Works at 6,800 Feet","legal community retreat pakistan, bar association bhurban, lawyers retreat islamabad, bar council offsite murree, legal professional development bhurban"
https://himalayavillas.com/pakistan-legal-profession-mountain-break,Pakistan's Legal Profession — The Mountain Break Between the Briefs,"Pakistan's legal profession — the advocates, the corporate lawyers, the judges, the legal consultants, and the NGO legal practitioners — has an occupational profile characterised by sustained cognitive demand and adversarial work environments. The lawyer's break requirement is specific: cognitive rest from the adversarial mindset that legal practice demands. The cedar estate at 6,800 feet, where the only opponent is the distance to the Patriata Chairlift, provides exactly this.",Pakistan's Legal Profession — The Mountain Break Between the Briefs,"legal profession pakistan, lawyers retreat bhurban, bar association offsite, corporate lawyers mountain, legal community bhurban"
https://himalayavillas.com/pakistan-logistics-supply-chain-mountain-retreat,Pakistan's Logistics Sector — The Operational Excellence Mountain Retreat,"Pakistan's logistics and supply chain sector — the 3PL companies, the freight forwarders, the e-commerce logistics operations, the cold chain specialists, and the road and air freight operators — is one of Pakistan's fastest-growing industries driven by e-commerce growth and increasing supply chain sophistication. The logistics professional's specific occupational profile: sustained high-pressure operations management, the 24-hour pressure of time-critical shipments, and the constant coordination of multiple variables simultaneously. The operational mind that manages a 500-truck fleet or a 10,000-package-per-day e-commerce fulfilment centre is perpetually in optimisation mode.",Pakistan's Logistics Sector — The Operational Excellence Mountain Retreat,"logistics sector pakistan, supply chain retreat, 3pl company offsite, operations leadership bhurban, fleet manager recovery"
https://himalayavillas.com/pakistan-luxury-retail-sector-retreat,Pakistan's Luxury Retail Sector — The Mountain Break for Premium Industry Teams,"Pakistan's luxury retail sector — premium fashion brands, high-end jewellery houses, luxury automotive importers, fine dining operators, and premium real estate developers — employs teams that work in the aspirational register of Pakistani commerce. The sustained projection of aspiration requires, occasionally, that the team itself experiences the premium environment from the receiving end. The Himalaya Villas cedar estate at Bhurban is the natural choice for the luxury retail sector retreat. It is the only accommodation in the accessible Murree hills that matches the quality positioning that luxury retail brands project to their customers.",Pakistan's Luxury Retail Sector — The Mountain Break for a Premium Industry,"luxury retail pakistan, premium brands retreat, high-end fashion bhurban, luxury industry offsite, lifestyle brands mountain"
https://himalayavillas.com/pakistan-media-editorial-retreat,Pakistan Media Industry — The Editorial Retreat and Why It Works in the Mountains,"The news cycle is the enemy of journalism. This is not a new observation — it is the foundational tension of the industry — but it has intensified with the shift to digital distribution and the 24-hour publication rhythm that social media's appetite demands. Pakistani journalism's finest editorial work — the long investigations, the in-depth analyses, the considered opinion pieces that shape public discourse — is produced in spite of the news cycle, not because of it.",Pakistan Media Industry — The Editorial Retreat and Why It Works in the Mountains,"editorial retreat pakistan, media leadership retreat bhurban, journalism retreat islamabad, publishing team offsite murree, media strategy retreat pakistan"
https://himalayavillas.com/pakistan-media-editorial-retreat-bhurban,Pakistan Media Community — The Editorial Retreat and the Mountain Deadline,"Pakistan's media community — the print journalists, the broadcast producers, the digital editors, and the independent content creators who constitute the country's increasingly complex information ecosystem — has a specific relationship with deadline pressure that distinguishes it from almost every other professional sector. The 24-hour news cycle and the infinite scroll of digital publishing have eliminated the editorial calendar's natural breathing spaces.",Pakistan Media Community — The Editorial Retreat and the Mountain Deadline,"journalism retreat pakistan, editorial retreat bhurban, media leadership offsite, pakistan media community, editorial planning bhurban"
https://himalayavillas.com/pakistan-media-production-mountain-location,Pakistan Media Production — The Mountain as a Smart Production Decision,"Pakistan's media production houses — TV drama producers, commercial production companies, documentary filmmakers, and content creation studios — make production decisions that balance creative vision against budget constraints. The cedar estate at Himalaya Villas in Bhurban is a production decision that serves both simultaneously. The 45-minute drive from Islamabad eliminates the travel and accommodation costs of a genuine mountain production; the private estate exclusivity provides a controlled production environment; and the cedar forest aesthetic is available from the property gate.",Pakistan Media Production — The Mountain as a Smart Production Decision,"media production pakistan, tv drama location bhurban, commercial shoot bhurban, production house retreat, film location murree"
https://himalayavillas.com/pakistan-medical-professional-retreat,Pakistan's Medical Professional Associations — The Mountain Retreat as Continuing Education,"Pakistan's medical and dental professional associations — the PMA, PDA, CPSP, and the dozens of specialist society chapters that manage continuing professional development across the country — face a structural limitation in their professional development programming. The conference room format, which dominates CPD delivery, is demonstrably inferior to the retreat format for certain types of professional development: the leadership discussion, the reflective practice session, the peer mentorship conversation.",Pakistan's Dental and Medical Professionals Association — The Annual Conference Alternative,"medical professional retreat pakistan, dental association bhurban, cme retreat islamabad, medical cme bhurban, pakistan medical association offsite"
https://himalayavillas.com/pakistan-medical-professionals-cedar-forest-break,Pakistan's Medical Community — The Cedar Forest Break That Healthcare Workers Actually Need,"Pakistan's healthcare professionals — the doctors, nurses, hospital administrators, and community health workers who sustain an underfunded and overloaded health system — have a specific burnout profile: compassion fatigue, moral distress, and the cumulative weight of daily contact with illness and suffering. The healthcare worker's break requirements are distinct: the mental health break needs to be a genuine emotional environment change. The hotel room in the city is not sufficient distance. The private cedar estate at 6,800 feet — where the only other people are the small group you have chosen to be with — provides the specific isolation that genuine recovery requires.",Pakistan's Doctors and Nurses — The Medical Professional's Cedar Forest Break,"doctor burnout pakistan, nurse wellbeing bhurban, healthcare worker retreat, medical professional mountain stay, physician recovery bhurban"
https://himalayavillas.com/pakistan-medical-tourism-recovery-bhurban,Pakistan's Medical Tourism Sector — The Mountain Recovery Stay After Treatment,"Pakistan's medical tourism sector — Islamabad's hospitals that attract patients from across Pakistan and from the Afghan and Gulf diaspora community, the specialist doctors whose private practice attracts regional patients, and the hospital facilities that have invested in international-standard medical infrastructure — generates a post-treatment recovery need that the city's standard hotel market does not serve optimally. The post-surgical or post-treatment patient has specific recovery environment requirements: clean air, minimal sensory stress, good food at controlled timing, gentle activity at the patient's pace, and the specific psychological benefit of natural environment exposure that clinical research increasingly validates as a recovery accelerator.",Pakistan's Medical Tourism Sector — The Recovery Stay After Treatment,"medical tourism pakistan, post-surgical recovery bhurban, patient recovery stay, mountain recovery pakistan, post-treatment care pakistan"
https://himalayavillas.com/pakistan-mental-health-professionals-retreat,Pakistan's Mental Health Professionals — The Therapist's Mountain Retreat,"Pakistan's mental health professional community — the psychiatrists, the clinical psychologists, the counsellors, and the social workers who serve Pakistan's growing mental health sector — faces a specific occupational hazard: vicarious trauma. Vicarious trauma is the cumulative psychological impact of sustained exposure to others' traumatic experiences. For the therapist who hears 8 client sessions daily — many involving significant trauma histories — the psychological cost accumulates in ways that standard supervision and self-care interventions only partially address.",Pakistan's Mental Health Professionals — The Therapist's Mountain Retreat,"mental health professionals pakistan, therapist retreat bhurban, vicarious trauma recovery, clinical psychologist break, counsellor retreat pakistan"
https://himalayavillas.com/pakistan-mice-industry-bhurban,Pakistan MICE Industry — The Mountain Private Estate as a Meeting and Incentive Destination,"The MICE industry — Meetings, Incentives, Conferences, and Events — has a geography in Pakistan that concentrates heavily in the major city hotels: the Islamabad Marriott, the Karachi Pearl Continental, the Lahore Avari. These properties have the capacity, the infrastructure, and the event management experience to handle large corporate gatherings. They are also interchangeable in the guest experience — the meeting room in the Islamabad Marriott is indistinguishable from the meeting room in the Karachi Serena.",Pakistan MICE Industry — The Mountain as a Meeting and Incentive Destination,"mice venue pakistan, corporate meeting bhurban, incentive travel pakistan, mountain meeting venue islamabad, business event bhurban"
https://himalayavillas.com/pakistan-micro-tourism-economy-bhurban,Pakistan's Micro-Tourism Economy — How the Private Estate Invests in the Bhurban Community,The economic impact of tourism is measured at the national level in terms of GDP contribution and at the property level in terms of revenue. The middle level — the specific economic impact of a single property on its immediate community — is rarely examined but often the most significant for the households and businesses that the property directly engages.,Pakistan Micro-Tourism Economy — How the Private Estate Invests in the Bhurban Community,"micro tourism economy pakistan, bhurban community investment, local economic impact bhurban, private estate local economy, himalaya villas community"
https://himalayavillas.com/pakistan-military-veterans-mountain-retreat,Pakistan Military Veterans — The Transition and the Mountain,"Pakistan's military veteran community — retired officers transitioning to civilian careers, veterans managing the physical and psychological legacy of operational service, and the families supporting the transition — faces a specific challenge: the loss of the structured, purposeful, fraternal environment of military service. The military veteran's mountain retreat at Bhurban is not a wellness programme in the clinical sense. It is the specific environment — cedar forest, private estate, outdoor fire, physical activity — that reconnects the veteran with the experiential register of service without the institutional demands.",Pakistan Military Veterans — The Transition and the Mountain,"military veterans pakistan, veteran retreat bhurban, defence community mountain, armed forces transition, veterans wellbeing pakistan"
https://himalayavillas.com/pakistan-most-accessible-mountain-stay,Why Pakistan's Most Accessible Mountain Stay Is Also Its Best,"The travel writing about Pakistan's mountains tends toward the heroic: the 14-hour jeep track to the Karakoram base camp, the glacial crossing at 4,000 metres, the first foreign tourist in a particular valley. This is real and worth writing about — Pakistan's extreme mountain terrain is genuinely extraordinary and genuinely remote. But it creates a distorted impression. The distortion is this: that Pakistan's mountain experiences require expedition-level commitment and tolerance of difficult conditions. This is not true.",Why Pakistan's Most Accessible Mountain Stay Is Also Its Best,"pakistan mountain stay accessible, bhurban best mountain stay, premium mountain pakistan, accessible mountain retreat islamabad, bhurban luxury stay"
https://himalayavillas.com/pakistan-mountain-adventure-sports-trail-running,Pakistan's Mountain Adventure Sports — Trail Running and Hiking Near Islamabad,"Pakistan's adventure sports community is geographically concentrated at the extremes: the Karakoram for mountaineering and high-altitude trekking, Nanga Parbat and the Himalayan routes for technical climbing, Shandur for polo. The accessible adventure tier — the trail running, short-distance hiking, and forest walking available within 2 hours of Islamabad — is less organised as a community and less visible in the sport's media. The Murree hills and Galyat region offer a specific accessible adventure proposition.",Pakistan's Mountain Adventure Sports — Trail Running and Hiking Near Islamabad,"trail running murree, hiking near islamabad, bhurban trail running, pipeline track ayubia, miranjani summit trail"
https://himalayavillas.com/pakistan-mountain-at-its-best-bhurban,Pakistan's Mountain at Its Best — A Note on What Stays With You,"There is a thing that happens when you are standing in the Bhurban cedar forest at 6am, in October, in the cold, before the rest of the group has woken up. The path is soft under your feet — the cedar needle duff, accumulated for decades, dark and fragrant. The light is arriving from the northeast: the first horizontal light of the day, filtered through cedar needles into dappled patterns on the forest floor. The Koklass Pheasant is calling from somewhere in the understory — you will not see it; you have never seen it; but you have heard it every morning at this hour, which is the relationship the forest offers.",Pakistan's Mountain at Its Best — A Note on What Stays With You,"bhurban essay, cedar forest reflection, pakistan mountain essay, bhurban philosophy, mountain and self"
https://himalayavillas.com/pakistan-mountain-economy-galvat-bhurban-success,Pakistan's Mountain Economy — What Bhurban's Success Means for the Galyat,Himalaya Villas & Resorts represents a specific kind of economic success in the Bhurban cedar forest: the premium private villa estate that demonstrates the Galyat mountain economy's capacity to support international-standard hospitality at a price point that serves Pakistan's domestic HNW market. The economic implications of this demonstration extend beyond the estate itself. The Galyat chain — 60km of sub-Himalayan forest ridge from Bhurban to Nathia Gali and beyond — currently has one private villa estate. The demand that Himalaya Villas consistently exceeds (peak season bookings months in advance) demonstrates that the market exists for more.,Pakistan's Mountain Economy — What Bhurban's Success Means for the Galyat,"mountain economy pakistan, galyat development, bhurban success story, premium tourism pakistan, mountain estate investment"
https://himalayavillas.com/pakistan-mountain-food-scene-bhurban,Pakistan's Mountain Food Scene — From Mall Road Bhutta to Private Villa Dining,"Food and mountain travel have a specific relationship in Pakistan. The same hill station that draws visitors for its views and temperature also delivers a particular culinary register: the specific sweetness of kashmiri chai at altitude, the specific smell of bhutta roasting on a coal cart at Kashmir Point, the specific satisfaction of a desi breakfast after a cold mountain morning.",Pakistan's Mountain Food Scene in Bhurban—Book Now,"Explore Pakistan's mountain food scene in Bhurban—local flavors, cozy cafes, and home-style dining—then book a private luxury villa nearby. Reserve today."
https://himalayavillas.com/pakistan-mountain-future-bhurban,Pakistan's Mountain Future — What the Next Decade Holds for Bhurban and the Galyat,"The best way to understand where Pakistan's mountain tourism sector will be in 2035 is to understand what has changed in the decade leading to 2026. The Murree Expressway was completed in the early 2000s; the HNW domestic consumer market has grown significantly; the diaspora has reengaged with Pakistan travel; social media has made the mountain landscape visible to audiences that guidebooks never reached; and the private villa estate model, demonstrated at Himalaya Villas, has proven that a different accommodation model is commercially viable.",Pakistan's Mountain Future — What the Next Decade Holds for Bhurban and the Galyat,"pakistan mountain tourism future, bhurban 2035, galyat development, mountain tourism trends pakistan, bhurban future analysis"
https://himalayavillas.com/pakistan-mountain-property-market-bhurban,Pakistan's Mountain Property Market — What Bhurban Tells Us About the Future,"Pakistan's real estate market conversation has been dominated for years by housing schemes, DHA extensions, and the apartment markets of Karachi and Islamabad. The mountain property market — specifically the premium hospitality property segment in the Murree hills — has received significantly less analytical attention despite representing a high-growth, high-margin opportunity with demonstrable demand.",Pakistan's Mountain Property Market — What Bhurban Tells Us About the Future,"mountain property market pakistan, bhurban real estate investment, galyat property investment, premium hospitality property pakistan, bhurban land investment"
https://himalayavillas.com/pakistan-mountain-running-community-galyat-base,Pakistan's Mountain Running Community — The Galyat Ultra Base,"Pakistan's mountain running community — the trail runners, the ultra marathon participants, the mountain athletes who have made the sub-Himalayan terrain their training environment — has access to some of South Asia's finest accessible training terrain in the Galyat chain. The Galyat offers 60km of mountain ridge with trails ranging from the maintained Pipeline Track at Ayubia (8km, 500 feet elevation change) to the Miranjani summit approach (6km, 1,400 feet) and the broader Galyat circuit that serious trail runners piece together across multiple days.",Pakistan's Mountain Running Community — The Galyat Ultra Base,"mountain running pakistan, trail running Galyat, ultra marathon training, Galyat training camp, altitude running Pakistan"
https://himalayavillas.com/pakistan-mountain-tourism-bhurban-case,Why Pakistan's Mountain Tourism Has Only Just Begun — The Bhurban Case Study,"The international narrative about Pakistan's tourism sector has focused, understandably, on the country's discovery arc: the emergence of Hunza and Gilgit-Baltistan as a genuinely world-class mountain tourism destination, the viral photographs of the Karakoram Highway that have reached international audiences through social media, and the growing community of international travellers who have added Pakistan to itineraries that previously stopped at Nepal or India.",Why Pakistan's Mountain Tourism Has Only Just Begun — The Bhurban Case Study,"pakistan mountain tourism analysis, bhurban tourism case study, premium mountain tourism pakistan, murree hills tourism growth, Pakistan tourism market analysis"
https://himalayavillas.com/pakistan-mountain-tourism-entrepreneurs-opportunity,Pakistan's Mountain Tourism Entrepreneurs — The Opportunity the Market Has Not Yet Taken,"Pakistan's mountain tourism entrepreneurship community — the boutique tour operators, the adventure travel companies, the villa developers in Nathia Gali and the Galyat, the domestic travel content creators who have built audiences around Pakistan's mountain landscape — is operating in a market where a specific gap remains unfilled: the mid-scale private experience. The gap: below Himalaya Villas' private villa estate (PKR 39,000-70,000/villa/night, the premium end) and above the standard guesthouse (PKR 5,000-15,000/night, the functional budget end) lies a middle tier — the boutique mountain stay at PKR 15,000-35,000/night for a private property — that the Bhurban-Galyat market does not currently have in any organised form.",Pakistan's Mountain Tourism Entrepreneurs — The Opportunity the Market Has Not Yet Taken,"mountain tourism entrepreneurs pakistan, bhurban market analysis, galyat tourism business, boutique hotel opportunity, tourism entrepreneurship pakistan"
https://himalayavillas.com/pakistan-mountain-tourism-statistics-murree,Pakistan's Mountain Tourism Statistics — What the Murree Hills Data Says,"Pakistan's tourism data has a measurement problem: it captures what can be easily counted (hotel registrations, PTDC entries, chairlift tickets) and misses what is harder to track (private bookings, villa rentals, informal accommodation). The Murree hills — Pakistan's most visited domestic mountain destination — illustrate this measurement gap clearly.",Pakistan's Mountain Tourism Statistics — What the Murree Hills Data Says,"murree tourism statistics, bhurban tourism data, pakistan mountain tourism, murree visitor numbers, domestic tourism pakistan"
https://himalayavillas.com/pakistan-musicians-performing-artists-mountain-retreat,Pakistan's Musicians and Performing Artists — The Mountain Creative Home,"Pakistan's music and performing arts community — the classical musicians, the contemporary artists, the theatre practitioners, the dancers, and the independent music producers who constitute the country's creative performance sector — has specific creative needs that the city environment does not serve. The music rehearsal, the composition session, the choreography development, and the artistic development conversation all benefit from the specific conditions that the private mountain estate provides: acoustic privacy (the cedar garden fire and the mountain air as the sound environment), visual environment change that refreshes the artistic reference, and the protected creative time that the city's performance calendar perpetually interrupts.",Pakistan's Musicians and Performing Artists — The Mountain Creative Home,"musicians pakistan, performing arts retreat, music composition bhurban, rehearsal space mountain, artist residency pakistan"
https://himalayavillas.com/pakistan-newlyweds-honeymoon-bhurban,Pakistan's Newlyweds — The Mountain Honeymoon That Doesn't Require a Passport,"Pakistan's newlywed community has a consistent honeymoon preference hierarchy: international destinations (Dubai, Turkey, Maldives, Malaysia) at the top, followed by domestic mountain options. The international honeymoon is aspirational but not always accessible — visa timelines, international flight costs, and the immediate post-wedding budget reality all constrain the international option. The specific case for the Bhurban honeymoon: 47km from Islamabad International Airport, 45 minutes by car, the Presidential Suite at Himalaya Villas (private outdoor jacuzzi terrace, 270-degree mountain view, PKR 65,000-70,000/night), and the complete private estate experience.",Pakistan's Newlyweds — The Mountain Honeymoon That Doesn't Require a Passport,"honeymoon pakistan, mountain honeymoon bhurban, presidential suite honeymoon, newlywed retreat, domestic honeymoon pakistan"
https://himalayavillas.com/pakistan-ngo-development-practitioner-retreat,Pakistan NGO Sector — The Development Practitioner's Mountain Reset,"Pakistan's development sector — the international NGOs, the local civil society organisations, the think tanks, the development consultancies, and the UN/multilateral agency staff headquartered in Islamabad — has a specific occupational profile that combines high-mission work with chronic underfunding and complex political contexts. The development practitioner's burnout pattern is distinct: the combination of exposure to difficult field realities (displacement, poverty, gender violence, climate impacts), persistent funding uncertainty, and the Islamabad head office's distance from the communities being served creates a specific type of occupational depletion that standard R&R does not adequately address.",Pakistan NGO Sector — The Development Practitioner's Mountain Reset,"ngo sector pakistan, development practitioner retreat, humanitarian worker bhurban, aid worker wellbeing, development sector burnout"
https://himalayavillas.com/pakistan-ngo-sector-burnout-retreat,Pakistan's NGO Sector — The Burnout Crisis and the Mountain That Helps,"Pakistan's development sector employs hundreds of thousands of people — the field staff, programme officers, monitoring specialists, communications teams, and leadership that manage the country's NGO infrastructure across every province. The sector has a documented wellbeing crisis: high turnover, burnout rates significantly above the commercial sector average, and a cultural reluctance to treat staff wellbeing as a programme priority rather than a luxury.",Pakistan NGO Sector — The Burnout Crisis and the Mountain That Helps,"ngo burnout pakistan, development sector retreat bhurban, ngo staff wellbeing, humanitarian worker retreat islamabad, ngo leadership offsite"
https://himalayavillas.com/pakistan-older-millennials-mountain-reset,Pakistan's Older Millennials — The Mountain Reset for the 35-45 Generation,"Pakistan's older millennial generation — those born between 1980 and 1990, now 35-45 years old — constitutes the country's most economically productive demographic. They are the professionals who have spent 15-20 years building careers in Pakistan's corporate, tech, and entrepreneurial sectors; they are the parents of children 5-15 years old; they are the decision-makers who now control a significant share of Pakistan's domestic luxury spending.",Pakistan's Older Millennials — The Mountain Reset for the 35-45 Generation,"older millennials pakistan, 35-45 generation travel, family mountain retreat, professional reset bhurban, millennial luxury travel"
https://himalayavillas.com/pakistan-outdoor-adventure-community-base-camp,Pakistan's Outdoor Adventure Community — Bhurban as the Trail Base Camp,"Pakistan's outdoor adventure community — the trail runners, the long-distance hikers, the mountain cyclists, the multi-day trekkers who use the Galyat as their accessible training terrain, and the adventure race participants who train in the sub-Himalayan forest — has historically treated Bhurban's accommodation options as logistical rather than experiential. The Himalaya Villas cedar estate changes this calculation.",Pakistan's Outdoor Adventure Community — Bhurban as the Trail Base Camp,"outdoor adventure pakistan, trail running base camp, Galyat training camp, adventure community retreat, mountain cycling base"
https://himalayavillas.com/pakistan-overseas-workers-ramadan-return,Pakistani Overseas Workers — The Ramadan Return and the Mountain,"Pakistan's overseas worker community — the 9+ million Pakistanis working abroad, the majority in the Gulf but with significant communities across Europe, North America, and East Asia — has a specific return visit pattern shaped by work permit structures: the annual leave, the Ramadan visit, the Eid window. The Ramadan return for the Pakistani overseas worker has a specific character. The worker who has been in Riyadh, Dubai, or Doha for 10-11 months returns to Pakistan with a limited window — typically 15-30 days — and a list of family obligations that fills every hour. The mountain break, 45 minutes from Islamabad, is the one day of that visit that can belong specifically to the returning worker rather than to the family's expectations.",Pakistan's Overseas Workers — The Ramadan Return and the Mountain,"overseas workers pakistan, ramadan return bhurban, mountain stay labour diaspora, gulf workers pakistan, overseas pakistani retreat"
https://himalayavillas.com/pakistan-pharmaceutical-sector-mountain-retreat,Pakistan's Pharmaceutical Sector — The Healthcare Business Mountain Retreat,"Pakistan's pharmaceutical industry — the domestic pharmaceutical manufacturers, the multinational pharma representatives, the hospital distribution networks, and the medical device companies — operates at the intersection of commerce and healthcare in one of the world's most complex operating environments. The pharmaceutical company leadership retreat at Himalaya Villas serves a dual function: the strategic planning session that needs the mountain's protected environment, and the team wellbeing investment that the pharmaceutical sector — which tells patients to prioritise health — has an obligation to model within its own organisations.",Pakistan's Pharmaceutical Sector — The Healthcare Business Mountain Retreat,"pharmaceutical industry pakistan, pharma company retreat, healthcare business bhurban, medical marketing team offsite, pharma leadership bhurban"
https://himalayavillas.com/pakistan-pharmaceutical-sector-retreat,Pakistan Pharmaceutical Sector — The Medical Sales Team and the Mountain Reset,"Pakistan's pharmaceutical industry — the domestic manufacturers, the multinational affiliates, the medical device distributors, and the pharmaceutical sales force that constitutes one of Pakistan's largest B2B sales communities — has a specific occupational profile that creates predictable burnout patterns. The pharmaceutical medical representative (MedRep) spends their professional life in territory management: hospital calls, clinic visits, pharmacy detailing, and the relentless target pressure of a quota-driven sales structure.",Pakistan Pharmaceutical Sector — The Medical Sales Team and the Mountain Reset,"pharmaceutical industry pakistan, medrep retreat bhurban, pharma team offsite, medical sales team bhurban, pharma leadership retreat"
https://himalayavillas.com/pakistan-philanthropy-csr-mountain-retreat,Pakistan Philanthropy and CSR — The Mountain Retreat as a Strategic Investment,"Pakistan's philanthropy sector — the private foundations, corporate CSR programmes, and development-focused NGOs that collectively deploy billions of rupees annually toward social impact — has a capacity development challenge that is rarely discussed publicly. The sector's leadership is often burned out, under-resourced for strategic thinking time, and insufficiently invested in peer learning and collaborative leadership development.",Pakistan Philanthropy and CSR — The Mountain Retreat as a Strategic Investment,"csr retreat pakistan, philanthropy leadership retreat, ngo mountain retreat bhurban, development sector retreat islamabad, corporate social responsibility mountain"
https://himalayavillas.com/pakistan-pioneer-generation-mountain,Pakistan's Pioneer Generation — The Mountain for the Founders Who Built the Country,"Pakistan's pioneer business generation — the industrialists, the textile manufacturers, the trading families, and the first-generation entrepreneurs who built Pakistan's private economy in the decades following independence — is now in its elder phase. The patriarch who built the Faisalabad textile mill, the Karachi trading house, or the Lahore industrial estate is now 65-85 years old. This generation's relationship with the Pakistani mountain is often one of nostalgia and distance. The Murree hill station of their childhood — the Cecil Hotel on the Mall Road, the family summer retreat, the kashmiri chai at the viewpoint — was the mountain of their formation. That mountain is now architecturally changed, commercially transformed, and often crowded in ways that the memory does not accommodate.",Pakistan's Pioneer Generation — The Mountain for the Founders Who Built the Country,"pioneer generation pakistan, business founders retreat, elder patriarch mountain, extended family gathering bhurban, industrialist family bhurban"
https://himalayavillas.com/pakistan-policy-think-tanks-mountain-laboratory,Pakistan's Policy Think Tanks — The Mountain Policy Laboratory,"Pakistan's policy research community — the think tanks (IPRI, PIPS, Tabadlab, Centre for Economic Research in Pakistan, SDPI), the university policy centres, and the independent policy analysts who constitute the country's applied research ecosystem — faces the specific challenge that all applied research communities face: the production pressure crowds out the deep thinking that makes the research useful.",Pakistan's Policy Think Tanks — The Mountain Policy Laboratory,"policy think tanks pakistan, policy research retreat, think tank offsite, policy analyst retreat, research community bhurban"
https://himalayavillas.com/pakistan-pr-communications-creative-retreat,Pakistan PR and Communications Sector — The Mountain Creative Reset,"Pakistan's PR and communications industry — the advertising agencies, PR firms, brand strategy consultancies, and media buying houses — has a specific creative challenge: the sustained production of original ideas under deadline pressure, day after day. Creative burnout produces variations on what worked before rather than genuinely original thinking. The cedar estate at Bhurban is the specific environmental intervention that breaks the creative loop. 48 hours in a categorically different sensory environment — cedar forest, mountain air, fire pit, no brief — resets the environmental stimulus pattern and creates conditions for genuine creative renewal.",Pakistan PR and Communications Sector — The Mountain Creative Reset,"pr retreat pakistan, creative agency offsite, communications team bhurban, advertising creative reset, brand strategy retreat"
https://himalayavillas.com/pakistan-private-equity-portfolio-company-sprint,Pakistan's PE Portfolio Companies — The 100-Day Sprint Mountain Session,Pakistan's private equity portfolio company community — the businesses that have received PE or growth equity investment and are now executing the value creation plan — has a specific leadership challenge: the 100-day sprint that PE investment creates. The PE-backed company's first 100 days are the highest-velocity strategic execution period in the company's history.,Pakistan's PE Portfolio Companies — The 100-Day Sprint Mountain Session,"private equity portfolio companies, PE value creation retreat, 100-day sprint, portfolio company offsite, PE-backed company retreat"
https://himalayavillas.com/pakistan-private-schools-mountain-retreat,Pakistan's Private Schools Sector — The Education Leadership Mountain Retreat,"Pakistan's private school sector — the elite Islamabad and Lahore school networks, the O-level and A-level preparing institutions, the Cambridge-affiliated schools, and the growing mid-market private school chains — constitutes a significant education market and employer of Pakistan's educated professional class. The school principal, the curriculum director, the head of section, and the founding trustee of a private school group all share a specific professional challenge: the 11-month school calendar creates an administrative density that crowds out the strategic and pedagogical thinking that the school's quality improvement depends on.",Pakistan's Private Schools Sector — The Education Leadership Mountain Retreat,"private schools pakistan, school leadership retreat, education administration bhurban, curriculum development offsite, school board bhurban"
https://himalayavillas.com/pakistan-private-security-mountain-retreat,Pakistan's Private Security Sector — The Mountain Break for a High-Vigilance Profession,"Pakistan's private security sector — the security companies, the corporate security managers, the risk consultants, and the executive protection teams that serve Pakistan's corporate and diplomatic community — operates in a state of sustained vigilance that has few parallels in other professional sectors. The security professional's specific occupational depletion: the 24-hour attention demand, the hypervigilance required to assess every environment for threat, and the suppression of relaxation responses that sustained threat awareness requires.",Pakistan's Private Security Sector — The Mountain Break for a High-Vigilance Profession,"private security pakistan, corporate security retreat, security professional wellbeing, risk consultant bhurban, executive protection mountain"
https://himalayavillas.com/pakistan-real-estate-bhurban-investment,Pakistan Real Estate Investors — The Mountain Property Opportunity in Bhurban and the Galyat,"Pakistan's real estate investment community has shown sophisticated awareness of urban development opportunities — DHA extensions, housing schemes, mixed-use commercial development in Islamabad, Lahore, and Karachi. The mountain hospitality real estate sector has received significantly less structured attention, despite offering characteristics that compare favourably to the urban residential sector on several measures.",Pakistan Real Estate Investors — The Mountain Property Market Opportunity,"real estate investment bhurban, mountain property investment pakistan, bhurban property market, galyat real estate, hospitality investment bhurban"
https://himalayavillas.com/pakistan-real-estate-sector-mountain-retreat,Pakistan's Real Estate Sector — The Mountain Site Visit That Isn't a Site Visit,"Pakistan's real estate sector — the residential developers, the commercial property developers, the real estate investment companies, and the property consultancies — is one of Pakistan's largest and most dynamic industries. The sector's leadership has a specific understanding of the value of exceptional property: the texture of the materials, the quality of the space, the experience of arriving and inhabiting a premium property. The real estate developer who stays at Himalaya Villas & Resorts is not taking a holiday — they are conducting an involuntary product audit.",Pakistan's Real Estate Sector — The Mountain Site Visit That Isn't a Site Visit,"real estate sector pakistan, property developer retreat, commercial real estate offsite, real estate investment bhurban, developer team bhurban"
https://himalayavillas.com/pakistan-research-scientists-mountain-retreat,Pakistan's Research Scientists — The Data and the Mountain Distance,"Pakistan's research scientist community — the researchers at PCSIR, PAEC, NUST's research institutes, the pharmaceutical research laboratories, and the agricultural research stations — conducts the scientific work that the country's industrial and technological development depends on. The research scientist's specific creative challenge is the interpretation problem: the data is collected, the analysis is run, the results are on the screen, and the interpretation — the meaning of the finding, the implication for the next experiment, the connection to the broader scientific question — requires the specific quality of thinking that the laboratory context prevents.",Pakistan's Research Scientists — The Data and the Mountain Distance,"research scientists pakistan, PCSIR retreat, PAEC offsite, NIST researchers bhurban, scientific research retreat, laboratory team bhurban"
https://himalayavillas.com/pakistan-road-trip-bhurban-overnight,Pakistan's Road Trip Culture — Why Bhurban Is the Perfect Overnight Stop,"Pakistan has some of the most dramatic road trip routes in the world. The Karakoram Highway from Islamabad to Gilgit-Baltistan. The Kaghan Valley road from Mansehra to Babusar. The Swat Valley route from Peshawar to Kalam. These are journeys that earn the journey — long, demanding, spectacular, and rewarding in proportion to the effort required. At the beginning of all of them — or at their end — is Bhurban.",Pakistan's Road Trip Culture — Why Bhurban Is the Perfect Overnight Stop,"pakistan road trip bhurban, overnight stop bhurban, bhurban road trip, karakoram highway overnight stop, bhurban to naran road trip"
https://himalayavillas.com/pakistan-school-leadership-retreat,Pakistan Education Sector — The School Leadership Mountain Retreat,"Pakistan's school leadership community — the principals, head teachers, and education administrators who manage the country's extraordinary diversity of educational institutions, from the elite private schools of Islamabad and Lahore to the government school principals managing overcrowded classrooms with limited resources — has a specific professional challenge. School leadership is high-accountability, high-visibility, and chronically under-supported. The principal manages teachers, parents, students, the board, the regulatory environment, and the community simultaneously.",Pakistan Education Sector — The School Leadership Mountain Retreat,"school leadership retreat pakistan, principal retreat bhurban, education leadership offsite, school head retreat islamabad, teacher leadership development"
https://himalayavillas.com/pakistan-senior-travellers-bhurban,Pakistan's Senior Travellers — The Mountain at a Measured Pace,"Pakistan's senior travel market — the retired professional, the grandparent accompanying the family on the Bhurban trip, the elderly couple celebrating a significant anniversary in the mountains — has specific accommodation and accessibility requirements that the adventure travel narrative ignores. The cedar estate at Himalaya Villas is, by its structure, well-suited to senior travellers.",Pakistan's Senior Travellers — The Mountain at a Measured Pace,"senior travellers pakistan, elderly friendly bhurban, grandparent mountain stay, accessible villa murree, retired professionals bhurban"
https://himalayavillas.com/pakistan-social-enterprise-mountain-retreat,Pakistan Social Enterprise — Why the Mountain Office Works Better Than You Think,Pakistan's social enterprise sector — the hybrid organisations operating at the intersection of commercial viability and social impact — has a specific talent and leadership challenge. The people who lead these organisations are unusually motivated by mission but also unusually susceptible to the burnout that sustained high-stakes work in underfunded environments produces. The mountain retreat is a specific and underpriced intervention.,Pakistan Social Enterprise — Why the Mountain Office Works Better Than You Think,"social enterprise retreat pakistan, social impact mountain retreat, csr retreat bhurban, social enterprise leadership bhurban, impact sector retreat pakistan"
https://himalayavillas.com/pakistan-social-entrepreneurs-impact-retreat,Pakistan's Social Entrepreneurs — The Impact Organisation Mountain Offsite,"Pakistan's social entrepreneurship ecosystem — the social enterprises, the impact organisations, the B Corps operating in Pakistan, and the hybrid ventures that combine commercial models with social mission — has a specific leadership challenge: the alignment problem. The alignment problem in social enterprise is the tension between the commercial sustainability imperative and the social mission that motivated the founding. This tension requires regular, protected, deliberate resolution — not in the weekly team meeting where operational demands dominate, but in the specifically protected environment that a mountain offsite provides.",Pakistan's Social Entrepreneurs — The Impact Organisation Mountain Offsite,"social entrepreneurs pakistan, impact organisation retreat, social enterprise offsite, mission renewal bhurban, b corps pakistan"
https://himalayavillas.com/pakistan-sports-athletes-altitude-training-bhurban,Pakistan's Sports Community — Mountain Training Camps and Recovery at Bhurban,"Pakistan's sports community — the national athletes, the provincial sports academy coaches, the squash and hockey professionals, the emerging athletics and cycling community — has access to world-class talent but limited access to altitude training facilities. The mountain at Bhurban (6,800 feet) offers the altitude stimulus that flat-land training cannot replicate. Altitude training at 6,800 feet is not the extreme altitude that elite cycling and distance running programmes use (typically 2,400-3,600 metres), but it is sufficient to provide meaningful physiological stimulus.",Pakistan's Sports Community — Mountain Training Camps and Recovery at Bhurban,"altitude training pakistan, sports training camp bhurban, athlete recovery bhurban, mountain training pakistan, squash training murree"
https://himalayavillas.com/pakistan-startup-ecosystem-retreat,Pakistan's Startup Ecosystem — Why the Mountain Retreat Is Now a Team Expectation,"Three years ago, suggesting that a Pakistani startup should invest in a 2-night mountain retreat for its team would have been met with scepticism in most founder conversations. The startup economy's hustle culture, bootstrap mentality, and cost consciousness made the idea of a team retreat feel like something for multinationals, not early-stage founders. Something has shifted. The Pakistani startup ecosystem's maturation — the Series A rounds, the international investment, the talent competition with better-funded competitors — has pushed team investment to the top of the strategic agenda in ways it was not before.",Pakistan Startup Ecosystem — Why the Mountain Retreat Is Now an Expectation,"startup retreat pakistan, tech team offsite bhurban, startup culture bhurban, founder retreat islamabad, pakistan startup team building"
https://himalayavillas.com/pakistan-startup-founders-strategy-retreat,Pakistan's Startup Founders — The Cedar Estate Strategy Session,"Pakistan's startup ecosystem — the Islamabad and Lahore tech startups, the Karachi fintech companies, the agri-tech ventures, and the growing community of Pakistani founders who have secured international venture capital or accelerator backing — has a specific leadership challenge: the founder who is simultaneously the CEO, the product manager, the top salesperson, and often the lead engineer rarely has protected strategic thinking time. The specific resource deficit: the 48 hours of uninterrupted strategy that the startup's next phase requires.",Pakistan's Startup Founders — The Cedar Estate Strategy Session,"startup founders pakistan, tech entrepreneur retreat, strategy offsite bhurban, founder retreat islamabad, startup leadership"
https://himalayavillas.com/pakistan-tech-startups-offsite-bhurban,Pakistan's Tech Startups and the Offsite Question — Why Bhurban Works,"Pakistan's startup ecosystem has a productivity problem that has nothing to do with capital, talent, or market. It is the absence of a reset mechanism — the structured departure from the office environment that allows a team to think differently about the problems it has been staring at for too long.",Pakistan's Tech Startups and the Offsite Question — Why Bhurban Works,"tech startup offsite bhurban, startup retreat islamabad, tech team bhurban, pakistan startup offsite, startup mountain retreat"
https://himalayavillas.com/pakistan-technology-infrastructure-platform-teams,Pakistan's Technology Infrastructure — The Platform Teams That Keep Pakistan Online,"Pakistan's technology infrastructure community — the PTCL network operations teams, the cloud infrastructure engineers, the cybersecurity professionals, the data centre operators, and the platform reliability engineers who maintain the digital infrastructure of Pakistan's economy — has an occupational profile of sustained vigilance that has few parallels outside the healthcare and security sectors. The platform reliability engineer who has been on call for a critical system for 3 months carries a specific form of occupational depletion: the hypervigilance of the on-call rotation, the interrupted sleep, the accumulated cognitive load of maintaining uptime for systems that millions of Pakistanis depend on. This depletion is not adequately addressed by the standard weekend rest.",Pakistan's Technology Infrastructure — The Platform Teams That Keep Pakistan Online,"technology infrastructure pakistan, PTCL network operations, cloud engineers retreat, cybersecurity offsite, platform reliability bhurban"
https://himalayavillas.com/pakistan-telecom-industry-retreat,Pakistan Telecom Industry — The Network That Actually Matters,"Pakistan's telecom industry has spent the past decade obsessively building connectivity: the LTE rollout, the 5G trials, the fibre backbone, the satellite internet pilots, the universal service obligation that pushes broadband to the most remote geography. This is genuinely important work. A connected Pakistan is a more productive, more informed, more equitable Pakistan.",Pakistan Telecom Industry — The Network That Matters: Human Connection in the Mountains,"telecom industry retreat pakistan, leadership offsite bhurban, telecom strategic retreat, technology leadership bhurban, connectivity and disconnection retreat"
https://himalayavillas.com/pakistan-telecom-sector-mountain-retreat,"Pakistan's Telecom Sector — Network Engineers, Sales Teams, and the Mountain Reset","Pakistan's telecom sector — Jazz, Telenor, Zong, Ufone, and the growing fibre providers — employs tens of thousands across network operations, commercial functions, retail, and customer service. The irony specific to the telecom sector: the industry that keeps Pakistan connected has teams that are perpetually on-call and perpetually responsive to the network's demands.",Pakistan's Telecom Sector — The Network That Runs on Mountain Breaks,"telecom sector pakistan, network team retreat, jazz offsite, telenor bhurban, telecom leadership retreat"
https://himalayavillas.com/pakistan-telehealth-digital-health-retreat,Pakistan Telehealth — The Digital Health Community and the Mountain Retreat,"Pakistan's telehealth and digital health sector — the startups building patient management platforms, the telemedicine providers extending healthcare to rural populations, the health data analytics companies, and the established hospital systems investing in digital infrastructure — has experienced rapid growth driven by the COVID-19 period's demand for remote healthcare delivery. The digital health team operates at the specific intersection of healthcare's mission weight and technology's execution pressure — two demanding professional contexts combined.",Pakistan Telehealth — The Digital Health Community and the Mountain Retreat,"telehealth pakistan, digital health retreat, health tech bhurban, medical technology offsite, digital health team bhurban"
https://himalayavillas.com/pakistan-textile-exporters-bhurban,Pakistan's Textile Exporters — The Lahore-to-Bhurban Trade Mission Break,"Pakistan's textile and garment export sector — the backbone of the country's foreign exchange earnings, anchored in Lahore's Faisalabad-to-Lahore industrial corridor — has a specific rhythm to its working year: the international trade fairs (Munich, Paris, Istanbul), the buyer visits, the fabric and sampling seasons, and the sustained production pressure that fills the gaps between them. The mountain retreat for Pakistan's textile sector leadership is not a luxury. It is the specific intervention that provides the thinking space that the production floor, the buyer meeting room, and the trade fair booth structurally cannot.",Pakistan's Textile Exporters — The Lahore-to-Bhurban Trade Mission Break,"textile exporters pakistan, lahore to bhurban trade mission, aptma retreat, garment industry bhurban, textile leadership retreat"
https://himalayavillas.com/pakistan-tourism-ambassador-bhurban,Pakistan Tourism Ambassador — Why Our Mountain Story Needs Telling,Every Pakistani who has been to the Bhurban cedar estate at Himalaya Villas and not told 10 people about it is failing the country's tourism potential. This is not hyperbole. Pakistan has a tourism marketing deficit that is bridged primarily by word-of-mouth and social media from the Pakistani community itself — not by international travel marketing budgets or glossy destination campaigns.,Pakistan Tourism Ambassador — The Case for Telling Our Mountain Story,"pakistan tourism ambassador, bhurban mountain story, domestic tourism promotion pakistan, tell pakistan story, pakistan mountain advocacy"
https://himalayavillas.com/pakistan-tourism-industry-mistakes,Pakistan Tourism — Ten Things the Industry Gets Wrong About Mountain Visitors,"Pakistan's tourism industry has improved significantly in the past decade — the northern Pakistan tourism discovery, the improved road infrastructure, the growing recognition that the country's landscapes are world-class. But several persistent misunderstandings about what mountain visitors actually want continue to shape investment and development decisions in ways that suboptimise the sector. This is an honest assessment.",Pakistan Tourism — Ten Things the Industry Gets Wrong About Mountain Visitors,"pakistan tourism analysis, mountain visitor insights, tourism industry mistakes, bhurban case study, hospitality misconceptions pakistan"
https://himalayavillas.com/pakistan-tourism-overnight-economy,The Visitor Economy Pakistan Needs — Overnight Stays Over Day Trips,"Pakistan's domestic mountain tourism has a revenue density problem. The Murree hills receive an estimated 3-4 million visitors annually — one of the highest domestic visitor volumes of any mountain destination in the country. The revenue generated per visitor, however, is among the lowest of any comparable destination globally. The reason is structural: the day-tripper economy dominates.",The Visitor Economy Pakistan Needs — Overnight Stays Over Day Trips,"pakistan tourism economy, overnight tourism bhurban, day trip vs overnight stay, murree tourism economics, visitor economy pakistan"
https://himalayavillas.com/pakistan-trade-delegation-bhurban,Pakistan's Trade Community — The Mountain Estate as a Relationship-Building Venue,"Pakistan's import-export community — the traders, manufacturers, exporters, and trade association leaders who manage Pakistan's commercial relationships with the world — has a specific challenge in relationship building: the formal context of trade fairs, chamber events, and business meetings is efficient at transactional relationship management but poor at building the kind of trust-based relationships that drive long-term commercial commitment.",Pakistan's Import-Export Community — The Trade Delegation Mountain Retreat,"trade delegation pakistan, import export community bhurban, chamber of commerce retreat, trade association offsite, business relationship building bhurban"
https://himalayavillas.com/pakistan-travel-photography-bhurban,Pakistan Travel Photography — Why the Murree Hills Deserve Your Camera,"Pakistan's travel photography landscape has a northern bias that is understandable but limiting. The Karakoram, the Hunza Valley, the Khunjerab Pass — these are visually extraordinary environments that photograph dramatically and have earned their place in the international conversation about Pakistan as a photography destination. The Murree hills and Bhurban, 47 kilometres from Islamabad, have not entered that conversation to the same degree. They should.",Pakistan Travel Photography — Why the Murree Hills Deserve Your Camera,"pakistan travel photography bhurban, murree hills photography, bhurban photography guide, pakistan forest photography, travel photo bhurban"
https://himalayavillas.com/pakistan-tv-film-production-bhurban,Pakistan Television and Film — The Mountain Estate as a Production Location,"Pakistan's drama and film industry has developed a sophisticated location vocabulary over the past decade. Hum TV's prestige drama productions, ARY's prime-time serials, the growing independent film community, and the expanding commercial production sector have collectively pushed the visual standard of Pakistani storytelling significantly beyond the studio-interior-dominant productions of the previous generation. Mountain locations have become a specific production choice for this elevated standard — but the challenge for Pakistan's production industry has been finding mountain locations that combine visual distinctiveness with production accessibility. Bhurban, 45 minutes from Islamabad, addresses both requirements.",Pakistan Television and Film — The Mountain as a Production Location,"tv film production bhurban, drama shoot location murree, pakistan film location bhurban, hum tv production bhurban, ary production location"
https://himalayavillas.com/pakistan-uhnwi-private-bank-clients-mountain,Pakistan's Private Banking Clients — The Ultra-High-Net-Worth Mountain Stay,"Pakistan's ultra-high-net-worth individual (UHNWI) community — the families and individuals with net assets above PKR 500 million, the industrialists, the business group patriarchs, the senior corporate executives with decades of wealth accumulation, and the successful entrepreneurs who have built Pakistan's private economy — has a specific domestic hospitality expectation that the Pakistani hotel market has historically struggled to meet. The UHNWI's domestic hospitality requirement: complete privacy. Not the privacy of a hotel room within a shared building — the complete exclusivity of a private property where no other guests exist, no shared lobby must be navigated, and the outdoor space belongs entirely to the family for the duration of the stay.",Pakistan's Private Banking Clients — The Ultra-High-Net-Worth Mountain Stay,"uhnwi pakistan, private bank clients bhurban, ultra high net worth mountain, full estate buyout, wealthy families pakistan bhurban"
https://himalayavillas.com/pakistan-uk-diaspora-bhurban-summer,Pakistan's UK Diaspora — The Mountain Summer That's Worth the Flight,"The summer return trip from Britain to Pakistan is one of the great annual migrations of the British-Pakistani community. Families descend on Islamabad, Rawalpindi, Lahore, and the other cities where relatives cluster — the school summer holidays providing the six-week window that most families use. The mountain break — a few days in the cooler hills — has long been part of the standard British-Pakistani summer itinerary.",Pakistan's UK Diaspora — The Mountain Summer That's Worth the Flight,"uk diaspora pakistan travel, british pakistani murree, bhurban for uk families, pakistan summer return trip uk, diaspora mountain retreat"
https://himalayavillas.com/pakistan-universities-academic-retreat,Pakistan's Universities — The Academic Research Retreat at Bhurban,"Pakistan's academic community — faculty at LUMS, NUST, COMSATS, QAU, and the country's growing research university network — faces the same structural challenge as academic communities globally: the teaching and administrative load that systematically crowds out the deep thinking that produces original research. The academic retreat at Himalaya Villas follows a well-established international model: remove the researcher from the teaching and administrative context; provide a protected environment with good food and comfortable accommodation; let the uninterrupted thinking time do its work.",Pakistan's Universities — The Academic Research Retreat at Bhurban,"academic retreat pakistan, university faculty bhurban, research writing retreat, professor mountain stay, academic offsite islamabad"
https://himalayavillas.com/pakistan-university-alumni-mountain-reunion,Pakistan's University Alumni Networks — The Mountain Reunion,"Pakistan's university alumni networks — the LUMS, IBA, NUST, GIKI, FAST, and Aga Khan University alumni associations, the decade reunion groups, the professional development networks built around shared educational experience — has the specific social challenge of every alumni network: the people who were in the same place at the same time are now dispersed across Pakistan, the Gulf, the UK, North America, and beyond. The annual reunion that tries to recreate the university experience in a Lahore hotel ballroom consistently fails to recreate the specific quality of the shared educational environment that made the university relationships memorable.",Pakistan's University Alumni Networks — The Mountain Reunion,"university alumni pakistan, LUMS reunion, IBA alumni bhurban, NUST alumni retreat, college reunion mountain, alumni association bhurban"
https://himalayavillas.com/pakistan-university-alumni-reunion-bhurban,Pakistan University Alumni Reunions — The Mountain Estate Option,"The alumni reunion has a structural problem in Pakistan: the available venue options do not match the emotional aspiration of the gathering. The hotel ballroom is familiar and efficient. The restaurant private room is intimate. Neither captures the specific feeling that an alumni reunion is supposed to produce — the sense of shared history, deliberate distance from current professional identities, and the particular pleasure of reconnecting with people who knew you before you became what you are now.",Pakistan University Alumni Reunions — The Mountain Estate Option,"alumni reunion bhurban, university alumni pakistan mountain, lum alumni reunion, nust alumni bhurban, iba alumni reunion islamabad"
https://himalayavillas.com/pakistan-urban-planning-mountain-retreat,Pakistan Urban Planning — The Mountain Planning Session,"Pakistan's urban planning and architecture community — urban designers, master planners, architects working on public space and housing policy, and development organisations addressing Pakistan's rapid urbanisation challenge — has a specific professional irony: the people who design better cities rarely have access to the rural and natural environment that their city-design decisions affect. The cedar estate at Bhurban is not merely a retreat venue for this community — it is an encounter with the environmental quality that good urban design seeks to bring into cities.",Pakistan Urban Planning — The Mountain Planning Session,"urban planning pakistan, architecture retreat bhurban, city planning offsite, urban design community, nca faculty retreat"
https://himalayavillas.com/pakistan-venture-builders-startup-studio-sprint,Pakistan's Venture Builders — The Startup Studio Mountain Sprint,"Pakistan's venture builder and startup studio community — the organisations that systematically build and launch startups (Invest2Innovate, Plan9, NIC Lahore, Katalyst Labs, and the new wave of sector-specific venture builders) — has a specific organisational challenge: the venture builder's team is simultaneously operating multiple companies, which means their own strategic thinking time is perpetually crowded out by the operational demands of the portfolio.",Pakistan's Venture Builders — The Startup Studio Mountain Sprint,"venture builders pakistan, startup studio retreat, incubator offsite, portfolio strategy retreat, venture builder leadership"
https://himalayavillas.com/pakistan-wedding-industry-destination-bhurban,Pakistan's Wedding Industry — The Destination Wedding Shift That's Already Happening,"Pakistan's wedding industry generates an estimated PKR 1-2 trillion annually — one of the largest single consumer expenditure categories in the country. The industry has been dominated for decades by the city banquet hall model: large capacity venues, standardised catering packages, decorator-driven aesthetics, and the logistical efficiency of a venue that has hosted thousands of weddings and knows exactly how to process another.",Pakistan's Wedding Industry — The Destination Wedding Shift That's Already Happening,"destination wedding bhurban, pakistan wedding industry, mountain wedding venue islamabad, bhurban wedding venue, wedding planner bhurban"
https://himalayavillas.com/pakistan-wedding-planners-bhurban-venue-guide,Pakistan's Wedding Planners — Why Every Planner Needs Bhurban in Their Venue Book,"Pakistan's wedding planning industry — the event management companies, the wedding planners, the mehndi organisers, and the independent venue scouts who constitute the country's growing formal wedding services sector — operates in a market where client demand for distinctive venues consistently outpaces supply of genuinely new options. The standard Pakistani wedding venue circuit — the Islamabad and Lahore marquee halls, the hotel ballrooms, the farmhouse venues on the GT Road — is known to every planner and known to most guests. The genuinely new venue is difficult to find. Himalaya Villas & Resorts in Bhurban is it.",Pakistan's Wedding Planners — Why Every Planner Needs Bhurban in Their Venue Book,"wedding planners pakistan, mountain wedding venue bhurban, private estate wedding, nikah ceremony bhurban, mehndi venue murree"
https://himalayavillas.com/pakistan-women-entrepreneurs-mastermind,Pakistan's Women Entrepreneurs — The Mountain Mastermind Retreat,"Pakistan's women entrepreneurship community has grown significantly in the past decade — the e-commerce entrepreneurs who built businesses during the pandemic, the social media-driven food and fashion brands, the tech founders funded by regional venture capital, and the established businesswomen in traditional sectors who are increasingly visible in business leadership. This community has a specific resource deficit that male entrepreneurship communities share but that women entrepreneurs experience with an additional dimension: the absence of informal peer learning networks.",Pakistan's Women Entrepreneurs — The Mountain Mastermind Retreat,"women entrepreneurs pakistan, mastermind retreat bhurban, female founders mountain, women business retreat islamabad, women entrepreneurship network"
https://himalayavillas.com/pakistan-women-entrepreneurs-retreat,Pakistan Women Entrepreneurs — The Retreat That Builds the Network,"Pakistan's women entrepreneurship ecosystem — built through WECREATE, SMEDA's women's enterprise programmes, the various incubators and accelerators that have emerged over the past decade, and the peer networks that form around them — has a documented gap between the quality of its individual actors and the strength of its collective network. Women entrepreneurs in Pakistan are doing remarkable work in relative isolation from each other; the peer learning and mutual support infrastructure that male-dominated business networks take for granted is still being built.",Pakistan Women Entrepreneurs — The Retreat That Builds the Network,"women entrepreneurs retreat pakistan, women business network bhurban, female founders mountain retreat, women entrepreneurship community pakistan, women leaders retreat islamabad"
https://himalayavillas.com/pakistan-women-in-tech-mountain-retreat,Pakistan's Women in Tech — The Mountain Coding Retreat,"Pakistan's women in technology community — the female software engineers, the women data scientists, the tech founder cohorts from Invest2Innovate and NIC programmes, and the women's coding bootcamp graduates who are entering Pakistan's tech sector in growing numbers — has built significant institutional presence in the past decade. The women in tech mountain retreat at Himalaya Villas is the specific format that the community's most experienced practitioners consistently identify as valuable: the peer learning that happens in the protected mountain environment, away from the specific navigational challenges that women in tech face daily in Pakistan's male-majority technology offices.",Pakistan's Women in Tech — The Mountain Coding Retreat,"women in tech pakistan, female software engineers retreat, women founders bhurban, tech community retreat, coding bootcamp bhurban"
https://himalayavillas.com/pakistan-womens-leadership-mountain-convening,Pakistan's Women's Leadership Network — The Mountain Convening,"Pakistan's women's professional leadership networks — the Women's Chambers of Commerce, the women's caucuses within professional associations, the female founder networks, the women-in-leadership programmes at Pakistan's management universities — have achieved significant institutional presence in the past decade. The network convening challenge: most women's professional networks hold their events in city hotel conference rooms — the standard corporate format that produces standard networking outcomes. The peer trust and the honest conversation that enables women's professional networks to deliver on their core purpose — helping women navigate the specific challenges of leadership in Pakistan's professional environment — rarely emerges from the hotel conference room format.",Pakistan's Women's Leadership Network — The Mountain Convening,"womens leadership pakistan, professional women network, female founders retreat, women in leadership bhurban, womens chamber retreat"
https://himalayavillas.com/pakistan-young-professionals-first-mountain-stay,Pakistan's Young Professionals — The First Private Mountain Stay,"Pakistan's young professional generation — the 24-34 year olds working in the country's tech companies, investment banks, consultancies, and creative industries — is the emerging premium consumer segment that the domestic luxury market is beginning to understand. The young professional's approach to the mountain stay is different from previous generations: they research the experience before they book it, they share it on Instagram while they are there, and they measure it against the international travel they have either done or aspire to.",Pakistan's Young Professionals — The First Private Mountain Stay,"young professionals pakistan, first mountain stay, group retreat bhurban, Instagrammable mountain stay, millennial travel bhurban"
https://himalayavillas.com/pakistan-youth-leadership-mountain-retreat,Pakistan Youth Leadership — Why the Mountain Retreat Works for the Next Generation,"Pakistan's youth leadership development sector — the NGOs, student unions, professional associations, and fellowship programmes that invest in the next generation of Pakistan's professional and civic leadership — has a programme delivery problem. Most of its work happens in Islamabad's seminar rooms and Lahore's conference centres. The mountain retreat — specifically designed for group leadership development rather than individual recreation — addresses this gap.",Pakistan Youth Leadership — Why the Mountain Retreat Works for the Next Generation,"youth leadership retreat pakistan, mountain retreat for young leaders, bhurban youth leadership, pakistan youth development, leadership retreat near islamabad"
https://himalayavillas.com/pakistan-youth-leadership-mountain-summit,Pakistan Youth Leadership — The Mountain Summit for the Next Generation,"Pakistan's youth leadership community — the AIESEC chapters, the Model United Nations organisers, the young parliamentarians, the Rhodes scholars and chevening alumni networks, the student government presidents at Pakistan's leading universities — represents the country's next-generation leadership cohort. This community has a specific peer learning deficit: the access to the informal horizontal network that connects peer leaders across institutions, geographic boundaries, and sector boundaries.",Pakistan Youth Leadership — The Mountain Summit for Pakistan's Next Generation,"pakistan youth leadership, youth summit bhurban, young leaders retreat, aiesec bhurban, student leadership pakistan"
https://himalayavillas.com/pakistani-american-summer-return-bhurban,The Pakistani-American Summer Return — Making the Trip Count,"The Pakistani-American summer trip to Pakistan has a specific structure that most families have refined over years: school ends in late May or early June, tickets are purchased months in advance, the family lands in Islamabad or Lahore, and the summer unfolds across a dense schedule of family visits, social obligations, and the slow process of reconnecting with a country that is simultaneously home and somewhere visited.",The Pakistani-American Summer Return — Making the Trip Count,"pakistani american summer pakistan, bhurban for pakistani americans, us diaspora pakistan travel, american pakistani murree, bhurban from usa"
https://himalayavillas.com/pakistani-australian-diaspora-bhurban,Pakistani Diaspora in Australia — The Summer Return That Goes to the Mountains,"The Pakistani-Australian community — centred in Sydney's Parramatta and Liverpool areas, Melbourne's southeast suburbs, and Brisbane's growing South Asian community — maintains strong connections to Pakistan through regular return visits. The summer school holidays (December-January in Australia, aligned with Pakistan's January winter) create a unique diaspora travel dynamic: Australian-Pakistani families visiting Pakistan in January, precisely the month when Bhurban's snowfall probability is at its annual peak.",Pakistani Diaspora in Australia — The Summer Return That Goes to the Mountains,"pakistani australian diaspora bhurban, australian pakistani mountain stay, bhurban january australia, pakistan visit from australia, diaspora bhurban snowfall"
https://himalayavillas.com/pakistani-australian-diaspora-bhurban-visit,Pakistani-Australian Diaspora — The Pakistan Visit That Should Include Bhurban,"The Pakistani community in Australia — concentrated in Sydney, Melbourne, Brisbane, and Perth — maintains a visit pattern shaped by Australia–Pakistan flight logistics: typically 1–2 trips per year, often timed around school holidays (July, December/January) or Eid. The travel arithmetic: Sydney to Islamabad is 14–17 hours on connecting itineraries. After 15 hours in the air, the destination matters enormously. The Islamabad landing followed immediately by a 60km, 1-hour drive to a private cedar estate at 6,800 feet — where the temperature is 20°C cooler than Sydney's January summer — is the specific arrival experience that distinguishes the Pakistan visit that includes Bhurban from one that does not.",Pakistani-Australian Diaspora — The Pakistan Visit That Should Include Bhurban,"pakistani australian diaspora, sydney to bhurban, melbourne pakistan visit, australian pakistani mountain, bhurban july school holidays"
https://himalayavillas.com/pakistani-british-diaspora-bhurban,Pakistani-British Diaspora — Why Your Next Pakistan Visit Needs the Bhurban Mountain,"The Pakistani-British community — approximately 1.6 million people across the UK, concentrated in Birmingham, Bradford, Manchester, Leeds, and London — has one of the most sustained return-visit patterns of any diaspora community globally. The summer trip to Pakistan, the Eid visit, the family wedding that brings the UK branch home — these are not occasional but structural, built into the calendar as surely as school terms. What most UK-Pakistan return visits systematically underuse: the mountain.",Pakistani-British Diaspora — Why Your Pakistan Trip Needs Bhurban,"pakistani british diaspora bhurban, uk pakistan return visit, bhurban for british pakistanis, london to bhurban, uk diaspora mountain pakistan"
https://himalayavillas.com/pakistani-canadian-diaspora-bhurban,Pakistani-Canadian Diaspora — The Summer Visit and the Mountain That Makes It,"The Pakistani-Canadian family's summer return trip has a specific structure shaped by two calendars: the Canadian school year (summer break June-August) and Pakistan's hottest months (the same window). Families flying from Toronto, Vancouver, or Calgary arrive in Islamabad or Lahore into temperatures that registered 38-44°C. The mountain break, 45 minutes from Islamabad at 6,800 feet and 18-24°C, is not a preference — it is a physiological requirement.",Pakistani-Canadian Diaspora — The Summer Visit and the Mountain That Makes It,"pakistani canadian diaspora bhurban, canadian pakistani summer visit, bhurban toronto vancouver, canada to pakistan mountain stay, diaspora summer bhurban"
https://himalayavillas.com/pakistani-diaspora-return-trip-guide,The Pakistani Diaspora Return Trip — How to Do It Well,"For Pakistanis living in the UAE, UK, or North America, the return trip carries a weight that ordinary holidays do not. It is not just travel; it is a renegotiation of identity, a reconnection with family networks, a simultaneous experience of familiarity and distance. You are coming home. You are also, in some ways, visiting.",Return Trip Guide for the Pakistani Diaspora - Book Now,"A practical guide for the Pakistani diaspora planning a return trip—what to expect, where to stay, and how to book a private luxury villa. Reserve today."
https://himalayavillas.com/patriata-chairlift-bhurban,Patriata Chairlift Bhurban — The Complete Visitor Guide,"3km from Bhurban, 8 minutes by car. Gondola to 8,700 feet. Best time: 9am opening hour for minimal queues.",Patriata Chairlift Bhurban — The Complete Visitor Guide,"patriata chairlift bhurban, patriata new murree chairlift, bhurban chairlift murree, patriata chairlift tickets price"
https://himalayavillas.com/patriata-chairlift-bhurban-guide,Patriata Chairlift Bhurban — The Complete 2026 Guide,"Patriata Chairlift: 3km from Himalaya Villas, 8 min drive. Opens 9am. PKR 700-1,000 return. Best at 9am opening.",Patriata Chairlift Bhurban — The Complete 2026 Visitor Guide,"patriata chairlift bhurban, chairlift bhurban, patriata murree chairlift, bhurban chairlift price"
https://himalayavillas.com/patriata-chairlift-murree-guide,"Patriata Chairlift Murree — Complete Guide: Ticket, Timings, Tips","patriata chairlift (720/mo), pindi point chair lift (720/mo), chairlift murree, new murree chairlift, patriata chairlift price","Patriata Chairlift Murree — Complete Guide: Ticket, Timings, Tips","patriata chairlift (720/mo), pindi point chair lift (720/mo), chairlift murree, new murree chairlift, patriata chairlift price"
https://himalayavillas.com/pc-bhurban-amphitheatre-guide,PC Bhurban Amphitheatre — The Complete Guide,"PC Bhurban Amphitheatre: 3,600 monthly searches. Cedar forest amphitheatre at 6,800 feet. Qawwali evenings, concerts, corporate events.",PC Bhurban Amphitheatre — Complete Guide to Events and Access,"pc bhurban amphitheatre, pc bhurban amphitheatre bhurban, amphitheatre bhurban murree"
https://himalayavillas.com/pc-bhurban-charges-per-night,PC Bhurban Charges Per Night — What You Pay and the Private Villa Alternative,"PC Hotel Bhurban (Pearl Continental, Marriott International) room rates vary by room type and season. Published rates typically range from approximately PKR 35,000-75,000 per room per night for standard to suite accommodation in 2025-2026, with peak season and special occasion rates higher. For current confirmed rates, check pchotels.com or Marriott.com directly. For a comparable private villa alternative at the same location: Himalaya Villas & Resorts offers private villas from PKR 39,000-70,000/villa/night, 0.5km from PC Hotel.",PC Bhurban Charges Per Night — What You Pay and the Private Villa Alternative,"pc bhurban per night charges, pc bhurban room price, pc hotel bhurban charges, pearl continental bhurban rates, pc bhurban room rates 2026"
https://himalayavillas.com/pc-bhurban-contact-booking,PC Hotel Bhurban Contact Number and Booking — Plus the Private Estate Alternative,PC Hotel Bhurban: book at pchotels.com or Marriott app. 0.5km away: Himalaya Villas private estate via WhatsApp +92 304 567 9000.,PC Hotel Bhurban Contact Number and Booking Information,"pc bhurban contact number, pc hotel bhurban contact, pearl continental bhurban contact number, pc bhurban phone number, book pc hotel bhurban"
https://himalayavillas.com/pc-bhurban-hi-tea-guide,PC Bhurban Hi Tea — What to Know and the Cedar Estate Alternative,"PC Bhurban hi tea: 590+ monthly searches. The private cedar estate alternative: 0.5km away, in-villa dining.",PC Bhurban Hi Tea — Guide and the Cedar Estate Day Visit Alternative,"pc bhurban hi tea, pc bhurban hi tea price, hi tea pc bhurban, pc bhurban hi tea menu, hi tea in pc bhurban"
https://himalayavillas.com/pc-bhurban-pearl-continental-guide,PC Bhurban — Pearl Continental Hotel Bhurban Complete Guide,"PC Bhurban: Pakistan's only 5-star mountain hotel. 37,000+ monthly searches. 162 rooms, pool, spa, golf. Himalaya Villas alternative 0.5km away.",PC Bhurban — Pearl Continental Hotel Bhurban Complete Guide,"pc bhurban, pearl continental bhurban, pc hotel bhurban, pearl continental hotel bhurban, murree bhurban pc hotel"
https://himalayavillas.com/pc-bhurban-rates-comparison,Murree PC Bhurban Rates — What They Cost and What the Villa Costs,"PC Hotel Bhurban rates vary by room type and season. Approximate published ranges: Standard/Deluxe rooms PKR 35,000–55,000/night; Superior rooms PKR 50,000–65,000/night; Junior suites PKR 60,000–80,000/night; Presidential suite significantly higher. Always verify current rates at pchotels.com or Marriott.com — rates fluctuate with demand and season. Compare with Himalaya Villas: PKR 39,000 (Serene Valley Cabin) to PKR 70,000 (Presidential Suite) per villa per night — entire private villa, not one room.",Murree PC Bhurban Rates — What They Cost and What the Villa Costs,"murree pc bhurban rates, pc bhurban rates, pc hotel bhurban murree rates, bhurban pc hotel murree rates, pc hotel bhurban rates 2026"
https://himalayavillas.com/pc-bhurban-room-rates-2026,PC Bhurban Room Rates 2026 — What to Expect and the Comparable Alternative,"PC Bhurban rates: Standard PKR 35,000–50,000, Deluxe PKR 45,000–65,000, Suites PKR 70,000–100,000+. Family of 6: 3 rooms vs 1 villa.",PC Bhurban Room Rates 2026 — What to Know and the Comparable Alternative,"pc bhurban rooms rates, pearl continental hotel bhurban prices, pc bhurban rates per night, murree pc bhurban rates"
https://himalayavillas.com/pc-hotel-bhurban-alternative,"PC Hotel Bhurban Alternative — Private Villa Stays in Bhurban, Murree","pc hotel bhurban (14,800/mo), alternatives to pc hotel bhurban, pc bhurban murree, pearl continental bhurban alternative, better than pc hotel bhurban","PC Hotel Bhurban Alternative — Private Villa Stays in Bhurban, Murree","pc hotel bhurban (14,800/mo), alternatives to pc hotel bhurban, pc bhurban murree, pearl continental bhurban alternative, better than pc hotel bhurban"
https://himalayavillas.com/pearl-continental-bhurban-booking,Pearl Continental Bhurban Booking — How to Reserve and the Himalaya Villas Alternative,"PC Bhurban booking: Marriott Bonvoy app, pchotels.com, or Booking.com. Himalaya Villas: direct WhatsApp +92 304 567 9000.",Pearl Continental Bhurban Booking — How to Book and the Direct Alternative,"pearl continental bhurban booking, pc bhurban booking, pc bhurban reservation, pc bhurban booking contact number"
https://himalayavillas.com/pindi-point-murree-guide,Pindi Point Murree — Complete Visitor Guide 2026,"pindi point murree (1,000/mo), pindi point chair lift (720/mo), pindi point murree hotel, murree pindi point",Pindi Point Murree — Complete Visitor Guide 2026,"pindi point murree (1,000/mo), pindi point chair lift (720/mo), pindi point murree hotel, murree pindi point"
https://himalayavillas.com/places-to-visit-in-murree,Places to Visit in Murree Pakistan — The 15 Best Destinations 2026,"places to visit in murree (1,900/mo), murree tourist places, murree visiting places, best places murree, murree places, murree beautiful places",Best Places to Visit in Murree: Top Attractions & Views,Discover the best places to visit in Murree — from Mall Road and Pindi Point to quiet Bhurban forests. Plan your trip and stay in a private luxury villa nearby.
https://himalayavillas.com/places-to-visit-near-islamabad,Places to Visit Near Islamabad — The Complete 2026 Guide,"Best places near Islamabad: Bhurban (47km, 45 min), Murree (55km, 60 min), Ayubia (85km, 1h 20min), Nathia Gali (75km).",Places to Visit Near Islamabad — The 2026 Complete Guide,"places to visit near islamabad, places to visit near islamabad with family, tourist places near islamabad"
https://himalayavillas.com/pre-wedding-shoot-bhurban,Bhurban Pre-Wedding Shoot Location — Mountain Photography for Couples,"Bhurban's cedar and pine forest, mountain views, and private estate settings at Himalaya Villas & Resorts make it one of the most visually distinctive pre-wedding photography locations accessible from Islamabad. The combination of natural forest backdrops, private outdoor terraces, the cedar garden, and morning light on the Murree ridge creates photographic conditions that no studio or city location can replicate.",Bhurban Pre-Wedding Shoot Location — Mountain Photography for Couples,"pre wedding shoot bhurban, wedding photography bhurban murree, pre wedding photoshoot location near islamabad, mountain wedding photography pakistan, outdoor wedding photos bhurban"
https://himalayavillas.com/premium-page,Experience Mountain Paradise,Discover the ultimate luxury retreat in the heart of the Himalayas. Where breathtaking views meet world-class hospitality.,Himalaya Premium Villas | Private Luxury Estate Bhurban,"Himalaya Premium Villas is not a hotel. It is a private luxury estate in Bhurban crafted for those who demand exclusivity, privacy, and elevated experiences in the Himalayan foothills. Ultra-private villas, limited bookings, destination weddings, corporate retreats, and curated stays."
https://himalayavillas.com/presidential-suite-himalaya-villas-bhurban,The Presidential Suite at Himalaya Villas Bhurban — The Complete Guide,"The Presidential Suite is the flagship villa at Himalaya Villas & Resorts, Bhurban — the only private outdoor jacuzzi accommodation in Bhurban at PKR 65,000-70,000/night. Features: private outdoor jacuzzi on the villa terrace, panoramic mountain views, cedar forest setting, in-villa dining pre-arranged. Best for: honeymoon couples, January snowfall season (jacuzzi at 40°C against sub-zero air), October (jacuzzi with amber cedar canopy view). Capacity: 2-4 persons. Book: WhatsApp +92 304 567 9000.",The Presidential Suite at Himalaya Villas Bhurban — The Complete Guide,"presidential suite bhurban, himalaya villas presidential suite, jacuzzi villa bhurban, private jacuzzi bhurban"
https://himalayavillas.com/privacy-policy,Privacy Policy,"At Himalaya Villas & Resorts, we value your privacy and are committed to protecting your personal information. This Privacy Policy outlines how we collect, use, disclose, and safeguard your data when you visit our website or use our services.",Privacy Policy | Himalaya Villas & Resorts,Privacy Policy for Himalaya Villas & Resorts - Learn how we protect your personal information.
https://himalayavillas.com/private-chef-bhurban-murree,Private Chef and Catering in Bhurban Murree — In-Villa Dining Service,"private chef bhurban, catering bhurban murree, private chef murree pakistan, in villa catering bhurban, event catering murree villa","Private Chef in Bhurban, Murree—Book Your Villa Stay","Enjoy a private chef during your stay in Bhurban, Murree—fresh, home-style meals cooked just for you in your own luxury villa. Book your stay!"
https://himalayavillas.com/private-dining-bhurban-cedar-estate,Private Dining at Bhurban Cedar Estate — The Complete Menu and Setup Guide,"private dining bhurban, cedar estate private dining, himalaya villas private dining menu Private Dining at the Bhurban Cedar Estate — The Complete Guide",Private Dining at Bhurban Cedar Estate — The Complete Menu and Setup Guide,"private dining bhurban, cedar estate private dining, himalaya villas private dining menu"
https://himalayavillas.com/private-events-bhurban-cedar-estate,Private Events at Bhurban Cedar Estate — The Complete Occasions Guide,"Yes — Himalaya Villas accommodates a full range of private events at the Bhurban cedar estate: Nikah and destination weddings, Walima celebrations, Mehndi evenings, birthday milestones, anniversary celebrations, corporate retreats, Qawwali evenings, family reunions, and Eid gatherings. The cedar garden provides the outdoor event venue; the multiple villas provide accommodation for the event group. All events coordinated via WhatsApp +92 304 567 9000.",Private Events at Bhurban Cedar Estate — The Complete Occasions Guide,"private events bhurban, cedar estate events bhurban, bhurban private event venue, occasions bhurban cedar estate"
https://himalayavillas.com/private-mountain-estate-experience,The Private Mountain Estate — What It Actually Means to Own a Place for a Weekend,"There is a category of travel that is poorly named. 'Luxury travel' gets attached to it, but luxury is not what distinguishes it. The private villa, the private estate, the exclusive-use property — these are not luxury in the sense of gold plating and five-course meals, though those can coexist. They are luxury in the original sense: from the Latin luxus, meaning excess or surplus. The private estate gives you more than you need. It gives you a whole place.",The Private Mountain Estate — What It Means to Own a Place for a Weekend,"private mountain estate experience, exclusive use villa pakistan, bhurban private estate, luxury travel psychology, private villa meaning"
https://himalayavillas.com/private-mountain-travel-matters,The Private Mountain — Why This Kind of Travel Matters,We have built a country of extraordinary mountains and an urban population that has largely stopped seeing them. The Karakoram — visible from several Pakistani cities on the clearest days — has been so thoroughly incorporated into the national identity narrative that it functions more as a symbol than as a place most Pakistanis have ever been. The Murree hills — 45 minutes from the capital — have been reduced in most urban imaginations to a traffic jam and a bhutta cart.,The Private Mountain — Why This Kind of Travel Matters,"private mountain travel meaning, bhurban philosophy, mountain and city essay, why mountain travel matters, Pakistani travel essay"
https://himalayavillas.com/private-pool-villa-near-islamabad,Private Pool Villa Near Islamabad — What's Available in Bhurban,"Private pool villas in the traditional sense (outdoor swimming pool) are uncommon in the Bhurban hills due to the mountain climate — outdoor pools are impractical for most of the year at 6,800 feet. The closest equivalent in Bhurban is the Presidential Suite at Himalaya Villas & Resorts, which features a private terrace jacuzzi (hot tub) — the mountain equivalent of a private pool, operating at 40°C year-round.",Private Pool Villa Near Islamabad — What's Available in Bhurban,"private pool villa near islamabad, villa with pool near islamabad, pool villa islamabad mountains, private swimming pool bhurban murree"
https://himalayavillas.com/punjabi-family-gathering-bhurban,Punjabi Family Culture and the Mountain — Why Bhurban Is the Extended Family's Natural Home,"Punjabi family culture is built on gathering. The biraderi, the extended family structure that connects households across cities and generations, expresses itself through the periodic assembly — the wedding, the Eid gathering, the summer holiday, the cousin reunion that the family has been planning since the last one ended. The food is abundant, the noise is considerable, the children are everywhere, and the elders are seated in the best chairs.",Punjabi Family Culture and the Mountain — Why Bhurban Is the Extended Family's Natural Home,"punjabi family gathering bhurban, extended family reunion murree, biraderi gathering bhurban, punjabi culture mountain, family mela bhurban"
https://himalayavillas.com/qawwali-evening-bhurban,Qawwali Evening in Bhurban — Traditional Music at a Mountain Estate,Himalaya Villas & Resorts can arrange a private Qawwali evening for guests staying at the property — traditional Sufi devotional music performed in the cedar garden setting. A local Qawwali group is engaged for the evening; the cedar garden fire pit provides the ambient setting.,Qawwali Evening in Bhurban — Traditional Music at a Mountain Estate,"qawwali bhurban, qawwali murree hills, traditional music event bhurban, qawwali mountain estate pakistan, cultural evening bhurban murree"
https://himalayavillas.com/qawwali-evening-bhurban-cedar-estate,Qawwali Evening at Bhurban — The Cedar Forest Sufi Music Experience,"Yes — a private Qawwali evening can be arranged at the Himalaya Villas cedar estate. Coordinate via WhatsApp +92 304 567 9000 at the booking stage. The cedar garden setting — the fire, the cedar canopy at night, the mountain air — creates the specific natural resonance that makes an outdoor Qawwali in a forest setting fundamentally different from a stage performance. Also available at the PC Bhurban Amphitheatre for public events — confirm schedule at pchotels.com.",Qawwali Evening at Bhurban — The Cedar Forest Sufi Music Experience,"qawwali evening bhurban, bhurban sufi music, cedar estate qawwali, private qawwali bhurban"
https://himalayavillas.com/qubed-richmond-nathiagali-guide,Qubed Nathiagali and Richmond Boutique Hotel — Guides,"Qubed: 1,300 monthly searches. Richmond Boutique: 1,000 monthly searches. Himalaya Villas: the private estate alternative 30km away.",Qubed Nathiagali and Richmond Boutique Hotel — Guides and the Bhurban Alternative,"qubed nathiagali, qubed nathia gali, richmond boutique hotel nathia gali, boutique hotels nathia gali"
https://himalayavillas.com/ramada-murree-alternative,Ramada Murree Alternative — Private Estate vs International Chain Hotel,"ramada murree (6,600/mo), ramada hotel murree, ramada by wyndham murree, alternatives to ramada murree, murree resort alternative",Ramada Murree Alternative — Private Estate vs International Chain Hotel,"ramada murree (6,600/mo), ramada hotel murree, ramada by wyndham murree, alternatives to ramada murree, murree resort alternative"
https://himalayavillas.com/ramada-murree-guide,Ramada Murree — Complete Guide and the Private Cedar Estate Alternative,"Ramada by Wyndham Murree is an international chain hotel property in the Murree hills drawing 6,600 monthly searches. A Wyndham Rewards property offering the standard Ramada product: hotel rooms, shared facilities, restaurant and hi-tea service, and the Wyndham loyalty programme. Current rates and availability: wyndhamhotels.com. For guests considering Ramada Murree who want the private cedar estate experience — exclusive-use villa, private outdoor space, cedar forest from the gate, in-villa dining — Himalaya Villas & Resorts in Bhurban (47km from Islamabad, 20 minutes from Mall Road) is the private estate alternative.",Ramada Murree — Complete Guide and the Private Cedar Estate Alternative,"ramada murree, ramada by wyndham murree, ramada murree price, ramada murree booking, ramada murree room rates"
https://himalayavillas.com/rawalpindi-bhurban-mountain-guide,Rawalpindi to Bhurban — The Nearest Mountain City Guide,"Bhurban is closer to Rawalpindi. The distance from central Rawalpindi (Saddar area) to Himalaya Villas & Resorts in Bhurban is approximately 38km — 40-50 minutes by car. From Islamabad city centre the same journey is 47km — 45-55 minutes. Rawalpindi is the nearest major city to Bhurban, making it the most convenient starting point for a Bhurban trip for Rawalpindi residents.",Rawalpindi to Bhurban — The Nearest Mountain City Guide,"rawalpindi bhurban guide, rawalpindi nearest mountain, bhurban nearest city rawalpindi, rawalpindi day trip bhurban, rawalpindi mountain getaway"
https://himalayavillas.com/rawalpindi-to-murree-bhurban,Rawalpindi to Murree and Bhurban — Distance and Route Guide,"Rawalpindi to Murree Mall Road is approximately 47km — about 45-60 minutes by car depending on traffic. Rawalpindi to Bhurban (where Himalaya Villas & Resorts is located) is approximately 38km — around 40-50 minutes. Rawalpindi is closer to Bhurban than Islamabad city centre is, making it one of the most accessible starting points for a Bhurban trip.",Rawalpindi to Murree and Bhurban — Distance and Route Guide,"rawalpindi to murree, rawalpindi to bhurban, rawalpindi murree distance, rawalpindi murree road, how to get to murree from rawalpindi"
https://himalayavillas.com/refund-policy,Refund Policy,We understand that plans can change. Our cancellation policy is designed to be fair while ensuring we can maintain our high standards of service for all guests.,Refund Policy | Himalaya Villas & Resorts,Refund Policy for Himalaya Villas & Resorts - Learn about our cancellation and refund terms.
https://himalayavillas.com/remote-work-villa-bhurban,Remote Work from Bhurban — Villa with Workspace Near Islamabad,"All villas at Himalaya Villas & Resorts have WiFi, and the villas' private living spaces are suitable for remote work. The Bhurban cedar estate model — private villa, no shared coworking space dynamics, in-villa dining at the worker's schedule — is particularly well-suited to professionals who want to combine productive remote work with a mountain environment.",Remote Work from Bhurban — Villa with Workspace Near Islamabad,"remote work bhurban, work from bhurban villa, digital nomad bhurban murree, villa workspace near islamabad, remote work mountain pakistan"
https://himalayavillas.com/resort-near-islamabad,Resort Near Islamabad — The 45-Minute Cedar Estate Option,"Best resort/getaway near Islamabad 2026: Himalaya Villas & Resorts in Bhurban (47km, 45 minutes) — the only private villa cedar estate within 1 hour of Islamabad. 12 exclusive-use villas in a mature deodar cedar forest at 6,800 feet, 20°C cooler than Islamabad in July. PC Hotel Bhurban (Marriott, 48km, 45 min) — 5-star chain hotel with pool. Mövenpick Murree, Ramada Murree — international chain hotels 55km, 60 min. For the private resort estate model: Himalaya Villas is the only option within this radius.",Resort Near Islamabad — The 45-Minute Cedar Estate Option,"resort near islamabad, hotels near islamabad, getaway near islamabad, mountain resort islamabad, private resort near islamabad"
https://himalayavillas.com/restaurants-near-bhurban-murree,Murree Bhurban Dining and Restaurant Guide — Food Near Bhurban,"Bhurban itself has limited standalone restaurant options — it is primarily a residential township. The main dining destinations from Bhurban are: Murree Mall Road restaurants (11km, 20 minutes — standard Pakistani cuisine), PC Hotel Bhurban restaurants (0.5km — hotel dining open to outside guests), and in-villa private dining at Himalaya Villas & Resorts.",Murree Bhurban Dining and Restaurant Guide — Food Near Bhurban,"restaurants near bhurban, dining near bhurban murree, best restaurants murree bhurban, where to eat in bhurban, food bhurban murree"
https://himalayavillas.com/romantic-hotels-murree,Romantic Hotels in Murree,"Discover intimate luxury suites with mountain views, private terraces, and personalized service. Perfect for honeymoons, anniversaries, and romantic getaways in the heart of the Himalayas.",Romantic Hotels Murree | Couples Retreat | Honeymoon Hotels | Himalaya Villas,"Romantic hotels in Murree for couples and honeymoon at Himalaya Villas Bhurban. Private suites, romantic dining, couples spa services, intimate settings. Perfect for romantic getaways and anniversaries."
https://himalayavillas.com/saudi-diaspora-bhurban-summer-return,Pakistan's Saudi Arabian Diaspora — The August Return and the Bhurban Mountain,"The Pakistani community in Saudi Arabia — estimated at 2.5-3 million people across Riyadh, Jeddah, Makkah, Dammam, and the Kingdom's industrial centres — maintains the strongest formal ties to Pakistan of any diaspora community. The Hajj and Umrah connection, the proximity (3-4 hour flight), and the cultural alignment make the Saudi-Pakistani connection particularly durable. The return visit pattern for Saudi-based Pakistani families is typically the school summer holiday (June-July in Pakistani schools, aligned with the Saudi summer break from June), Eid periods, and the winter Umrah season. The summer return places the Saudi-Pakistani family in Pakistan during July-August — peak Bhurban season.",Pakistan's Saudi Arabian Diaspora — The August Return and the Mountain,"saudi pakistani diaspora bhurban, riyadh to islamabad bhurban, saudi summer return pakistan, gcc pakistani mountain, jeddah to bhurban"
https://himalayavillas.com/serene-valley-cabin-bhurban,The Serene Valley Cabin at Himalaya Villas — The Cedar Estate's Intimate Entry Villa,"The Serene Valley Cabin is the entry-level villa at Himalaya Villas & Resorts, Bhurban — a private 2-4 person cedar cabin at PKR 39,000-45,000/night. The defining character: the most intimate villa configuration on the estate, the smallest private space, and the most cabin-like aesthetic. The cedar cabin character (close to the cedar trunks, the forest floor visible from the private terrace) is the specific quality that cabin-preference guests choose the Serene Valley over the larger, more expansive villas.",The Serene Valley Cabin at Himalaya Villas — The Cedar Estate's Intimate Entry Villa,"serene valley cabin bhurban, himalaya villas serene valley cabin, entry villa bhurban cedar estate"
https://himalayavillas.com/shangrila-marco-polo-murree-guide,Shangrila Murree and Marco Polo Murree — Guides and the Private Villa Alternative,"Shangrila Murree draws 2,400 monthly searches and Marco Polo Murree draws 1,000/mo — two established Pakistani domestic hotel brand names in the Murree hills market. Shangrila is a domestic Pakistani hotel/resort brand (distinct from the international Shangri-La Hotels & Resorts chain). Marco Polo is a Murree-area resort brand. Both serve the domestic mid-to-premium market. For the private cedar estate experience as an alternative: Himalaya Villas & Resorts in Bhurban.",Shangrila Murree and Marco Polo Murree — Guides and the Private Villa Alternative,"shangrila murree, marco polo murree, shangrila resort murree, marco polo resort murree bhurban"
https://himalayavillas.com/shangrila-murree-alternative,Shangrila Resort Murree — Guide and the Bhurban Private Estate Alternative,"Shangrila Resort Murree: 2,400 monthly searches. Himalaya Villas: the private cedar estate alternative with exclusive outdoor space.",Shangrila Resort Murree — Guide and the Bhurban Private Estate Alternative,"shangrila murree, shangrila resort murree, shangrila hotel murree, shangrila resort murree rates"
https://himalayavillas.com/shangrila-resort-murree-alternative,Shangrila Resort Murree Alternative — Private Villa Estate in Bhurban,"shangrila murree (2,400/mo), shangrila resort murree, shangrila hotel murree, alternatives shangrila murree, shangri-la murree",Shangrila Resort Murree Alternative — Private Villa Estate in Bhurban,"shangrila murree (2,400/mo), shangrila resort murree, shangrila hotel murree, alternatives shangrila murree, shangri-la murree"
https://himalayavillas.com/show-card,Himalaya Villas Card Demo,Click on the card below to expand and see the complete content,Himalaya Premium Villas | Private Luxury Estate Bhurban,"Himalaya Premium Villas is not a hotel. It is a private luxury estate in Bhurban crafted for those who demand exclusivity, privacy, and elevated experiences in the Himalayan foothills. Ultra-private villas, limited bookings, destination weddings, corporate retreats, and curated stays."
https://himalayavillas.com/silver-wedding-anniversary-bhurban,Silver Wedding Anniversary at Bhurban — 25-Year Milestone Celebration,"A silver wedding anniversary at Himalaya Villas & Resorts in Bhurban provides the combination of privacy, elevation, and private estate exclusivity that a 25-year milestone deserves. The Presidential Suite (private terrace jacuzzi, 270° mountain view, PKR 65,000-70,000/night) is the primary recommendation for silver anniversary stays.",Silver Wedding Anniversary at Bhurban — 25-Year Milestone Celebration,"silver wedding anniversary bhurban, 25th anniversary celebration bhurban murree, silver anniversary mountain stay islamabad, 25 year anniversary getaway bhurban"
https://himalayavillas.com/snowfall-in-murree,Snowfall in Murree,When It Snows | What to Expect | Snowfall Pics from Bhurban | Luxury Winter Stays,"Snowfall in Murree 2026 — When It Snows, What to Expect & Luxury Winter Stays | Himalaya Villas","Complete guide to snowfall in Murree — monthly snowfall calendar, weather forecast, snowfall pics from Bhurban, and when to book a luxury winter villa stay. Updated for 2026 season."
https://himalayavillas.com/snowfall-in-murree/winter-villas,Our Winter Villas,"Handpicked private villas across Bhurban & the Murree Hills — built for snowfall mornings, fireside evenings and views no crowded hotel lobby can offer.",View Winter Villas — Himalaya Villas Bhurban,"Explore our luxury winter snowfall villas in Bhurban & Murree Hills — private fireplaces, panoramic ridge views, and exclusive winter packages."
https://himalayavillas.com/south-asia-underrated-mountain-bhurban,South Asia's Most Underrated Mountain Destinations — Why Bhurban Belongs on the International Map,"South Asia's mountain tourism narrative is dominated by the obvious: the Nepal Himalayas, the Darjeeling tea estates, Bhutan's Paro Valley, Sri Lanka's Nuwara Eliya, the Kashmir valley. These are legitimately great destinations with long histories of international tourist engagement. They are also, in varying degrees, known.",South Asia's Underrated Mountain Destinations — Bhurban on the International Map,"bhurban international travel, south asia mountain destinations, underrated mountain pakistan, bhurban world travel, pakistan luxury mountain destination"
https://himalayavillas.com/south-asian-millennial-travel-bhurban,South Asian Millennial Travel — What the Next Generation Wants From Pakistan,"The South Asian millennial (born 1981-1996) and Gen Z (born 1997-2012) traveller has fundamentally different travel values from the generation that preceded them. The research on this shift is consistent across multiple markets: the premium is increasingly on experiences over things, on authenticity over brand recognition, on Instagram-worthy distinctive settings over predictable hotel comfort, and on stories to tell rather than possessions to display.",South Asian Millennial Travel — What the Next Generation Wants From Pakistan,"millennial travel pakistan, gen z bhurban, south asian millennial mountain, experience travel pakistan, authentic travel pakistan"
https://himalayavillas.com/south-asian-wedding-mountain-venue-bhurban,South Asian Wedding Traditions and the Mountain Venue — Why Bhurban Works,"The Pakistani wedding is a multi-day, multi-function event that is among the most elaborate social rituals in South Asian culture. The Mehndi, the Barat, the Nikkah, the Walima — each function has its own social logic, its own guest list, its own aesthetic requirements, and its own place in the narrative of the occasion. The venue choice for the destination wedding must accommodate all of this, not just the single-function hotel booking.",South Asian Wedding Traditions and the Mountain Venue — Why Bhurban Works,"south asian wedding bhurban, mountain wedding pakistan, desi wedding venue bhurban, mehndi nikkah walima bhurban, pakistani wedding mountain estate"
https://himalayavillas.com/stargazer-guide-bhurban-cedar-estate,Pakistan's Mountain at Night — A Stargazer's Guide to the Bhurban Cedar Estate,"The night sky over Bhurban is not a dark sky reserve. It is meaningfully better than any city sky in Pakistan, and on the finest nights — new moon in October or January, post-rain atmospheric clarity — it reveals a quality of star field that most Islamabad residents have never seen. The stargazer's guide to Bhurban is a practical companion for the guest at Himalaya Villas who wants to maximise the night sky experience from the cedar estate.",Pakistan's Mountain at Night — A Stargazer's Guide to the Cedar Estate,"stargazing pakistan mountains, bhurban night sky, astronomy bhurban, star gazing guide, cedar estate stargazing"
https://himalayavillas.com/stargazing-bhurban-murree,"Stargazing at Bhurban Murree — Night Sky at 6,800 Feet","Bhurban offers significantly better stargazing conditions than Islamabad or Rawalpindi due to its elevation (6,800 feet) and lower light pollution. On clear nights — particularly in autumn (October-November) and winter (December-February) when the atmosphere is clearest — the Himalaya Villas private terraces and cedar garden provide unobstructed sky access.","Stargazing at Bhurban Murree — Night Sky at 6,800 Feet","stargazing bhurban, murree stargazing, night sky bhurban murree, star gazing near islamabad, dark sky bhurban pakistan"
https://himalayavillas.com/sufi-qawwali-evening-bhurban,Pakistan's Sufi Music Tradition — The Qawwali Evening at the Bhurban Cedar Estate,"The qawwali evening at Himalaya Villas is one of the property's most distinctive experiential offerings — and one of the most underappreciated dimensions of what a private mountain cedar estate can provide that no hotel ballroom can replicate. Qawwali is Pakistan's oldest continuous performance tradition. The specific environment in which it is performed has always shaped the experience: the dargah courtyard, the private mehfil gathering, the intimate circle of listeners in a private home. The cedar garden at Himalaya Villas, with the fire burning and the cedar canopy above, is a private mehfil environment of a specific and unrepeatable quality.",Pakistan's Sufi Music Tradition — The Qawwali Evening at the Cedar Estate,"sufi music pakistan, qawwali bhurban, traditional music event, qawwali cedar garden, pakistan cultural evening"
https://himalayavillas.com/sunset-suite-himalaya-villas-bhurban,The Sunset Suite at Himalaya Villas Bhurban — The Valley View Villa,"The Sunset Suite is the west-facing private balcony villa at Himalaya Villas & Resorts, Bhurban — specifically designed for the valley and sunset view. Rate: PKR 50,000-55,000/night. Capacity: 2-4 persons. The defining feature: the private west-facing balcony positioned to capture the valley sunset — the Islamabad valley below, the cedar branches in the foreground, the sun descending behind the western ridge. Best for: couples, photography-focused guests, and guests who want the valley view as their primary morning and evening experience.",The Sunset Suite at Himalaya Villas Bhurban — The Valley View Villa,"sunset suite bhurban, himalaya villas sunset suite, valley view villa bhurban, sunset view bhurban murree"
https://himalayavillas.com/sustainable-tourism-pakistan-hill-stations,Sustainable Tourism in Pakistan's Hill Stations — What Responsible Travel Looks Like,"Murree has a sustainability problem, and it is visible from the approach road. The traffic congestion that backs up on summer weekends is not just an inconvenience for visitors — it is a symptom of a tourism model that concentrates high visitor volumes on a narrow infrastructure corridor, generating pollution, solid waste, and erosion pressure on a landscape that the tourism industry itself depends on.",Sustainable Tourism in Pakistan's Hill Stations—Book,"Explore sustainable tourism in Pakistan's hill stations, including Bhurban's low-impact private villas with mountain views. Book a responsible stay today."
https://himalayavillas.com/swiss-cottages-bhurban-guide,Swiss Cottages Bhurban — Guide and the Cedar Estate Alternative,"Swiss Cottages Bhurban is a cottage/villa accommodation property in Bhurban drawing 260 monthly searches. The name suggests a European chalet aesthetic in the Bhurban mountain setting. Their website: swisscottagesbhurban.com (confirm current status). For the premium private cedar villa estate in Bhurban with the exclusive cedar garden and fire pit: Himalaya Villas & Resorts, 47km from Islamabad.",Swiss Cottages Bhurban — Guide and the Cedar Estate Alternative,"swiss cottages bhurban, swiss cottage bhurban, swiss bhurban cottage rent"
https://himalayavillas.com/tdcp-murree-guide,TDCP Murree — Government Rest Houses and the Private Villa Alternative,"TDCP Murree draws 2,400 monthly searches. Rest houses: PKR 2,000–8,000. Private villa alternative: PKR 39,000–70,000.",TDCP Murree — Government Rest Houses and the Private Villa Alternative,"tdcp murree, tdcp murree rest house, tdcp murree booking, tdcp rest house murree rates"
https://himalayavillas.com/teacher-retreat-near-islamabad,Weekend Retreat for Teachers Near Islamabad — Bhurban Mountain Break,"Himalaya Villas & Resorts in Bhurban, 47km from Islamabad (45 minutes), is suitable for teacher and school staff group retreats. For a group of 10-20 teachers, a 2-villa combination accommodates overnight stays; the cedar garden and dining pavilion provide gathering space. Cost, split across the group, is often comparable to or below a city hotel meeting + dinner.",Weekend Retreat for Teachers Near Islamabad — Bhurban Mountain Break,"teacher retreat near islamabad, teachers weekend bhurban, school staff retreat islamabad mountains, teachers getaway bhurban murree, educator retreat pakistan mountains"
https://himalayavillas.com/ten-reasons-bhurban-pakistan-itinerary,Pakistan's Mountain Tourism — Ten Reasons Bhurban Should Be on Every Itinerary,"Listicles are frequently a sign of shallow thinking. This one is an attempt to be specific: ten concrete, non-generic reasons why Bhurban, 47 kilometres from Islamabad, belongs on every serious Pakistan mountain itinerary — not as an afterthought but as a deliberate inclusion.",Pakistan's Mountain Tourism — Ten Reasons Bhurban Should Be on Every Itinerary,"ten reasons to visit bhurban, bhurban pakistan itinerary, why visit bhurban, bhurban travel reasons, bhurban must visit guide"
https://himalayavillas.com/terms-and-conditions,Terms & Conditions,"By accessing and using the Himalaya Villas & Resorts website or making a reservation, you agree to be bound by these Terms and Conditions. If you do not agree to these terms, please do not use our services.",Terms & Conditions | Himalaya Villas & Resorts,Terms and Conditions for Himalaya Villas & Resorts - Understand our booking terms and guest policies.
https://himalayavillas.com/thing-to-do-bhurban-murree,Things to Do Near Bhurban Murree — A Complete Activity Guide,"Patriata, Ayubia, Mall Road, hiking trails, and scenic viewpoints — the essential travel guide for families and guests staying at Himalaya Villas & Resorts.",Things to Do Near Bhurban Murree — A Complete Activity Guide | Himalaya Villas & Resorts,"Patriata, Ayubia, Mall Road, hiking trails, and scenic viewpoints — the essential travel guide for families and guests staying at Himalaya Villas & Resorts."
https://himalayavillas.com/things-to-do-bhurban,Things to Do in Bhurban — Complete Activity Guide,"The best activities in Bhurban include: forest walks in the cedar and pine forest (accessible directly from Himalaya Villas & Resorts), the Patriata Chairlift 8km away (aerial ride to 8,700 feet), day trips to Murree Mall Road and Kashmir Point, Ayubia National Park Pipeline Track, Nathia Gali and Miranjani summit, and in-estate experiences at Himalaya Villas.",Things to Do in Bhurban — Complete Activity Guide,"things to do in bhurban, bhurban activities, what to do in bhurban, bhurban murree activities, bhurban places to visit"
https://himalayavillas.com/things-to-do-in-murree,"Things to do in murree, Activities in murree, murree activities, what to do in murree bhurban","things to do in murree (1,900/mo), things to do in murree pakistan, murree tourist attractions, places to visit in murree, murree visiting places, murree beautiful places, murree place to visit","/things-to-do-in-murree ~2,800 words","things to do in murree (1,900/mo), things to do in murree pakistan, murree tourist attractions, places to visit in murree, murree visiting places, murree beautiful places, murree place to visit"
https://himalayavillas.com/things-to-do-murree-pakistan,Things to Do in Murree Pakistan — The Complete 2026 Guide,"Top things to do in Murree and Bhurban 2026: (1) Patriata Chairlift, Bhurban — the 20-minute aerial cedar forest gondola (3km from Himalaya Villas); (2) Kashmir Point viewpoint — the northward Kashmir ranges view; (3) Mall Road bazaar walk — kashmiri chai, bhutta, dried fruit; (4) Ayubia National Park Pipeline Track — 8km forest walk (30km from Bhurban); (5) Murree snowfall experience (January) — the cedar estate in white; (6) Mushkpuri Top hike (35km) — the Galyat's 9,230ft summit; (7) Chinar Golf Club (0.5km from Himalaya Villas) — Pakistan's highest golf course; (8) Cedar estate dawn walk — exclusively for Himalaya Villas guests.",Things to Do in Murree Pakistan — The Complete 2026 Guide,"things to do in murree, things to do in murree pakistan, murree activities, murree experiences guide"
https://himalayavillas.com/things-to-do-near-islamabad,Things to Do Near Islamabad — The Best Mountain Escapes,"Best things to do near Islamabad with driving distance: (1) Patriata Chairlift, Bhurban (47km, 45 min) — the aerial cedar forest gondola; (2) Murree Mall Road (55km, 60 min) — Kashmir Point viewpoint, bazaar, kashmiri chai; (3) Ayubia Pipeline Track (85km, 1h 20min) — Pakistan's finest accessible forest walk; (4) Chinar Golf Club Bhurban (47km, 45 min) — Pakistan's highest-elevation golf course; (5) Mushkpuri Top (88km, 1h 30min to trailhead) — the Galyat's highest hiking peak; (6) Rawal Lake (15km, 20 min) — Islamabad's urban reservoir; (7) Margalla Hills (10km, 15 min) — the urban hiking ridge above Islamabad.",Things to Do Near Islamabad — The Best Mountain Escapes,"things to do islamabad, things to do near islamabad, places to visit near islamabad, tourist places near islamabad"
https://himalayavillas.com/uae-banking-community-ramadan-return-bhurban,Pakistan's UAE Banking Community — The Ramadan Return and the Bhurban Mountain,"Pakistan's banking and finance community in the UAE — private bankers, corporate finance professionals, treasury and risk managers working at Emirates NBD, FAB, HSBC UAE, Standard Chartered Dubai, and the growing Islamic finance sector — has a return-visit pattern shaped by the UAE calendar. The UAE-Pakistan financial professional's return visit faces a specific challenge: the professional expectations of UAE banking (always-on communication, the WhatsApp-responsive culture of Gulf banking) can follow the banker back to Islamabad as effectively as they do in Dubai. The geographic move does not create the mental break.",Pakistan's UAE Banking Community — The Ramadan Return and the Mountain,"uae banking pakistan, dubai bankers bhurban, ramadan return mountain, gulf finance professionals, emirates nbd bhurban"
https://himalayavillas.com/villa-for-10-guests-bhurban,Private Villa for 10 Guests in Bhurban Murree — Group Accommodation,"villa for 10 guests bhurban, group villa bhurban murree, 10 person villa murree, accommodation 10 people bhurban, private villa group stay bhurban",Private Villa for 10 Guests in Bhurban Murree — Group Accommodation,"villa for 10 guests bhurban, group villa bhurban murree, 10 person villa murree, accommodation 10 people bhurban, private villa group stay bhurban"
https://himalayavillas.com/villa-for-12-guests-bhurban,Private Villa for 12 Guests Bhurban Murree — Large Family Stay,"Himalaya Villas & Resorts accommodates 12 guests in two configurations: the Alpine Family Lodge at its upper capacity (3+ bedrooms, extended living area, rated for 8-12 guests, PKR 60,000-70,000/night) or a combination of the Alpine Family Lodge plus the Serene Valley Cabin.","Villa for 12 Guests in Bhurban, Murree - Book Now","Book a private villa for 12 guests in Bhurban—spacious rooms, mountain views, and full privacy, perfect for extended family or friend groups. Reserve today."
https://himalayavillas.com/villa-for-15-guests-bhurban,Private Estate for 15 Guests Bhurban Murree — Mid-Size Group Booking,"villa for 15 guests bhurban, 15 person accommodation murree, group of 15 bhurban villa, mid size group estate murree, accommodation 15 people bhurban",Private Estate for 15 Guests Bhurban Murree — Mid-Size Group Booking,"villa for 15 guests bhurban, 15 person accommodation murree, group of 15 bhurban villa, mid size group estate murree, accommodation 15 people bhurban"
https://himalayavillas.com/villa-for-2-guests-bhurban,Villa for 2 Guests Bhurban — The Solo Couple Stay,"For a couple or pair of guests in Bhurban, Himalaya Villas & Resorts recommends: the Serene Valley Cabin (PKR 39,000-45,000/night, ground floor, cedar forest view, private outdoor access — the most intimate and affordable), the Sunset Suite (PKR 50,000-55,000/night, west-facing sunset views), or the Presidential Suite (PKR 65,000-70,000/night, private terrace jacuzzi, 270° mountain view — the premium romantic option).",Villa for 2 Guests Bhurban — The Solo Couple Stay,"villa for 2 guests bhurban, couple villa bhurban, private villa 2 people bhurban murree, romantic villa 2 person bhurban"
https://himalayavillas.com/villa-for-20-guests-bhurban,Villa for 20 Guests at Bhurban — The Multi-Villa Configuration Guide,"2–3 villa configuration: Alpine Family Lodge + Garden Villa Retreat covers 12–20 guests. PKR 115,000–130,000/night.",Villa for 20 Guests at Bhurban — Multi-Villa Configuration Guide,"villa for 20 guests bhurban, 20 person villa bhurban murree, large group villa bhurban"
https://himalayavillas.com/villa-for-25-guests-bhurban,Private Villa for 25 Guests Bhurban — Multi-Villa Group Configuration,"For a group of 25 guests at Himalaya Villas & Resorts in Bhurban, the standard configuration is a 3-villa booking: Alpine Family Lodge (8-12 guests) + Garden Villa Retreat (6-8 guests) + a third villa such as the Himalayan Penthouse (4-6 guests). This covers 18-26 guests comfortably across three private villas within the same estate. The combined rate is approximately PKR 170,000-195,000 per night.",Private Villa for 25 Guests Bhurban — Multi-Villa Group Configuration,"villa for 25 guests bhurban, 25 person villa bhurban murree, bhurban accommodation 25 people, private villa 25 guests bhurban murree"
https://himalayavillas.com/villa-for-30-guests-bhurban,Private Estate for 30 Guests Bhurban Murree — Full Estate Buyout,"villa for 30 guests bhurban, full estate buyout murree, 30 person accommodation bhurban, large family reunion murree villa, estate buyout bhurban pakistan",Villa for 30 Guests in Bhurban - Book Your Event Stay,"Book a private villa for 30 guests in Bhurban—spacious lawns, multiple rooms, and full privacy, perfect for weddings or large group events. Reserve today."
https://himalayavillas.com/villa-for-4-guests-bhurban,Private Villa for 4 Guests Bhurban — Couples and Small Groups,"villa for 4 guests bhurban, 4 person villa murree, small group villa bhurban, couple villa bhurban murree, private villa 4 people bhurban",Private Villa for 4 Guests Bhurban — Couples and Small Groups,"villa for 4 guests bhurban, 4 person villa murree, small group villa bhurban, couple villa bhurban murree, private villa 4 people bhurban"
https://himalayavillas.com/villa-for-6-guests-bhurban,Private Villa for 6 Guests Bhurban Murree — Family & Friends Group,"villa for 6 guests bhurban, 6 person villa murree, accommodation 6 people bhurban murree, family villa 6 guests bhurban, group of 6 villa murree","Villa for 6 Guests in Bhurban, Murree - Book Your Stay","Book a private villa for 6 guests in Bhurban, Murree—spacious rooms, mountain views, and full privacy for families or groups. Reserve your stay today."
https://himalayavillas.com/villa-for-8-guests-bhurban,Private Villa for 8 Guests Bhurban Murree — Extended Family & Groups,"villa for 8 guests bhurban, 8 person villa murree, accommodation 8 people bhurban, family villa 8 guests murree, group villa 8 bhurban","Villa for 8 Guests in Bhurban, Murree - Book Your Stay","Book a private 8-guest villa in Bhurban Murree, with spacious rooms, scenic mountain views, and full privacy for larger families and groups. Reserve today."
https://himalayavillas.com/villa-near-islamabad-airport,Private Villa Near Islamabad Airport — Mountain Stay on Arrival or Departure,"Himalaya Villas & Resorts in Bhurban is the closest private villa estate to Islamabad International Airport (ISB) — approximately 60km, under 1 hour by car. The drive from ISB arrivals to the Bhurban property takes 55-65 minutes depending on traffic.",Villa Near Islamabad Airport - Book Your Stay Today,"Book a private luxury villa near Islamabad Airport in Bhurban — just a short scenic drive away, with mountain views and full privacy. Reserve your stay today."
https://himalayavillas.com/villa-near-murree-families,Villa Near Murree for Families — Better Than Mall Road,"The best private family villa near Murree is at Himalaya Villas & Resorts in Bhurban — 11km from Murree Mall Road (20 minutes). Villa options for families: Garden Villa Retreat (3 bedrooms, private enclosed garden — PKR 55,000-60,000/night, best for families with young children), Alpine Family Lodge (3+ bedrooms, largest indoor living area — PKR 60,000-70,000/night, best for larger families 8-12). WhatsApp: +92 304 567 9000.",Villa Near Murree for Families — Better Than Mall Road,"villa near murree for family, family villa near murree, private villa near murree pakistan, murree family villa, villa murree pakistan family"
https://himalayavillas.com/villa-with-bbq-bhurban,Villa with BBQ Facilities in Bhurban Murree — Outdoor Grill Experience,"Himalaya Villas & Resorts in Bhurban offers outdoor BBQ and grill arrangements as part of the in-villa dining service. The fire pit garden in the cedar grove is the primary outdoor cooking and dining space — grilled meats, seekh kebab, and bbq arrangements are prepared over the fire for groups.","Villa with BBQ Setup in Bhurban, Murree - Book Now",Looking for a villa with BBQ in Bhurban? Enjoy outdoor grilling with scenic mountain views and full privacy for family or friends. Check availability now.
https://himalayavillas.com/villa-with-fireplace-bhurban,Bhurban Villa with Fireplace — Cosy Mountain Winter Stay,"Himalaya Villas & Resorts in Bhurban features the cedar garden outdoor fire pit — a stone-edged outdoor hearth in the private cedar grove, lit for guests each evening. This is the 'fireplace' equivalent at the property: the outdoor fire that serves as the estate's central gathering point. All villas also have central heating for indoor warmth.",Bhurban Villa with Fireplace — Cosy Mountain Winter Stay,"villa with fireplace bhurban, bhurban villa fireplace, cosy mountain villa bhurban murree, winter villa fireplace near islamabad, private villa fireplace bhurban"
https://himalayavillas.com/villa-with-jacuzzi-bhurban,Villa with Jacuzzi at Bhurban — The Presidential Suite Guide,"The only private outdoor terrace jacuzzi in the Murree hills area. Presidential Suite: PKR 65,000-70,000/night.",Villa with Jacuzzi at Bhurban — The Presidential Suite Guide,"villa with jacuzzi bhurban, bhurban villa jacuzzi, presidential suite bhurban, jacuzzi bhurban murree, private jacuzzi bhurban"
https://himalayavillas.com/villa-with-mountain-view-bhurban,Villa with Mountain View Bhurban Murree — Panoramic Private Terraces,"villa with mountain view bhurban, mountain view villa murree, panoramic view villa bhurban, best view villa murree pakistan, villa scenic view bhurban","Villa with Mountain View in Bhurban, Murree - Book Now","Book a private villa with mountain views in Bhurban, Murree—scenic terraces, dense pine forest surroundings, and full privacy. Reserve your stay today."
https://himalayavillas.com/villas/alpine-family-lodge,Alpine Family Lodge,"A three-bedroom family lodge surrounded by cedar forests, mountain air, and open outdoor space.",Alpine Family Lodge — Himalaya Luxury Villas,"A three-bedroom family lodge surrounded by cedar forests, mountain air, and open outdoor space."
https://himalayavillas.com/villas/garden-villa-retreat,Garden Villa Retreat,"A spacious family-friendly villa with mountain views, a private garden, and room to breathe.",Garden Villa Retreat — Himalaya Luxury Villas,"A spacious family-friendly villa with mountain views, a private garden, and room to breathe."
https://himalayavillas.com/villas/himalayan-penthouse,Himalayan Penthouse,"A luxe penthouse stay with a broad balcony, skyline views, and refined mountain comfort.",Himalayan Penthouse — Himalaya Luxury Villas,"A luxe penthouse stay with a broad balcony, skyline views, and refined mountain comfort."
https://himalayavillas.com/villas/presidential-suite,Presidential Suite,"The flagship suite with a private terrace, jacuzzi, and elevated mountain views.",Presidential Suite — Himalaya Luxury Villas,"The flagship suite with a private terrace, jacuzzi, and elevated mountain views."
https://himalayavillas.com/villas/serene-valley-cabin,Serene Valley Cabin,"A serene cabin retreat with panoramic windows, a private terrace, and peaceful valley views.",Serene Valley Cabin — Himalaya Luxury Villas,"A serene cabin retreat with panoramic windows, a private terrace, and peaceful valley views."
https://himalayavillas.com/villas/sunset-suite,Sunset Suite,"A warm suite with sunset-facing windows, cozy interiors, and a calm mountain atmosphere.",Sunset Suite — Himalaya Luxury Villas,"A warm suite with sunset-facing windows, cozy interiors, and a calm mountain atmosphere."
https://himalayavillas.com/virtual-tour,The Himalaya Experience,"Where luxury meets nature, and every moment becomes a cherished memory",Virtual Tour - Himalaya Villas & Resorts Bhurban Murree,"Take a virtual tour of Himalaya Villas in Bhurban, Murree—explore luxury suites, mountain views & private terraces online before you book your stay."
https://himalayavillas.com/viva-pines-murree-guide,Viva Pines Murree — Guide and the Private Cedar Estate Alternative,"Viva Pines Murree is a villa/cottage accommodation option in the Murree hills area drawing 480 monthly searches. A self-contained villa or cottage property with pine forest character. Confirm current availability and rates on Booking.com or directly at the property. For the premium private cedar villa estate alternative in Bhurban (11km from Murree): Himalaya Villas & Resorts, the only exclusive-use cedar estate in the area.",Viva Pines Murree — Guide and the Private Cedar Estate Alternative,"viva pines murree, viva pines murree rates, viva pines murree bhurban"
https://himalayavillas.com/walima-bhurban-cedar-estate,Walima at Bhurban — The Cedar Estate Post-Wedding Guide,Walima at the cedar estate: intimate 20-80 guests in the private cedar garden. Fire pit as centrepiece. In-villa catering. WhatsApp for group planning.,Walima at Bhurban Cedar Estate — Planning the Post-Wedding Celebration,"walima bhurban, walima murree bhurban, cedar estate walima, bhurban walima venue"
https://himalayavillas.com/walima-venue-bhurban,Walima Venue in Bhurban Murree — Mountain Wedding Reception Guide,Himalaya Villas & Resorts in Bhurban offers outdoor and indoor event spaces for Walima functions. The cedar garden accommodates 60-100 guests for a seated outdoor Walima dinner; the dining pavilion handles 30-50 guests for a more intimate indoor Walima.,Walima Venue in Bhurban - Himalaya Villas & Resorts,"Host an elegant Walima reception in Bhurban, Murree. Private lawns, mountain views and full event support at Himalaya Villas & Resorts. Enquire today."
https://himalayavillas.com/wedding-venue-near-islamabad,Wedding Venue Near Islamabad A Mountain Setting Your Guests Will Never Forget,"Himalaya Villas, Bhurban — 60 minutes from Islamabad. Pakistan's most distinctive private wedding venue. Exclusive pine forest setting, in-villa accommodation, and complete privacy from arrival to the last guest's departure.",Wedding Venue Near Islamabad | Mountain Wedding | Bhurban | Himalaya Villas,"Wedding venue near Islamabad at Himalaya Villas Bhurban. Mountain wedding venue with pine forest setting, full catering, on-site accommodation. Perfect destination wedding 60 minutes from Islamabad. Book your dream wedding!"
https://himalayavillas.com/wedding-venues-bhurban-murree,Wedding Venues in Bhurban Murree — Private Mountain Celebrations,"wedding venues bhurban murree, outdoor wedding venue murree, destination wedding bhurban, wedding reception near islamabad mountains, mehndi venue bhurban, banquet hall bhurban",Wedding Venues in Bhurban Murree — Private Mountain Celebrations,"wedding venues bhurban murree, outdoor wedding venue murree, destination wedding bhurban, wedding reception near islamabad mountains, mehndi venue bhurban, banquet hall bhurban"
https://himalayavillas.com/weddings,Where Forever Begins,Sunset ceremonies under the open sky,Himalaya Premium Villas | Private Luxury Estate Bhurban,"Himalaya Premium Villas is not a hotel. It is a private luxury estate in Bhurban crafted for those who demand exclusivity, privacy, and elevated experiences in the Himalayan foothills. Ultra-private villas, limited bookings, destination weddings, corporate retreats, and curated stays."
https://himalayavillas.com/weddings/barat-celebrations,Baraat Celebrations,Host grand baraat celebrations in the hills. We manage premium baraat celebrations with stunning stage decor and VIP hospitality flows.,Barat Celebrations | Himalaya Villas & Resorts,Host grand barat celebrations in the hills. We manage premium barat celebrations with stunning stage decor and VIP hospitality flows.
https://himalayavillas.com/weddings/dholki-and-bridal-shower,Dholki and Bridal Shower,Celebrate intimate dholki and bridal shower events. Our dholki and bridal shower setups bring traditional charm and modern elegance.,Dholki and Bridal Shower | Himalaya Villas & Resorts,Celebrate intimate dholki and bridal shower events. Our dholki and bridal shower setups bring traditional charm and modern elegance.
https://himalayavillas.com/weddings/engagement-ceremonies,Engagement Ceremonies,Plan beautiful engagement ceremonies with stunning floral stages. Our engagement ceremonies offer memorable ring exchanges in a private mountain setting.,Engagement Ceremonies | Himalaya Villas & Resorts,Plan beautiful engagement ceremonies with stunning floral stages. Our engagement ceremonies offer memorable ring exchanges in a private mountain setting.
https://himalayavillas.com/weddings/mehndi-celebrations,Mehndi Celebrations,"Experience vibrant mehndi celebrations at Himalaya Villas. Our curated mehndi celebrations offer high-energy dhol, custom stages, and full family coordination.",Mehndi Celebrations | Himalaya Villas & Resorts,"Experience vibrant mehndi celebrations at Himalaya Villas. Our curated mehndi celebrations offer high-energy dhol, custom stages, and full family coordination."
https://himalayavillas.com/weddings/nikkah-and-wedding-celebrations-in-the-hills,Nikah & Wedding Celebrations in the Hills,"Har 3 second baad hero image change hoti hai, aur aapki provided images bhi is slider me use ki gayi hain for a premium visual experience.",Himalaya Premium Villas | Private Luxury Estate Bhurban,"Himalaya Premium Villas is not a hotel. It is a private luxury estate in Bhurban crafted for those who demand exclusivity, privacy, and elevated experiences in the Himalayan foothills. Ultra-private villas, limited bookings, destination weddings, corporate retreats, and curated stays."
https://himalayavillas.com/weddings/walima-and-wedding-dinner,Walima and Wedding Dinner,Experience a refined walima and wedding dinner in Bhurban. We provide luxury dining and protocol for a perfect walima and wedding dinner.,Walima and Wedding Dinner | Himalaya Villas & Resorts,Experience a refined walima and wedding dinner in Bhurban. We provide luxury dining and protocol for a perfect walima and wedding dinner.
https://himalayavillas.com/weekend-getaway-near-islamabad,Weekend Getaway Near Islamabad — The Best Options Compared,"The top weekend getaway options near Islamabad: Bhurban (47km, 45 min) — the premier mountain private estate at Himalaya Villas, cedar forest at 6,800 feet; Murree Mall Road (55km, 1 hour) — the classic hill station with chairlift and bazaar; Nathia Gali (75km, 1h15m) — quieter, higher, best for trekking; Tarbela Lake (80km, 1h20m) — reservoir and water activities; Margalla Hills (within Islamabad) — day hikes without leaving the city.",Weekend Getaway Near Islamabad — The Best Options Compared,"weekend getaway near islamabad, best weekend getaway islamabad, where to go for weekend near islamabad, islamabad weekend trip, short trip from islamabad"
https://himalayavillas.com/what-makes-bhurban-cedar-estate-different,What Makes Bhurban Cedar Estate Different — The Himalaya Villas Philosophy,"There are hundreds of places to stay in the Murree hills. There is one private cedar estate. 180-year trees, exclusive space, your timing.",What Makes Bhurban Cedar Estate Different — The Himalaya Villas Philosophy,"what makes himalaya villas different, bhurban cedar estate why choose, himalaya villas philosophy bhurban"
https://himalayavillas.com/why-private-villa-over-hotel-bhurban,Why Choose a Private Villa Over a Hotel in Bhurban — The Definitive Argument,Private Villa vs Hotel in Bhurban — The Definitive Case,Why Choose a Private Villa Over a Hotel in Bhurban — The Definitive Argument,"private villa vs hotel bhurban, bhurban private villa over hotel, villa better than hotel bhurban"
https://himalayavillas.com/winter-bonfire-bhurban,Winter Bonfire Experience in Bhurban — The Cedar Garden Fire Pit at Himalaya Villas,"Himalaya Villas & Resorts in Bhurban has an outdoor fire pit set in the cedar garden, available to guests for evening bonfires year-round. The fire pit is the property's signature outdoor gathering space — particularly compelling in autumn and winter (October-February) when temperatures of -2°C to 12°C in the evenings make the fire both functional and atmospheric.",Winter Bonfire Nights in Bhurban - Book Your Stay,Enjoy cozy winter bonfire nights in Bhurban under a starlit mountain sky. Book a private luxury villa and add this experience. Reserve your stay today.
https://himalayavillas.com/women-leadership-retreat-islamabad,Women Leadership Retreat Near Islamabad — Corporate Executive Escape in Bhurban,"Himalaya Villas & Resorts in Bhurban, 47km from Islamabad (45 minutes), offers private estate bookings for women's leadership retreats. The full estate buyout provides complete property exclusivity — no male-only or mixed-gender shared spaces, no public hotel environment. For women executives and leadership groups requiring privacy and a safe, controlled environment, the private estate model is specifically appropriate.",Women Leadership Retreat Near Islamabad — Corporate Executive Escape in Bhurban,"women leadership retreat near islamabad, female executive retreat bhurban, women corporate retreat islamabad mountains, leadership retreat women bhurban murree"
https://himalayavillas.com/women-solo-travellers-bhurban,Women Solo Travellers in Pakistan — Why Bhurban Is the Right Mountain Destination,"Women's solo travel in Pakistan has been expanding in the past decade — driven partly by documented experiences shared by Pakistani women travellers on Instagram and travel blogs, and partly by structural changes in Pakistani urban culture. The private villa model at Himalaya Villas eliminates the shared lobby, corridors, and public spaces that can create discomfort for solo women travellers in standard hotel environments. The villa is yours alone.",Women Solo Travellers in Pakistan — Why Bhurban Is the Right Mountain Destination,"women solo travel pakistan, solo female traveller bhurban, women's mountain getaway, safe solo travel pakistan, female solo bhurban"
https://himalayavillas.com/womens-professional-retreats-pakistan,Women's Professional Retreats in Pakistan — What the Right Environment Delivers,"The women's professional retreat in Pakistan is a category that exists in demand without adequate supply of appropriate venues. The demand is clear: Pakistan's growing cohort of women in senior professional roles — corporate, government, development sector, entrepreneurship — has well-developed appetite for the kind of reflective, connective, development-focused time that a retreat format provides.",Women's Professional Retreats in Pakistan — What the Right Environment Delivers,"women's professional retreat pakistan, women leaders bhurban, female professional getaway islamabad, women's retreat mountain pakistan, women in business retreat"
https://himalayavillas.com/womens-safety-mountain-travel-bhurban,Women's Safety in Mountain Travel — Why the Private Estate Model Matters,"Women's travel safety in Pakistan is a real consideration that deserves direct engagement rather than either dismissal or exaggeration. The specific concern is not the mountain itself — the Murree hills are among the most family-oriented, socially safe tourist areas in the country. The concern is the accommodation environment: the shared hotel lobby, the shared restaurant, the mixed public spaces where women travellers navigate the ambient male attention that Pakistani public spaces generate.",Women's Safety in Mountain Travel — Why the Private Estate Model Matters,"women's safety bhurban, solo women travel pakistan, women's mountain getaway, private estate safety, female travellers bhurban"
